"ListaTitulo";"ListaId";"ListaUrl";"CampoTitulo";"CampoInternalName";"Tipo";"Obrigatorio";"Oculto";"SomenteLeitura";"LookupLista";"LookupCampo"
"05 — Contas a Pagar";"69b7469b-9cb9-4509-87dd-bba00b8142fd";"/sites/Equipe.Obras/Lists/05  Contas a Pagar";"ID do Tipo de Conteúdo";"ContentTypeId";"ContentTypeId";"False";"True";"True";"";""
"05 — Contas a Pagar";"69b7469b-9cb9-4509-87dd-bba00b8142fd";"/sites/Equipe.Obras/Lists/05  Contas a Pagar";"Título";"Title";"Text";"False";"False";"False";"";""
"05 — Contas a Pagar";"69b7469b-9cb9-4509-87dd-bba00b8142fd";"/sites/Equipe.Obras/Lists/05  Contas a Pagar";"Comentários do Aprovador";"_ModerationComments";"Note";"False";"True";"True";"";""
"05 — Contas a Pagar";"69b7469b-9cb9-4509-87dd-bba00b8142fd";"/sites/Equipe.Obras/Lists/05  Contas a Pagar";"Nº Conta a Pagar";"LinkTitle";"Computed";"False";"False";"True";"";""
"05 — Contas a Pagar";"69b7469b-9cb9-4509-87dd-bba00b8142fd";"/sites/Equipe.Obras/Lists/05  Contas a Pagar";"Tipo de Arquivo";"File_x0020_Type";"Text";"False";"True";"True";"";""
"05 — Contas a Pagar";"69b7469b-9cb9-4509-87dd-bba00b8142fd";"/sites/Equipe.Obras/Lists/05  Contas a Pagar";"Cor";"_ColorHex";"Text";"False";"True";"True";"";""
"05 — Contas a Pagar";"69b7469b-9cb9-4509-87dd-bba00b8142fd";"/sites/Equipe.Obras/Lists/05  Contas a Pagar";"Pressione Delete para excluir o ícone.";"_ColorTag";"Text";"False";"False";"True";"";""
"05 — Contas a Pagar";"69b7469b-9cb9-4509-87dd-bba00b8142fd";"/sites/Equipe.Obras/Lists/05  Contas a Pagar";"Emoji";"_Emoji";"Text";"False";"True";"True";"";""
"05 — Contas a Pagar";"69b7469b-9cb9-4509-87dd-bba00b8142fd";"/sites/Equipe.Obras/Lists/05  Contas a Pagar";"ID de Ativo de Conformidade";"ComplianceAssetId";"Text";"False";"False";"True";"";""
"05 — Contas a Pagar";"69b7469b-9cb9-4509-87dd-bba00b8142fd";"/sites/Equipe.Obras/Lists/05  Contas a Pagar";"Nº Controle NF";"N_x00ba_ControleNF";"Text";"False";"False";"False";"";""
"05 — Contas a Pagar";"69b7469b-9cb9-4509-87dd-bba00b8142fd";"/sites/Equipe.Obras/Lists/05  Contas a Pagar";"Nº da Nota Fiscal";"N_x00ba_daNotaFiscal";"Text";"False";"False";"False";"";""
"05 — Contas a Pagar";"69b7469b-9cb9-4509-87dd-bba00b8142fd";"/sites/Equipe.Obras/Lists/05  Contas a Pagar";"Nº do Pedido";"N_x00ba_doPedido";"Text";"False";"False";"False";"";""
"05 — Contas a Pagar";"69b7469b-9cb9-4509-87dd-bba00b8142fd";"/sites/Equipe.Obras/Lists/05  Contas a Pagar";"Obra";"Obra";"Lookup";"True";"False";"False";"a9afadc1-f843-45c0-a628-4f49a8716832";"NomedaObra"
"05 — Contas a Pagar";"69b7469b-9cb9-4509-87dd-bba00b8142fd";"/sites/Equipe.Obras/Lists/05  Contas a Pagar";"Código da Obra";"C_x00f3_digodaObra";"Lookup";"False";"False";"False";"a9afadc1-f843-45c0-a628-4f49a8716832";"Title"
"05 — Contas a Pagar";"69b7469b-9cb9-4509-87dd-bba00b8142fd";"/sites/Equipe.Obras/Lists/05  Contas a Pagar";"Centro de Custo";"CentrodeCusto";"Text";"False";"False";"False";"";""
"05 — Contas a Pagar";"69b7469b-9cb9-4509-87dd-bba00b8142fd";"/sites/Equipe.Obras/Lists/05  Contas a Pagar";"Fornecedor";"Fornecedor";"Text";"False";"False";"False";"";""
"05 — Contas a Pagar";"69b7469b-9cb9-4509-87dd-bba00b8142fd";"/sites/Equipe.Obras/Lists/05  Contas a Pagar";"CNPJ Fornecedor";"CNPJFornecedor";"Text";"False";"False";"False";"";""
"05 — Contas a Pagar";"69b7469b-9cb9-4509-87dd-bba00b8142fd";"/sites/Equipe.Obras/Lists/05  Contas a Pagar";"Valor a Pagar";"ValoraPagar";"Currency";"False";"False";"False";"";""
"05 — Contas a Pagar";"69b7469b-9cb9-4509-87dd-bba00b8142fd";"/sites/Equipe.Obras/Lists/05  Contas a Pagar";"Data de Vencimento";"DatadeVencimento";"DateTime";"False";"False";"False";"";""
"05 — Contas a Pagar";"69b7469b-9cb9-4509-87dd-bba00b8142fd";"/sites/Equipe.Obras/Lists/05  Contas a Pagar";"Data Programada de Pagamento";"DataProgramadadePagamento";"DateTime";"False";"False";"False";"";""
"05 — Contas a Pagar";"69b7469b-9cb9-4509-87dd-bba00b8142fd";"/sites/Equipe.Obras/Lists/05  Contas a Pagar";"Data do Pagamento";"DatadoPagamento";"DateTime";"False";"False";"False";"";""
"05 — Contas a Pagar";"69b7469b-9cb9-4509-87dd-bba00b8142fd";"/sites/Equipe.Obras/Lists/05  Contas a Pagar";"Forma de Pagamento";"FormadePagamento";"Choice";"False";"False";"False";"";""
"05 — Contas a Pagar";"69b7469b-9cb9-4509-87dd-bba00b8142fd";"/sites/Equipe.Obras/Lists/05  Contas a Pagar";"Status do Pagamento";"StatusdoPagamento";"Choice";"False";"False";"False";"";""
"05 — Contas a Pagar";"69b7469b-9cb9-4509-87dd-bba00b8142fd";"/sites/Equipe.Obras/Lists/05  Contas a Pagar";"Responsável Financeiro";"Respons_x00e1_velFinanceiro";"User";"False";"False";"False";"{ebc81507-41be-46f3-9eac-dafe1234a71d}";""
"05 — Contas a Pagar";"69b7469b-9cb9-4509-87dd-bba00b8142fd";"/sites/Equipe.Obras/Lists/05  Contas a Pagar";"Aprovador";"Aprovador";"User";"False";"False";"False";"{ebc81507-41be-46f3-9eac-dafe1234a71d}";""
"05 — Contas a Pagar";"69b7469b-9cb9-4509-87dd-bba00b8142fd";"/sites/Equipe.Obras/Lists/05  Contas a Pagar";"Link da NF";"LinkdaNF";"URL";"False";"False";"False";"";""
"05 — Contas a Pagar";"69b7469b-9cb9-4509-87dd-bba00b8142fd";"/sites/Equipe.Obras/Lists/05  Contas a Pagar";"Link do Comprovante";"LinkdoComprovante";"URL";"False";"False";"False";"";""
"05 — Contas a Pagar";"69b7469b-9cb9-4509-87dd-bba00b8142fd";"/sites/Equipe.Obras/Lists/05  Contas a Pagar";"Enviado para Contabilidade?";"EnviadoparaContabilidade_x003f_";"Choice";"False";"False";"False";"";""
"05 — Contas a Pagar";"69b7469b-9cb9-4509-87dd-bba00b8142fd";"/sites/Equipe.Obras/Lists/05  Contas a Pagar";"Observações";"Observa_x00e7__x00f5_es";"Note";"False";"False";"False";"";""
"05 — Contas a Pagar";"69b7469b-9cb9-4509-87dd-bba00b8142fd";"/sites/Equipe.Obras/Lists/05  Contas a Pagar";"Obra: Título";"Obra_x003a__x0020_T_x00ed_tulo";"Lookup";"True";"False";"True";"a9afadc1-f843-45c0-a628-4f49a8716832";"Title"
"05 — Contas a Pagar";"69b7469b-9cb9-4509-87dd-bba00b8142fd";"/sites/Equipe.Obras/Lists/05  Contas a Pagar";"ID";"ID";"Counter";"False";"False";"True";"";""
"05 — Contas a Pagar";"69b7469b-9cb9-4509-87dd-bba00b8142fd";"/sites/Equipe.Obras/Lists/05  Contas a Pagar";"Tipo de Conteúdo";"ContentType";"Computed";"False";"False";"False";"";""
"05 — Contas a Pagar";"69b7469b-9cb9-4509-87dd-bba00b8142fd";"/sites/Equipe.Obras/Lists/05  Contas a Pagar";"Modificado";"Modified";"DateTime";"False";"False";"True";"";""
"05 — Contas a Pagar";"69b7469b-9cb9-4509-87dd-bba00b8142fd";"/sites/Equipe.Obras/Lists/05  Contas a Pagar";"Criado";"Created";"DateTime";"False";"False";"True";"";""
"05 — Contas a Pagar";"69b7469b-9cb9-4509-87dd-bba00b8142fd";"/sites/Equipe.Obras/Lists/05  Contas a Pagar";"Criado por";"Author";"User";"False";"False";"True";"{ebc81507-41be-46f3-9eac-dafe1234a71d}";""
"05 — Contas a Pagar";"69b7469b-9cb9-4509-87dd-bba00b8142fd";"/sites/Equipe.Obras/Lists/05  Contas a Pagar";"Modificado por";"Editor";"User";"False";"False";"True";"{ebc81507-41be-46f3-9eac-dafe1234a71d}";""
"05 — Contas a Pagar";"69b7469b-9cb9-4509-87dd-bba00b8142fd";"/sites/Equipe.Obras/Lists/05  Contas a Pagar";"Tem Destinos de Cópia";"_HasCopyDestinations";"Boolean";"False";"True";"True";"";""
"05 — Contas a Pagar";"69b7469b-9cb9-4509-87dd-bba00b8142fd";"/sites/Equipe.Obras/Lists/05  Contas a Pagar";"Origem da Cópia";"_CopySource";"Text";"False";"True";"True";"";""
"05 — Contas a Pagar";"69b7469b-9cb9-4509-87dd-bba00b8142fd";"/sites/Equipe.Obras/Lists/05  Contas a Pagar";"owshiddenversion";"owshiddenversion";"Integer";"False";"True";"True";"";""
"05 — Contas a Pagar";"69b7469b-9cb9-4509-87dd-bba00b8142fd";"/sites/Equipe.Obras/Lists/05  Contas a Pagar";"Versão do Fluxo de Trabalho";"WorkflowVersion";"Integer";"False";"True";"True";"";""
"05 — Contas a Pagar";"69b7469b-9cb9-4509-87dd-bba00b8142fd";"/sites/Equipe.Obras/Lists/05  Contas a Pagar";"Versão da UI";"_UIVersion";"Integer";"False";"True";"True";"";""
"05 — Contas a Pagar";"69b7469b-9cb9-4509-87dd-bba00b8142fd";"/sites/Equipe.Obras/Lists/05  Contas a Pagar";"Versão";"_UIVersionString";"Text";"False";"False";"True";"";""
"05 — Contas a Pagar";"69b7469b-9cb9-4509-87dd-bba00b8142fd";"/sites/Equipe.Obras/Lists/05  Contas a Pagar";"Anexos";"Attachments";"Attachments";"False";"False";"False";"";""
"05 — Contas a Pagar";"69b7469b-9cb9-4509-87dd-bba00b8142fd";"/sites/Equipe.Obras/Lists/05  Contas a Pagar";"Status de Aprovação";"_ModerationStatus";"ModStat";"False";"True";"True";"";""
"05 — Contas a Pagar";"69b7469b-9cb9-4509-87dd-bba00b8142fd";"/sites/Equipe.Obras/Lists/05  Contas a Pagar";"Editar";"Edit";"Computed";"False";"False";"True";"";""
"05 — Contas a Pagar";"69b7469b-9cb9-4509-87dd-bba00b8142fd";"/sites/Equipe.Obras/Lists/05  Contas a Pagar";"Título";"LinkTitleNoMenu";"Computed";"False";"False";"True";"";""
"05 — Contas a Pagar";"69b7469b-9cb9-4509-87dd-bba00b8142fd";"/sites/Equipe.Obras/Lists/05  Contas a Pagar";"Título";"LinkTitle2";"Computed";"False";"True";"True";"";""
"05 — Contas a Pagar";"69b7469b-9cb9-4509-87dd-bba00b8142fd";"/sites/Equipe.Obras/Lists/05  Contas a Pagar";"Selecionar";"SelectTitle";"Computed";"False";"True";"True";"";""
"05 — Contas a Pagar";"69b7469b-9cb9-4509-87dd-bba00b8142fd";"/sites/Equipe.Obras/Lists/05  Contas a Pagar";"ID da Instância";"InstanceID";"Integer";"False";"True";"True";"";""
"05 — Contas a Pagar";"69b7469b-9cb9-4509-87dd-bba00b8142fd";"/sites/Equipe.Obras/Lists/05  Contas a Pagar";"Ordem";"Order";"Number";"False";"True";"False";"";""
"05 — Contas a Pagar";"69b7469b-9cb9-4509-87dd-bba00b8142fd";"/sites/Equipe.Obras/Lists/05  Contas a Pagar";"GUID";"GUID";"Guid";"False";"True";"True";"";""
"05 — Contas a Pagar";"69b7469b-9cb9-4509-87dd-bba00b8142fd";"/sites/Equipe.Obras/Lists/05  Contas a Pagar";"ID da Instância do Fluxo de Trabalho";"WorkflowInstanceID";"Guid";"False";"True";"True";"";""
"05 — Contas a Pagar";"69b7469b-9cb9-4509-87dd-bba00b8142fd";"/sites/Equipe.Obras/Lists/05  Contas a Pagar";"Caminho da URL";"FileRef";"Lookup";"False";"True";"True";"";"FullUrl"
"05 — Contas a Pagar";"69b7469b-9cb9-4509-87dd-bba00b8142fd";"/sites/Equipe.Obras/Lists/05  Contas a Pagar";"Caminho";"FileDirRef";"Lookup";"False";"True";"True";"";"DirName"
"05 — Contas a Pagar";"69b7469b-9cb9-4509-87dd-bba00b8142fd";"/sites/Equipe.Obras/Lists/05  Contas a Pagar";"Modificado";"Last_x0020_Modified";"Lookup";"False";"True";"True";"";"TimeLastModified"
"05 — Contas a Pagar";"69b7469b-9cb9-4509-87dd-bba00b8142fd";"/sites/Equipe.Obras/Lists/05  Contas a Pagar";"Criado";"Created_x0020_Date";"Lookup";"False";"True";"True";"";"TimeCreated"
"05 — Contas a Pagar";"69b7469b-9cb9-4509-87dd-bba00b8142fd";"/sites/Equipe.Obras/Lists/05  Contas a Pagar";"Tipo de Item";"FSObjType";"Lookup";"False";"True";"True";"";"FSType"
"05 — Contas a Pagar";"69b7469b-9cb9-4509-87dd-bba00b8142fd";"/sites/Equipe.Obras/Lists/05  Contas a Pagar";"Tipo de Classificação";"SortBehavior";"Lookup";"False";"True";"True";"";"SortBehavior"
"05 — Contas a Pagar";"69b7469b-9cb9-4509-87dd-bba00b8142fd";"/sites/Equipe.Obras/Lists/05  Contas a Pagar";"Máscara de Permissões Efetivas";"PermMask";"Computed";"False";"True";"True";"";""
"05 — Contas a Pagar";"69b7469b-9cb9-4509-87dd-bba00b8142fd";"/sites/Equipe.Obras/Lists/05  Contas a Pagar";"Contagem de principais";"PrincipalCount";"Computed";"False";"True";"True";"";""
"05 — Contas a Pagar";"69b7469b-9cb9-4509-87dd-bba00b8142fd";"/sites/Equipe.Obras/Lists/05  Contas a Pagar";"Nome";"FileLeafRef";"File";"False";"True";"False";"";""
"05 — Contas a Pagar";"69b7469b-9cb9-4509-87dd-bba00b8142fd";"/sites/Equipe.Obras/Lists/05  Contas a Pagar";"Id Exclusiva";"UniqueId";"Lookup";"False";"True";"True";"";"UniqueId"
"05 — Contas a Pagar";"69b7469b-9cb9-4509-87dd-bba00b8142fd";"/sites/Equipe.Obras/Lists/05  Contas a Pagar";"Identificador Pai do Documento";"ParentUniqueId";"Lookup";"False";"True";"True";"";"ParentUniqueId"
"05 — Contas a Pagar";"69b7469b-9cb9-4509-87dd-bba00b8142fd";"/sites/Equipe.Obras/Lists/05  Contas a Pagar";"ID de Cliente";"SyncClientId";"Lookup";"False";"True";"True";"";"SyncClientId"
"05 — Contas a Pagar";"69b7469b-9cb9-4509-87dd-bba00b8142fd";"/sites/Equipe.Obras/Lists/05  Contas a Pagar";"ProgId";"ProgId";"Lookup";"False";"True";"True";"";"ProgId"
"05 — Contas a Pagar";"69b7469b-9cb9-4509-87dd-bba00b8142fd";"/sites/Equipe.Obras/Lists/05  Contas a Pagar";"ScopeId";"ScopeId";"Lookup";"False";"True";"True";"";"ScopeId"
"05 — Contas a Pagar";"69b7469b-9cb9-4509-87dd-bba00b8142fd";"/sites/Equipe.Obras/Lists/05  Contas a Pagar";"Tipo de Arquivo HTML";"HTML_x0020_File_x0020_Type";"Computed";"False";"True";"True";"";""
"05 — Contas a Pagar";"69b7469b-9cb9-4509-87dd-bba00b8142fd";"/sites/Equipe.Obras/Lists/05  Contas a Pagar";"Início da Tabela do Menu de Edição";"_EditMenuTableStart";"Computed";"False";"True";"True";"";""
"05 — Contas a Pagar";"69b7469b-9cb9-4509-87dd-bba00b8142fd";"/sites/Equipe.Obras/Lists/05  Contas a Pagar";"Início da Tabela do Menu de Edição";"_EditMenuTableStart2";"Computed";"False";"True";"True";"";""
"05 — Contas a Pagar";"69b7469b-9cb9-4509-87dd-bba00b8142fd";"/sites/Equipe.Obras/Lists/05  Contas a Pagar";"Fim da Tabela do Menu de Edição";"_EditMenuTableEnd";"Computed";"False";"True";"True";"";""
"05 — Contas a Pagar";"69b7469b-9cb9-4509-87dd-bba00b8142fd";"/sites/Equipe.Obras/Lists/05  Contas a Pagar";"Nome";"LinkFilenameNoMenu";"Computed";"False";"True";"True";"";""
"05 — Contas a Pagar";"69b7469b-9cb9-4509-87dd-bba00b8142fd";"/sites/Equipe.Obras/Lists/05  Contas a Pagar";"Nome";"LinkFilename";"Computed";"False";"True";"True";"";""
"05 — Contas a Pagar";"69b7469b-9cb9-4509-87dd-bba00b8142fd";"/sites/Equipe.Obras/Lists/05  Contas a Pagar";"Nome";"LinkFilename2";"Computed";"False";"True";"True";"";""
"05 — Contas a Pagar";"69b7469b-9cb9-4509-87dd-bba00b8142fd";"/sites/Equipe.Obras/Lists/05  Contas a Pagar";"Tipo";"DocIcon";"Computed";"False";"False";"True";"";""
"05 — Contas a Pagar";"69b7469b-9cb9-4509-87dd-bba00b8142fd";"/sites/Equipe.Obras/Lists/05  Contas a Pagar";"URL Relativa do Servidor";"ServerUrl";"Computed";"False";"True";"True";"";""
"05 — Contas a Pagar";"69b7469b-9cb9-4509-87dd-bba00b8142fd";"/sites/Equipe.Obras/Lists/05  Contas a Pagar";"URL Absoluta Codificada";"EncodedAbsUrl";"Computed";"False";"True";"True";"";""
"05 — Contas a Pagar";"69b7469b-9cb9-4509-87dd-bba00b8142fd";"/sites/Equipe.Obras/Lists/05  Contas a Pagar";"Nome do Arquivo";"BaseName";"Computed";"False";"True";"True";"";""
"05 — Contas a Pagar";"69b7469b-9cb9-4509-87dd-bba00b8142fd";"/sites/Equipe.Obras/Lists/05  Contas a Pagar";"Conjunto de Propriedades";"MetaInfo";"Lookup";"False";"True";"False";"";"MetaInfo"
"05 — Contas a Pagar";"69b7469b-9cb9-4509-87dd-bba00b8142fd";"/sites/Equipe.Obras/Lists/05  Contas a Pagar";"Nível";"_Level";"Integer";"False";"True";"True";"";""
"05 — Contas a Pagar";"69b7469b-9cb9-4509-87dd-bba00b8142fd";"/sites/Equipe.Obras/Lists/05  Contas a Pagar";"É a Versão Atual";"_IsCurrentVersion";"Boolean";"False";"True";"True";"";""
"05 — Contas a Pagar";"69b7469b-9cb9-4509-87dd-bba00b8142fd";"/sites/Equipe.Obras/Lists/05  Contas a Pagar";"Contagem de Itens Filhos";"ItemChildCount";"Lookup";"False";"False";"True";"";"ItemChildCount"
"05 — Contas a Pagar";"69b7469b-9cb9-4509-87dd-bba00b8142fd";"/sites/Equipe.Obras/Lists/05  Contas a Pagar";"Contagem de Elementos Filho da Pasta";"FolderChildCount";"Lookup";"False";"False";"True";"";"FolderChildCount"
"05 — Contas a Pagar";"69b7469b-9cb9-4509-87dd-bba00b8142fd";"/sites/Equipe.Obras/Lists/05  Contas a Pagar";"Restrito";"Restricted";"Lookup";"False";"True";"True";"";"Restricted"
"05 — Contas a Pagar";"69b7469b-9cb9-4509-87dd-bba00b8142fd";"/sites/Equipe.Obras/Lists/05  Contas a Pagar";"ID do Originador";"OriginatorId";"Lookup";"False";"True";"True";"";"OriginatorId"
"05 — Contas a Pagar";"69b7469b-9cb9-4509-87dd-bba00b8142fd";"/sites/Equipe.Obras/Lists/05  Contas a Pagar";"NãoExecutar";"NoExecute";"Lookup";"False";"True";"True";"";"DocFlags"
"05 — Contas a Pagar";"69b7469b-9cb9-4509-87dd-bba00b8142fd";"/sites/Equipe.Obras/Lists/05  Contas a Pagar";"Versão do Conteúdo";"ContentVersion";"Lookup";"False";"True";"True";"";"ContentVersion"
"05 — Contas a Pagar";"69b7469b-9cb9-4509-87dd-bba00b8142fd";"/sites/Equipe.Obras/Lists/05  Contas a Pagar";"Configuração do rótulo";"_ComplianceFlags";"Lookup";"False";"False";"True";"";"ComplianceFlags"
"05 — Contas a Pagar";"69b7469b-9cb9-4509-87dd-bba00b8142fd";"/sites/Equipe.Obras/Lists/05  Contas a Pagar";"Rótulo de retenção";"_ComplianceTag";"Lookup";"False";"False";"True";"";"ComplianceTag"
"05 — Contas a Pagar";"69b7469b-9cb9-4509-87dd-bba00b8142fd";"/sites/Equipe.Obras/Lists/05  Contas a Pagar";"Rótulo de retenção Aplicado";"_ComplianceTagWrittenTime";"Lookup";"False";"False";"True";"";"ComplianceTagWrittenTime"
"05 — Contas a Pagar";"69b7469b-9cb9-4509-87dd-bba00b8142fd";"/sites/Equipe.Obras/Lists/05  Contas a Pagar";"Rótulo aplicado por";"_ComplianceTagUserId";"Lookup";"False";"False";"True";"";"ComplianceTagUserId"
"05 — Contas a Pagar";"69b7469b-9cb9-4509-87dd-bba00b8142fd";"/sites/Equipe.Obras/Lists/05  Contas a Pagar";"O item é um Registro";"_IsRecord";"Computed";"False";"False";"True";"";""
"05 — Contas a Pagar";"69b7469b-9cb9-4509-87dd-bba00b8142fd";"/sites/Equipe.Obras/Lists/05  Contas a Pagar";"Política de Acesso";"AccessPolicy";"Lookup";"False";"True";"True";"";"AccessPolicy"
"05 — Contas a Pagar";"69b7469b-9cb9-4509-87dd-bba00b8142fd";"/sites/Equipe.Obras/Lists/05  Contas a Pagar";"VirusStatus";"_VirusStatus";"Lookup";"False";"True";"True";"";"VirusStatus"
"05 — Contas a Pagar";"69b7469b-9cb9-4509-87dd-bba00b8142fd";"/sites/Equipe.Obras/Lists/05  Contas a Pagar";"VirusVendorID";"_VirusVendorID";"Lookup";"False";"True";"True";"";"VirusVendorID"
"05 — Contas a Pagar";"69b7469b-9cb9-4509-87dd-bba00b8142fd";"/sites/Equipe.Obras/Lists/05  Contas a Pagar";"VirusInfo";"_VirusInfo";"Lookup";"False";"True";"True";"";"VirusInfo"
"05 — Contas a Pagar";"69b7469b-9cb9-4509-87dd-bba00b8142fd";"/sites/Equipe.Obras/Lists/05  Contas a Pagar";"RansomwareAnomalyMetaInfo";"_RansomwareAnomalyMetaInfo";"Lookup";"False";"True";"True";"";"RansomwareAnomalyMetaInfo"
"05 — Contas a Pagar";"69b7469b-9cb9-4509-87dd-bba00b8142fd";"/sites/Equipe.Obras/Lists/05  Contas a Pagar";"ID do Proprietário do Rascunho";"_DraftOwnerId";"Lookup";"False";"True";"True";"";"DraftOwnerId"
"05 — Contas a Pagar";"69b7469b-9cb9-4509-87dd-bba00b8142fd";"/sites/Equipe.Obras/Lists/05  Contas a Pagar";"Configurações do Link principal";"MainLinkSettings";"Computed";"False";"True";"True";"";""
"05 — Contas a Pagar";"69b7469b-9cb9-4509-87dd-bba00b8142fd";"/sites/Equipe.Obras/Lists/05  Contas a Pagar";"Aplicativo Criado por";"AppAuthor";"Lookup";"False";"False";"True";"AppPrincipals";"Title"
"05 — Contas a Pagar";"69b7469b-9cb9-4509-87dd-bba00b8142fd";"/sites/Equipe.Obras/Lists/05  Contas a Pagar";"Aplicativo Modificado por";"AppEditor";"Lookup";"False";"False";"True";"AppPrincipals";"Title"
"05 — Contas a Pagar";"69b7469b-9cb9-4509-87dd-bba00b8142fd";"/sites/Equipe.Obras/Lists/05  Contas a Pagar";"Tamanho Total";"SMTotalSize";"Lookup";"False";"True";"True";"";"SMTotalSize"
"05 — Contas a Pagar";"69b7469b-9cb9-4509-87dd-bba00b8142fd";"/sites/Equipe.Obras/Lists/05  Contas a Pagar";"Data da Última Modificação";"SMLastModifiedDate";"Lookup";"False";"True";"True";"";"SMLastModifiedDate"
"05 — Contas a Pagar";"69b7469b-9cb9-4509-87dd-bba00b8142fd";"/sites/Equipe.Obras/Lists/05  Contas a Pagar";"Tamanho Total do Fluxo de Arquivos";"SMTotalFileStreamSize";"Lookup";"False";"True";"True";"";"SMTotalFileStreamSize"
"05 — Contas a Pagar";"69b7469b-9cb9-4509-87dd-bba00b8142fd";"/sites/Equipe.Obras/Lists/05  Contas a Pagar";"Contagem Total de Arquivos";"SMTotalFileCount";"Lookup";"False";"True";"True";"";"SMTotalFileCount"
"05 — Contas a Pagar";"69b7469b-9cb9-4509-87dd-bba00b8142fd";"/sites/Equipe.Obras/Lists/05  Contas a Pagar";"Configurações de comentários";"_CommentFlags";"Lookup";"False";"True";"True";"";"CommentFlags"
"05 — Contas a Pagar";"69b7469b-9cb9-4509-87dd-bba00b8142fd";"/sites/Equipe.Obras/Lists/05  Contas a Pagar";"Contagem de comentário";"_CommentCount";"Lookup";"False";"True";"True";"";"CommentCount"
"Ativos do Site";"262c7c08-c899-4a71-b6ec-a875203d3112";"/sites/Equipe.Obras/SiteAssets";"ID do Tipo de Conteúdo";"ContentTypeId";"ContentTypeId";"False";"True";"True";"";""
"Ativos do Site";"262c7c08-c899-4a71-b6ec-a875203d3112";"/sites/Equipe.Obras/SiteAssets";"Comentários do Aprovador";"_ModerationComments";"Note";"False";"True";"True";"";""
"Ativos do Site";"262c7c08-c899-4a71-b6ec-a875203d3112";"/sites/Equipe.Obras/SiteAssets";"Nome";"FileLeafRef";"File";"True";"False";"False";"";""
"Ativos do Site";"262c7c08-c899-4a71-b6ec-a875203d3112";"/sites/Equipe.Obras/SiteAssets";"Documento Modificado por";"Modified_x0020_By";"Text";"False";"True";"True";"";""
"Ativos do Site";"262c7c08-c899-4a71-b6ec-a875203d3112";"/sites/Equipe.Obras/SiteAssets";"Documento Criado por";"Created_x0020_By";"Text";"False";"True";"True";"";""
"Ativos do Site";"262c7c08-c899-4a71-b6ec-a875203d3112";"/sites/Equipe.Obras/SiteAssets";"Tipo de Arquivo";"File_x0020_Type";"Text";"False";"True";"True";"";""
"Ativos do Site";"262c7c08-c899-4a71-b6ec-a875203d3112";"/sites/Equipe.Obras/SiteAssets";"Tipo de Arquivo HTML";"HTML_x0020_File_x0020_Type";"Text";"False";"True";"True";"";""
"Ativos do Site";"262c7c08-c899-4a71-b6ec-a875203d3112";"/sites/Equipe.Obras/SiteAssets";"URL da Fonte";"_SourceUrl";"Text";"False";"True";"False";"";""
"Ativos do Site";"262c7c08-c899-4a71-b6ec-a875203d3112";"/sites/Equipe.Obras/SiteAssets";"Índice do Arquivo Compartilhado";"_SharedFileIndex";"Text";"False";"True";"False";"";""
"Ativos do Site";"262c7c08-c899-4a71-b6ec-a875203d3112";"/sites/Equipe.Obras/SiteAssets";"Cor";"_ColorHex";"Text";"False";"True";"True";"";""
"Ativos do Site";"262c7c08-c899-4a71-b6ec-a875203d3112";"/sites/Equipe.Obras/SiteAssets";"Pressione Delete para excluir o ícone.";"_ColorTag";"Text";"False";"False";"True";"";""
"Ativos do Site";"262c7c08-c899-4a71-b6ec-a875203d3112";"/sites/Equipe.Obras/SiteAssets";"Emoji";"_Emoji";"Text";"False";"True";"True";"";""
"Ativos do Site";"262c7c08-c899-4a71-b6ec-a875203d3112";"/sites/Equipe.Obras/SiteAssets";"Metadados Gerados pela Mídia";"MediaGeneratedMetadata";"Note";"False";"True";"True";"";""
"Ativos do Site";"262c7c08-c899-4a71-b6ec-a875203d3112";"/sites/Equipe.Obras/SiteAssets";"Metadados do Usuário de Mídia";"MediaUserMetadata";"Note";"False";"True";"True";"";""
"Ativos do Site";"262c7c08-c899-4a71-b6ec-a875203d3112";"/sites/Equipe.Obras/SiteAssets";"Metadados do arquivo de mídia";"ExtractedMetadataComputed";"Computed";"False";"True";"True";"";""
"Ativos do Site";"262c7c08-c899-4a71-b6ec-a875203d3112";"/sites/Equipe.Obras/SiteAssets";"Selecionar";"SelectFilename";"Computed";"False";"True";"True";"";""
"Ativos do Site";"262c7c08-c899-4a71-b6ec-a875203d3112";"/sites/Equipe.Obras/SiteAssets";"ID de Ativo de Conformidade";"ComplianceAssetId";"Text";"False";"False";"True";"";""
"Ativos do Site";"262c7c08-c899-4a71-b6ec-a875203d3112";"/sites/Equipe.Obras/SiteAssets";"Título";"Title";"Text";"False";"False";"False";"";""
"Ativos do Site";"262c7c08-c899-4a71-b6ec-a875203d3112";"/sites/Equipe.Obras/SiteAssets";"Link do Modelo";"TemplateUrl";"Text";"False";"True";"False";"";""
"Ativos do Site";"262c7c08-c899-4a71-b6ec-a875203d3112";"/sites/Equipe.Obras/SiteAssets";"Link de Arquivo HTML";"xd_ProgID";"Text";"False";"True";"False";"";""
"Ativos do Site";"262c7c08-c899-4a71-b6ec-a875203d3112";"/sites/Equipe.Obras/SiteAssets";"Está Assinado";"xd_Signature";"Boolean";"False";"True";"True";"";""
"Ativos do Site";"262c7c08-c899-4a71-b6ec-a875203d3112";"/sites/Equipe.Obras/SiteAssets";"Sensibilidade Eficaz";"_EffectiveIpLabelDisplayName";"Computed";"False";"True";"True";"";""
"Ativos do Site";"262c7c08-c899-4a71-b6ec-a875203d3112";"/sites/Equipe.Obras/SiteAssets";"URL do Atalho";"_ShortcutUrl";"URL";"False";"True";"False";"";""
"Ativos do Site";"262c7c08-c899-4a71-b6ec-a875203d3112";"/sites/Equipe.Obras/SiteAssets";"ID do Site do Atalho";"_ShortcutSiteId";"Guid";"False";"True";"False";"";""
"Ativos do Site";"262c7c08-c899-4a71-b6ec-a875203d3112";"/sites/Equipe.Obras/SiteAssets";"ID do Atalho da Web";"_ShortcutWebId";"Guid";"False";"True";"False";"";""
"Ativos do Site";"262c7c08-c899-4a71-b6ec-a875203d3112";"/sites/Equipe.Obras/SiteAssets";"ID Exclusiva do Atalho";"_ShortcutUniqueId";"Guid";"False";"True";"False";"";""
"Ativos do Site";"262c7c08-c899-4a71-b6ec-a875203d3112";"/sites/Equipe.Obras/SiteAssets";"Descrição";"_ExtendedDescription";"Note";"False";"False";"False";"";""
"Ativos do Site";"262c7c08-c899-4a71-b6ec-a875203d3112";"/sites/Equipe.Obras/SiteAssets";"Informações sobre o Fluxo de Disparo";"TriggerFlowInfo";"Text";"False";"True";"True";"";""
"Ativos do Site";"262c7c08-c899-4a71-b6ec-a875203d3112";"/sites/Equipe.Obras/SiteAssets";"ImageMetadataListItemId";"ImageMetadataListItemId";"Integer";"False";"True";"False";"";""
"Ativos do Site";"262c7c08-c899-4a71-b6ec-a875203d3112";"/sites/Equipe.Obras/SiteAssets";"ImageMetadataListFieldId";"ImageMetadataListFieldId";"Guid";"False";"True";"False";"";""
"Ativos do Site";"262c7c08-c899-4a71-b6ec-a875203d3112";"/sites/Equipe.Obras/SiteAssets";"MediaServiceMetadata";"MediaServiceMetadata";"Note";"False";"True";"True";"";""
"Ativos do Site";"262c7c08-c899-4a71-b6ec-a875203d3112";"/sites/Equipe.Obras/SiteAssets";"MediaServiceFastMetadata";"MediaServiceFastMetadata";"Note";"False";"True";"True";"";""
"Ativos do Site";"262c7c08-c899-4a71-b6ec-a875203d3112";"/sites/Equipe.Obras/SiteAssets";"MediaServiceSearchProperties";"MediaServiceSearchProperties";"Note";"False";"True";"True";"";""
"Ativos do Site";"262c7c08-c899-4a71-b6ec-a875203d3112";"/sites/Equipe.Obras/SiteAssets";"MediaServiceDateTaken";"MediaServiceDateTaken";"Text";"False";"True";"True";"";""
"Ativos do Site";"262c7c08-c899-4a71-b6ec-a875203d3112";"/sites/Equipe.Obras/SiteAssets";"Marcações de imagem";"MediaServiceImageTags";"TaxonomyFieldTypeMulti";"False";"False";"False";"{fd1ce26b-458d-4fb3-aee4-a967b2e97525}";"Term$Resources:core,Language;"
"Ativos do Site";"262c7c08-c899-4a71-b6ec-a875203d3112";"/sites/Equipe.Obras/SiteAssets";"Image Tags_0";"lcf76f155ced4ddcb4097134ff3c332f";"Note";"False";"True";"False";"";""
"Ativos do Site";"262c7c08-c899-4a71-b6ec-a875203d3112";"/sites/Equipe.Obras/SiteAssets";"Taxonomy Catch All Column";"TaxCatchAll";"LookupMulti";"False";"True";"False";"{fd1ce26b-458d-4fb3-aee4-a967b2e97525}";"CatchAllData"
"Ativos do Site";"262c7c08-c899-4a71-b6ec-a875203d3112";"/sites/Equipe.Obras/SiteAssets";"Extracted Text";"MediaServiceOCR";"Note";"False";"False";"True";"";""
"Ativos do Site";"262c7c08-c899-4a71-b6ec-a875203d3112";"/sites/Equipe.Obras/SiteAssets";"MediaServiceGenerationTime";"MediaServiceGenerationTime";"Text";"False";"True";"True";"";""
"Ativos do Site";"262c7c08-c899-4a71-b6ec-a875203d3112";"/sites/Equipe.Obras/SiteAssets";"MediaServiceEventHashCode";"MediaServiceEventHashCode";"Text";"False";"True";"True";"";""
"Ativos do Site";"262c7c08-c899-4a71-b6ec-a875203d3112";"/sites/Equipe.Obras/SiteAssets";"ID";"ID";"Counter";"False";"False";"True";"";""
"Ativos do Site";"262c7c08-c899-4a71-b6ec-a875203d3112";"/sites/Equipe.Obras/SiteAssets";"Tipo de Conteúdo";"ContentType";"Computed";"False";"False";"False";"";""
"Ativos do Site";"262c7c08-c899-4a71-b6ec-a875203d3112";"/sites/Equipe.Obras/SiteAssets";"Criado";"Created";"DateTime";"False";"False";"True";"";""
"Ativos do Site";"262c7c08-c899-4a71-b6ec-a875203d3112";"/sites/Equipe.Obras/SiteAssets";"Criado por";"Author";"User";"False";"False";"True";"{ebc81507-41be-46f3-9eac-dafe1234a71d}";""
"Ativos do Site";"262c7c08-c899-4a71-b6ec-a875203d3112";"/sites/Equipe.Obras/SiteAssets";"Modificado";"Modified";"DateTime";"False";"False";"True";"";""
"Ativos do Site";"262c7c08-c899-4a71-b6ec-a875203d3112";"/sites/Equipe.Obras/SiteAssets";"Modificado por";"Editor";"User";"False";"False";"True";"{ebc81507-41be-46f3-9eac-dafe1234a71d}";""
"Ativos do Site";"262c7c08-c899-4a71-b6ec-a875203d3112";"/sites/Equipe.Obras/SiteAssets";"Tem Destinos de Cópia";"_HasCopyDestinations";"Boolean";"False";"True";"True";"";""
"Ativos do Site";"262c7c08-c899-4a71-b6ec-a875203d3112";"/sites/Equipe.Obras/SiteAssets";"Origem da Cópia";"_CopySource";"Text";"False";"False";"True";"";""
"Ativos do Site";"262c7c08-c899-4a71-b6ec-a875203d3112";"/sites/Equipe.Obras/SiteAssets";"Status de Aprovação";"_ModerationStatus";"ModStat";"False";"True";"True";"";""
"Ativos do Site";"262c7c08-c899-4a71-b6ec-a875203d3112";"/sites/Equipe.Obras/SiteAssets";"Caminho da URL";"FileRef";"Lookup";"False";"True";"True";"";"FullUrl"
"Ativos do Site";"262c7c08-c899-4a71-b6ec-a875203d3112";"/sites/Equipe.Obras/SiteAssets";"Caminho";"FileDirRef";"Lookup";"False";"True";"True";"";"DirName"
"Ativos do Site";"262c7c08-c899-4a71-b6ec-a875203d3112";"/sites/Equipe.Obras/SiteAssets";"Modificado";"Last_x0020_Modified";"Lookup";"False";"True";"True";"";"TimeLastModified"
"Ativos do Site";"262c7c08-c899-4a71-b6ec-a875203d3112";"/sites/Equipe.Obras/SiteAssets";"Criado";"Created_x0020_Date";"Lookup";"False";"True";"True";"";"TimeCreated"
"Ativos do Site";"262c7c08-c899-4a71-b6ec-a875203d3112";"/sites/Equipe.Obras/SiteAssets";"Tamanho do Arquivo";"File_x0020_Size";"Lookup";"False";"True";"True";"";"SizeInKB"
"Ativos do Site";"262c7c08-c899-4a71-b6ec-a875203d3112";"/sites/Equipe.Obras/SiteAssets";"Tipo de Item";"FSObjType";"Lookup";"False";"True";"True";"";"FSType"
"Ativos do Site";"262c7c08-c899-4a71-b6ec-a875203d3112";"/sites/Equipe.Obras/SiteAssets";"Tipo de Classificação";"SortBehavior";"Lookup";"False";"True";"True";"";"SortBehavior"
"Ativos do Site";"262c7c08-c899-4a71-b6ec-a875203d3112";"/sites/Equipe.Obras/SiteAssets";"Máscara de Permissões Efetivas";"PermMask";"Computed";"False";"True";"True";"";""
"Ativos do Site";"262c7c08-c899-4a71-b6ec-a875203d3112";"/sites/Equipe.Obras/SiteAssets";"Contagem de principais";"PrincipalCount";"Computed";"False";"True";"True";"";""
"Ativos do Site";"262c7c08-c899-4a71-b6ec-a875203d3112";"/sites/Equipe.Obras/SiteAssets";"Identificação do usuário para quem o item está com check-out";"CheckedOutUserId";"Lookup";"False";"True";"True";"";"CheckoutUserId"
"Ativos do Site";"262c7c08-c899-4a71-b6ec-a875203d3112";"/sites/Equipe.Obras/SiteAssets";"Está com Check-out para local";"IsCheckedoutToLocal";"Lookup";"False";"True";"True";"";"IsCheckoutToLocal"
"Ativos do Site";"262c7c08-c899-4a71-b6ec-a875203d3112";"/sites/Equipe.Obras/SiteAssets";"Com Check-out para";"CheckoutUser";"User";"False";"False";"True";"{ebc81507-41be-46f3-9eac-dafe1234a71d}";""
"Ativos do Site";"262c7c08-c899-4a71-b6ec-a875203d3112";"/sites/Equipe.Obras/SiteAssets";"Id Exclusiva";"UniqueId";"Lookup";"False";"True";"True";"";"UniqueId"
"Ativos do Site";"262c7c08-c899-4a71-b6ec-a875203d3112";"/sites/Equipe.Obras/SiteAssets";"Identificador Pai do Documento";"ParentUniqueId";"Lookup";"False";"True";"True";"";"ParentUniqueId"
"Ativos do Site";"262c7c08-c899-4a71-b6ec-a875203d3112";"/sites/Equipe.Obras/SiteAssets";"ID de Cliente";"SyncClientId";"Lookup";"False";"True";"True";"";"SyncClientId"
"Ativos do Site";"262c7c08-c899-4a71-b6ec-a875203d3112";"/sites/Equipe.Obras/SiteAssets";"ProgId";"ProgId";"Lookup";"False";"True";"True";"";"ProgId"
"Ativos do Site";"262c7c08-c899-4a71-b6ec-a875203d3112";"/sites/Equipe.Obras/SiteAssets";"ScopeId";"ScopeId";"Lookup";"False";"True";"True";"";"ScopeId"
"Ativos do Site";"262c7c08-c899-4a71-b6ec-a875203d3112";"/sites/Equipe.Obras/SiteAssets";"Status de Vírus";"VirusStatus";"Lookup";"False";"True";"True";"";"Size"
"Ativos do Site";"262c7c08-c899-4a71-b6ec-a875203d3112";"/sites/Equipe.Obras/SiteAssets";"Com Check-out para";"CheckedOutTitle";"Lookup";"False";"True";"True";"";"CheckedOutTitle"
"Ativos do Site";"262c7c08-c899-4a71-b6ec-a875203d3112";"/sites/Equipe.Obras/SiteAssets";"Comentário sobre o Check-in";"_CheckinComment";"Lookup";"False";"False";"True";"";"CheckinComment"
"Ativos do Site";"262c7c08-c899-4a71-b6ec-a875203d3112";"/sites/Equipe.Obras/SiteAssets";"Com Check-out para";"LinkCheckedOutTitle";"Computed";"False";"True";"True";"";""
"Ativos do Site";"262c7c08-c899-4a71-b6ec-a875203d3112";"/sites/Equipe.Obras/SiteAssets";"Início da Tabela do Menu de Edição";"_EditMenuTableStart";"Computed";"False";"True";"True";"";""
"Ativos do Site";"262c7c08-c899-4a71-b6ec-a875203d3112";"/sites/Equipe.Obras/SiteAssets";"Início da Tabela do Menu de Edição";"_EditMenuTableStart2";"Computed";"False";"True";"True";"";""
"Ativos do Site";"262c7c08-c899-4a71-b6ec-a875203d3112";"/sites/Equipe.Obras/SiteAssets";"Fim da Tabela do Menu de Edição";"_EditMenuTableEnd";"Computed";"False";"True";"True";"";""
"Ativos do Site";"262c7c08-c899-4a71-b6ec-a875203d3112";"/sites/Equipe.Obras/SiteAssets";"Nome";"LinkFilenameNoMenu";"Computed";"False";"False";"True";"";""
"Ativos do Site";"262c7c08-c899-4a71-b6ec-a875203d3112";"/sites/Equipe.Obras/SiteAssets";"Nome";"LinkFilename";"Computed";"False";"False";"True";"";""
"Ativos do Site";"262c7c08-c899-4a71-b6ec-a875203d3112";"/sites/Equipe.Obras/SiteAssets";"Nome";"LinkFilename2";"Computed";"False";"True";"True";"";""
"Ativos do Site";"262c7c08-c899-4a71-b6ec-a875203d3112";"/sites/Equipe.Obras/SiteAssets";"Tipo";"DocIcon";"Computed";"False";"False";"True";"";""
"Ativos do Site";"262c7c08-c899-4a71-b6ec-a875203d3112";"/sites/Equipe.Obras/SiteAssets";"URL Relativa do Servidor";"ServerUrl";"Computed";"False";"True";"True";"";""
"Ativos do Site";"262c7c08-c899-4a71-b6ec-a875203d3112";"/sites/Equipe.Obras/SiteAssets";"URL Absoluta Codificada";"EncodedAbsUrl";"Computed";"False";"True";"True";"";""
"Ativos do Site";"262c7c08-c899-4a71-b6ec-a875203d3112";"/sites/Equipe.Obras/SiteAssets";"Nome";"BaseName";"Computed";"False";"True";"True";"";""
"Ativos do Site";"262c7c08-c899-4a71-b6ec-a875203d3112";"/sites/Equipe.Obras/SiteAssets";"Tamanho do Arquivo";"FileSizeDisplay";"Computed";"False";"False";"True";"";""
"Ativos do Site";"262c7c08-c899-4a71-b6ec-a875203d3112";"/sites/Equipe.Obras/SiteAssets";"Conjunto de Propriedades";"MetaInfo";"Lookup";"False";"True";"False";"";"MetaInfo"
"Ativos do Site";"262c7c08-c899-4a71-b6ec-a875203d3112";"/sites/Equipe.Obras/SiteAssets";"Nível";"_Level";"Integer";"False";"True";"True";"";""
"Ativos do Site";"262c7c08-c899-4a71-b6ec-a875203d3112";"/sites/Equipe.Obras/SiteAssets";"É a Versão Atual";"_IsCurrentVersion";"Boolean";"False";"True";"True";"";""
"Ativos do Site";"262c7c08-c899-4a71-b6ec-a875203d3112";"/sites/Equipe.Obras/SiteAssets";"Contagem de Itens Filhos";"ItemChildCount";"Lookup";"False";"False";"True";"";"ItemChildCount"
"Ativos do Site";"262c7c08-c899-4a71-b6ec-a875203d3112";"/sites/Equipe.Obras/SiteAssets";"Contagem de Elementos Filho da Pasta";"FolderChildCount";"Lookup";"False";"False";"True";"";"FolderChildCount"
"Ativos do Site";"262c7c08-c899-4a71-b6ec-a875203d3112";"/sites/Equipe.Obras/SiteAssets";"Restrito";"Restricted";"Lookup";"False";"True";"True";"";"Restricted"
"Ativos do Site";"262c7c08-c899-4a71-b6ec-a875203d3112";"/sites/Equipe.Obras/SiteAssets";"ID do Originador";"OriginatorId";"Lookup";"False";"True";"True";"";"OriginatorId"
"Ativos do Site";"262c7c08-c899-4a71-b6ec-a875203d3112";"/sites/Equipe.Obras/SiteAssets";"NãoExecutar";"NoExecute";"Lookup";"False";"True";"True";"";"DocFlags"
"Ativos do Site";"262c7c08-c899-4a71-b6ec-a875203d3112";"/sites/Equipe.Obras/SiteAssets";"Versão do Conteúdo";"ContentVersion";"Lookup";"False";"True";"True";"";"ContentVersion"
"Ativos do Site";"262c7c08-c899-4a71-b6ec-a875203d3112";"/sites/Equipe.Obras/SiteAssets";"Configuração do rótulo";"_ComplianceFlags";"Lookup";"False";"False";"True";"";"ComplianceFlags"
"Ativos do Site";"262c7c08-c899-4a71-b6ec-a875203d3112";"/sites/Equipe.Obras/SiteAssets";"Rótulo de retenção";"_ComplianceTag";"Lookup";"False";"False";"True";"";"ComplianceTag"
"Ativos do Site";"262c7c08-c899-4a71-b6ec-a875203d3112";"/sites/Equipe.Obras/SiteAssets";"Rótulo de retenção Aplicado";"_ComplianceTagWrittenTime";"Lookup";"False";"False";"True";"";"ComplianceTagWrittenTime"
"Ativos do Site";"262c7c08-c899-4a71-b6ec-a875203d3112";"/sites/Equipe.Obras/SiteAssets";"Rótulo aplicado por";"_ComplianceTagUserId";"Lookup";"False";"False";"True";"";"ComplianceTagUserId"
"Ativos do Site";"262c7c08-c899-4a71-b6ec-a875203d3112";"/sites/Equipe.Obras/SiteAssets";"O item é um Registro";"_IsRecord";"Computed";"False";"False";"True";"";""
"Ativos do Site";"262c7c08-c899-4a71-b6ec-a875203d3112";"/sites/Equipe.Obras/SiteAssets";"Número de Sequência de BLOB";"BSN";"Lookup";"False";"True";"True";"";"BSN"
"Ativos do Site";"262c7c08-c899-4a71-b6ec-a875203d3112";"/sites/Equipe.Obras/SiteAssets";"Listar Versão do Esquema";"_ListSchemaVersion";"Lookup";"False";"True";"True";"";"ListSchemaVersion"
"Ativos do Site";"262c7c08-c899-4a71-b6ec-a875203d3112";"/sites/Equipe.Obras/SiteAssets";"Sujo";"_Dirty";"Lookup";"False";"True";"True";"";"Dirty"
"Ativos do Site";"262c7c08-c899-4a71-b6ec-a875203d3112";"/sites/Equipe.Obras/SiteAssets";"É passível de análise";"_Parsable";"Lookup";"False";"True";"True";"";"DocFlags"
"Ativos do Site";"262c7c08-c899-4a71-b6ec-a875203d3112";"/sites/Equipe.Obras/SiteAssets";"StubFile";"_StubFile";"Lookup";"False";"True";"True";"";"DocFlags"
"Ativos do Site";"262c7c08-c899-4a71-b6ec-a875203d3112";"/sites/Equipe.Obras/SiteAssets";"HasEncryptedContent";"_HasEncryptedContent";"Lookup";"False";"True";"True";"";"DocFlags"
"Ativos do Site";"262c7c08-c899-4a71-b6ec-a875203d3112";"/sites/Equipe.Obras/SiteAssets";"HasUserDefinedProtection";"_HasUserDefinedProtection";"Lookup";"False";"True";"True";"";"DocFlags"
"Ativos do Site";"262c7c08-c899-4a71-b6ec-a875203d3112";"/sites/Equipe.Obras/SiteAssets";"Política de Acesso";"AccessPolicy";"Lookup";"False";"True";"True";"";"AccessPolicy"
"Ativos do Site";"262c7c08-c899-4a71-b6ec-a875203d3112";"/sites/Equipe.Obras/SiteAssets";"VirusStatus";"_VirusStatus";"Lookup";"False";"True";"True";"";"VirusStatus"
"Ativos do Site";"262c7c08-c899-4a71-b6ec-a875203d3112";"/sites/Equipe.Obras/SiteAssets";"VirusVendorID";"_VirusVendorID";"Lookup";"False";"True";"True";"";"VirusVendorID"
"Ativos do Site";"262c7c08-c899-4a71-b6ec-a875203d3112";"/sites/Equipe.Obras/SiteAssets";"VirusInfo";"_VirusInfo";"Lookup";"False";"True";"True";"";"VirusInfo"
"Ativos do Site";"262c7c08-c899-4a71-b6ec-a875203d3112";"/sites/Equipe.Obras/SiteAssets";"RansomwareAnomalyMetaInfo";"_RansomwareAnomalyMetaInfo";"Lookup";"False";"True";"True";"";"RansomwareAnomalyMetaInfo"
"Ativos do Site";"262c7c08-c899-4a71-b6ec-a875203d3112";"/sites/Equipe.Obras/SiteAssets";"Configurações de comentários";"_CommentFlags";"Lookup";"False";"True";"True";"";"CommentFlags"
"Ativos do Site";"262c7c08-c899-4a71-b6ec-a875203d3112";"/sites/Equipe.Obras/SiteAssets";"Contagem de comentário";"_CommentCount";"Lookup";"False";"False";"True";"";"CommentCount"
"Ativos do Site";"262c7c08-c899-4a71-b6ec-a875203d3112";"/sites/Equipe.Obras/SiteAssets";"Contagem de curtidas";"_LikeCount";"Lookup";"False";"False";"True";"";"LikeCount"
"Ativos do Site";"262c7c08-c899-4a71-b6ec-a875203d3112";"/sites/Equipe.Obras/SiteAssets";"ID do Modelo do Rights Management";"_RmsTemplateId";"Lookup";"False";"True";"True";"";"RmsTemplateId"
"Ativos do Site";"262c7c08-c899-4a71-b6ec-a875203d3112";"/sites/Equipe.Obras/SiteAssets";"ID do rótulo de confidencialidade";"_IpLabelId";"Lookup";"False";"True";"True";"";"IpLabelId"
"Ativos do Site";"262c7c08-c899-4a71-b6ec-a875203d3112";"/sites/Equipe.Obras/SiteAssets";"Confidencialidade";"_DisplayName";"Lookup";"False";"False";"True";"";"DisplayName"
"Ativos do Site";"262c7c08-c899-4a71-b6ec-a875203d3112";"/sites/Equipe.Obras/SiteAssets";"Método de Atribuição de Rótulo de Confidencialidade";"_IpLabelAssignmentMethod";"Lookup";"False";"True";"True";"";"IpLabelAssignmentMethod"
"Ativos do Site";"262c7c08-c899-4a71-b6ec-a875203d3112";"/sites/Equipe.Obras/SiteAssets";"Contagem de Montagem de A2OD";"A2ODMountCount";"Lookup";"False";"True";"True";"";"A2ODMountCount"
"Ativos do Site";"262c7c08-c899-4a71-b6ec-a875203d3112";"/sites/Equipe.Obras/SiteAssets";"Data de Validade";"_ExpirationDate";"Lookup";"False";"True";"True";"";"ExpirationDate"
"Ativos do Site";"262c7c08-c899-4a71-b6ec-a875203d3112";"/sites/Equipe.Obras/SiteAssets";"IpLabelHash";"_IpLabelHash";"Lookup";"False";"True";"True";"";"IpLabelHash"
"Ativos do Site";"262c7c08-c899-4a71-b6ec-a875203d3112";"/sites/Equipe.Obras/SiteAssets";"IpLabelPromotionCtagVersion";"_IpLabelPromotionCtagVersion";"Lookup";"False";"True";"True";"";"IpLabelPromotionCtagVersion"
"Ativos do Site";"262c7c08-c899-4a71-b6ec-a875203d3112";"/sites/Equipe.Obras/SiteAssets";"ID do Proprietário do Rascunho";"_DraftOwnerId";"Lookup";"False";"True";"True";"";"DraftOwnerId"
"Ativos do Site";"262c7c08-c899-4a71-b6ec-a875203d3112";"/sites/Equipe.Obras/SiteAssets";"Metadados do Rótulo de Confidencialidade";"_IpLabelMetaInfo";"Lookup";"False";"True";"True";"";"IpLabelMetaInfo"
"Ativos do Site";"262c7c08-c899-4a71-b6ec-a875203d3112";"/sites/Equipe.Obras/SiteAssets";"AdditionalStreamSize";"_AdditionalStreamSize";"Lookup";"False";"True";"True";"";"AdditionalStreamSize"
"Ativos do Site";"262c7c08-c899-4a71-b6ec-a875203d3112";"/sites/Equipe.Obras/SiteAssets";"StreamScenarioIds";"_StreamScenarioIds";"Lookup";"False";"True";"True";"";"StreamScenarioIds"
"Ativos do Site";"262c7c08-c899-4a71-b6ec-a875203d3112";"/sites/Equipe.Obras/SiteAssets";"Status de Arquivamento";"_FileArchiveStatus";"Lookup";"False";"True";"True";"";"FileArchiveStatus"
"Ativos do Site";"262c7c08-c899-4a71-b6ec-a875203d3112";"/sites/Equipe.Obras/SiteAssets";"Metadados do arquivo de mídia";"_ExtractedMetadata";"Lookup";"False";"True";"True";"";"ExtractedMetadata"
"Ativos do Site";"262c7c08-c899-4a71-b6ec-a875203d3112";"/sites/Equipe.Obras/SiteAssets";"Última Modificação do Estado do Arquivo";"_FileArchiveTimeLastModified";"Lookup";"False";"True";"True";"";"FileArchiveTimeLastModified"
"Ativos do Site";"262c7c08-c899-4a71-b6ec-a875203d3112";"/sites/Equipe.Obras/SiteAssets";"Configurações do Link principal";"MainLinkSettings";"Computed";"False";"True";"True";"";""
"Ativos do Site";"262c7c08-c899-4a71-b6ec-a875203d3112";"/sites/Equipe.Obras/SiteAssets";"Aplicativo Criado por";"AppAuthor";"Lookup";"False";"False";"True";"AppPrincipals";"Title"
"Ativos do Site";"262c7c08-c899-4a71-b6ec-a875203d3112";"/sites/Equipe.Obras/SiteAssets";"Aplicativo Modificado por";"AppEditor";"Lookup";"False";"False";"True";"AppPrincipals";"Title"
"Ativos do Site";"262c7c08-c899-4a71-b6ec-a875203d3112";"/sites/Equipe.Obras/SiteAssets";"Tamanho Total";"SMTotalSize";"Lookup";"False";"True";"True";"";"SMTotalSize"
"Ativos do Site";"262c7c08-c899-4a71-b6ec-a875203d3112";"/sites/Equipe.Obras/SiteAssets";"Data da Última Modificação";"SMLastModifiedDate";"Lookup";"False";"True";"True";"";"SMLastModifiedDate"
"Ativos do Site";"262c7c08-c899-4a71-b6ec-a875203d3112";"/sites/Equipe.Obras/SiteAssets";"Tamanho Total do Fluxo de Arquivos";"SMTotalFileStreamSize";"Lookup";"False";"True";"True";"";"SMTotalFileStreamSize"
"Ativos do Site";"262c7c08-c899-4a71-b6ec-a875203d3112";"/sites/Equipe.Obras/SiteAssets";"Contagem Total de Arquivos";"SMTotalFileCount";"Lookup";"False";"True";"True";"";"SMTotalFileCount"
"Ativos do Site";"262c7c08-c899-4a71-b6ec-a875203d3112";"/sites/Equipe.Obras/SiteAssets";"Selecionar";"SelectTitle";"Computed";"False";"True";"True";"";""
"Ativos do Site";"262c7c08-c899-4a71-b6ec-a875203d3112";"/sites/Equipe.Obras/SiteAssets";"Editar";"Edit";"Computed";"False";"False";"True";"";""
"Ativos do Site";"262c7c08-c899-4a71-b6ec-a875203d3112";"/sites/Equipe.Obras/SiteAssets";"owshiddenversion";"owshiddenversion";"Integer";"False";"True";"True";"";""
"Ativos do Site";"262c7c08-c899-4a71-b6ec-a875203d3112";"/sites/Equipe.Obras/SiteAssets";"Versão da UI";"_UIVersion";"Integer";"False";"True";"True";"";""
"Ativos do Site";"262c7c08-c899-4a71-b6ec-a875203d3112";"/sites/Equipe.Obras/SiteAssets";"Versão";"_UIVersionString";"Text";"False";"False";"True";"";""
"Ativos do Site";"262c7c08-c899-4a71-b6ec-a875203d3112";"/sites/Equipe.Obras/SiteAssets";"ID da Instância";"InstanceID";"Integer";"False";"True";"True";"";""
"Ativos do Site";"262c7c08-c899-4a71-b6ec-a875203d3112";"/sites/Equipe.Obras/SiteAssets";"Ordem";"Order";"Number";"False";"True";"False";"";""
"Ativos do Site";"262c7c08-c899-4a71-b6ec-a875203d3112";"/sites/Equipe.Obras/SiteAssets";"GUID";"GUID";"Guid";"False";"True";"True";"";""
"Ativos do Site";"262c7c08-c899-4a71-b6ec-a875203d3112";"/sites/Equipe.Obras/SiteAssets";"Versão do Fluxo de Trabalho";"WorkflowVersion";"Integer";"False";"True";"True";"";""
"Ativos do Site";"262c7c08-c899-4a71-b6ec-a875203d3112";"/sites/Equipe.Obras/SiteAssets";"ID da Instância do Fluxo de Trabalho";"WorkflowInstanceID";"Guid";"False";"True";"True";"";""
"Ativos do Site";"262c7c08-c899-4a71-b6ec-a875203d3112";"/sites/Equipe.Obras/SiteAssets";"Versão de Origem (Documento Convertido)";"ParentVersionString";"Lookup";"False";"False";"True";"";"ParentVersionString"
"Ativos do Site";"262c7c08-c899-4a71-b6ec-a875203d3112";"/sites/Equipe.Obras/SiteAssets";"Nome de Origem (Documento Convertido)";"ParentLeafName";"Lookup";"False";"False";"True";"";"ParentLeafName"
"Ativos do Site";"262c7c08-c899-4a71-b6ec-a875203d3112";"/sites/Equipe.Obras/SiteAssets";"Número de Simultaneidade de Documentos";"DocConcurrencyNumber";"Lookup";"False";"True";"True";"";"DocConcurrencyNumber"
"Ativos do Site";"262c7c08-c899-4a71-b6ec-a875203d3112";"/sites/Equipe.Obras/SiteAssets";"Hash de Fluxo do Documento";"StreamHash";"Lookup";"False";"True";"True";"";"StreamHash"
"Ativos do Site";"262c7c08-c899-4a71-b6ec-a875203d3112";"/sites/Equipe.Obras/SiteAssets";"Mesclar";"Combine";"Computed";"False";"True";"True";"";""
"Ativos do Site";"262c7c08-c899-4a71-b6ec-a875203d3112";"/sites/Equipe.Obras/SiteAssets";"Vincular Novamente";"RepairDocument";"Computed";"False";"True";"True";"";""
"Ativos do Site";"262c7c08-c899-4a71-b6ec-a875203d3112";"/sites/Equipe.Obras/SiteAssets";"Ações Desabilitadas pela Política";"PolicyDisabledUICapabilities";"Computed";"False";"True";"True";"";""
"Biblioteca de Estilos";"bdeee4d5-3658-4bf8-8e23-d1ac1bc4ff90";"/sites/Equipe.Obras/Style Library";"ID do Tipo de Conteúdo";"ContentTypeId";"ContentTypeId";"False";"True";"True";"";""
"Biblioteca de Estilos";"bdeee4d5-3658-4bf8-8e23-d1ac1bc4ff90";"/sites/Equipe.Obras/Style Library";"Comentários do Aprovador";"_ModerationComments";"Note";"False";"True";"True";"";""
"Biblioteca de Estilos";"bdeee4d5-3658-4bf8-8e23-d1ac1bc4ff90";"/sites/Equipe.Obras/Style Library";"Nome";"FileLeafRef";"File";"True";"False";"False";"";""
"Biblioteca de Estilos";"bdeee4d5-3658-4bf8-8e23-d1ac1bc4ff90";"/sites/Equipe.Obras/Style Library";"Documento Modificado por";"Modified_x0020_By";"Text";"False";"True";"True";"";""
"Biblioteca de Estilos";"bdeee4d5-3658-4bf8-8e23-d1ac1bc4ff90";"/sites/Equipe.Obras/Style Library";"Documento Criado por";"Created_x0020_By";"Text";"False";"True";"True";"";""
"Biblioteca de Estilos";"bdeee4d5-3658-4bf8-8e23-d1ac1bc4ff90";"/sites/Equipe.Obras/Style Library";"Tipo de Arquivo";"File_x0020_Type";"Text";"False";"True";"True";"";""
"Biblioteca de Estilos";"bdeee4d5-3658-4bf8-8e23-d1ac1bc4ff90";"/sites/Equipe.Obras/Style Library";"Tipo de Arquivo HTML";"HTML_x0020_File_x0020_Type";"Text";"False";"True";"True";"";""
"Biblioteca de Estilos";"bdeee4d5-3658-4bf8-8e23-d1ac1bc4ff90";"/sites/Equipe.Obras/Style Library";"URL da Fonte";"_SourceUrl";"Text";"False";"True";"False";"";""
"Biblioteca de Estilos";"bdeee4d5-3658-4bf8-8e23-d1ac1bc4ff90";"/sites/Equipe.Obras/Style Library";"Índice do Arquivo Compartilhado";"_SharedFileIndex";"Text";"False";"True";"False";"";""
"Biblioteca de Estilos";"bdeee4d5-3658-4bf8-8e23-d1ac1bc4ff90";"/sites/Equipe.Obras/Style Library";"Cor";"_ColorHex";"Text";"False";"True";"True";"";""
"Biblioteca de Estilos";"bdeee4d5-3658-4bf8-8e23-d1ac1bc4ff90";"/sites/Equipe.Obras/Style Library";"Pressione Delete para excluir o ícone.";"_ColorTag";"Text";"False";"False";"True";"";""
"Biblioteca de Estilos";"bdeee4d5-3658-4bf8-8e23-d1ac1bc4ff90";"/sites/Equipe.Obras/Style Library";"Emoji";"_Emoji";"Text";"False";"True";"True";"";""
"Biblioteca de Estilos";"bdeee4d5-3658-4bf8-8e23-d1ac1bc4ff90";"/sites/Equipe.Obras/Style Library";"Metadados Gerados pela Mídia";"MediaGeneratedMetadata";"Note";"False";"True";"True";"";""
"Biblioteca de Estilos";"bdeee4d5-3658-4bf8-8e23-d1ac1bc4ff90";"/sites/Equipe.Obras/Style Library";"Metadados do Usuário de Mídia";"MediaUserMetadata";"Note";"False";"True";"True";"";""
"Biblioteca de Estilos";"bdeee4d5-3658-4bf8-8e23-d1ac1bc4ff90";"/sites/Equipe.Obras/Style Library";"Metadados do arquivo de mídia";"ExtractedMetadataComputed";"Computed";"False";"True";"True";"";""
"Biblioteca de Estilos";"bdeee4d5-3658-4bf8-8e23-d1ac1bc4ff90";"/sites/Equipe.Obras/Style Library";"Selecionar";"SelectFilename";"Computed";"False";"True";"True";"";""
"Biblioteca de Estilos";"bdeee4d5-3658-4bf8-8e23-d1ac1bc4ff90";"/sites/Equipe.Obras/Style Library";"ID de Ativo de Conformidade";"ComplianceAssetId";"Text";"False";"False";"True";"";""
"Biblioteca de Estilos";"bdeee4d5-3658-4bf8-8e23-d1ac1bc4ff90";"/sites/Equipe.Obras/Style Library";"Título";"Title";"Text";"False";"False";"False";"";""
"Biblioteca de Estilos";"bdeee4d5-3658-4bf8-8e23-d1ac1bc4ff90";"/sites/Equipe.Obras/Style Library";"Link do Modelo";"TemplateUrl";"Text";"False";"True";"False";"";""
"Biblioteca de Estilos";"bdeee4d5-3658-4bf8-8e23-d1ac1bc4ff90";"/sites/Equipe.Obras/Style Library";"Link de Arquivo HTML";"xd_ProgID";"Text";"False";"True";"False";"";""
"Biblioteca de Estilos";"bdeee4d5-3658-4bf8-8e23-d1ac1bc4ff90";"/sites/Equipe.Obras/Style Library";"Está Assinado";"xd_Signature";"Boolean";"False";"True";"True";"";""
"Biblioteca de Estilos";"bdeee4d5-3658-4bf8-8e23-d1ac1bc4ff90";"/sites/Equipe.Obras/Style Library";"Sensibilidade Eficaz";"_EffectiveIpLabelDisplayName";"Computed";"False";"True";"True";"";""
"Biblioteca de Estilos";"bdeee4d5-3658-4bf8-8e23-d1ac1bc4ff90";"/sites/Equipe.Obras/Style Library";"URL do Atalho";"_ShortcutUrl";"URL";"False";"True";"False";"";""
"Biblioteca de Estilos";"bdeee4d5-3658-4bf8-8e23-d1ac1bc4ff90";"/sites/Equipe.Obras/Style Library";"ID do Site do Atalho";"_ShortcutSiteId";"Guid";"False";"True";"False";"";""
"Biblioteca de Estilos";"bdeee4d5-3658-4bf8-8e23-d1ac1bc4ff90";"/sites/Equipe.Obras/Style Library";"ID do Atalho da Web";"_ShortcutWebId";"Guid";"False";"True";"False";"";""
"Biblioteca de Estilos";"bdeee4d5-3658-4bf8-8e23-d1ac1bc4ff90";"/sites/Equipe.Obras/Style Library";"ID Exclusiva do Atalho";"_ShortcutUniqueId";"Guid";"False";"True";"False";"";""
"Biblioteca de Estilos";"bdeee4d5-3658-4bf8-8e23-d1ac1bc4ff90";"/sites/Equipe.Obras/Style Library";"Descrição";"_ExtendedDescription";"Note";"False";"False";"False";"";""
"Biblioteca de Estilos";"bdeee4d5-3658-4bf8-8e23-d1ac1bc4ff90";"/sites/Equipe.Obras/Style Library";"Informações sobre o Fluxo de Disparo";"TriggerFlowInfo";"Text";"False";"True";"True";"";""
"Biblioteca de Estilos";"bdeee4d5-3658-4bf8-8e23-d1ac1bc4ff90";"/sites/Equipe.Obras/Style Library";"ID";"ID";"Counter";"False";"False";"True";"";""
"Biblioteca de Estilos";"bdeee4d5-3658-4bf8-8e23-d1ac1bc4ff90";"/sites/Equipe.Obras/Style Library";"Tipo de Conteúdo";"ContentType";"Computed";"False";"False";"False";"";""
"Biblioteca de Estilos";"bdeee4d5-3658-4bf8-8e23-d1ac1bc4ff90";"/sites/Equipe.Obras/Style Library";"Criado";"Created";"DateTime";"False";"False";"True";"";""
"Biblioteca de Estilos";"bdeee4d5-3658-4bf8-8e23-d1ac1bc4ff90";"/sites/Equipe.Obras/Style Library";"Criado por";"Author";"User";"False";"False";"True";"{ebc81507-41be-46f3-9eac-dafe1234a71d}";""
"Biblioteca de Estilos";"bdeee4d5-3658-4bf8-8e23-d1ac1bc4ff90";"/sites/Equipe.Obras/Style Library";"Modificado";"Modified";"DateTime";"False";"False";"True";"";""
"Biblioteca de Estilos";"bdeee4d5-3658-4bf8-8e23-d1ac1bc4ff90";"/sites/Equipe.Obras/Style Library";"Modificado por";"Editor";"User";"False";"False";"True";"{ebc81507-41be-46f3-9eac-dafe1234a71d}";""
"Biblioteca de Estilos";"bdeee4d5-3658-4bf8-8e23-d1ac1bc4ff90";"/sites/Equipe.Obras/Style Library";"Tem Destinos de Cópia";"_HasCopyDestinations";"Boolean";"False";"True";"True";"";""
"Biblioteca de Estilos";"bdeee4d5-3658-4bf8-8e23-d1ac1bc4ff90";"/sites/Equipe.Obras/Style Library";"Origem da Cópia";"_CopySource";"Text";"False";"False";"True";"";""
"Biblioteca de Estilos";"bdeee4d5-3658-4bf8-8e23-d1ac1bc4ff90";"/sites/Equipe.Obras/Style Library";"Status de Aprovação";"_ModerationStatus";"ModStat";"False";"True";"True";"";""
"Biblioteca de Estilos";"bdeee4d5-3658-4bf8-8e23-d1ac1bc4ff90";"/sites/Equipe.Obras/Style Library";"Caminho da URL";"FileRef";"Lookup";"False";"True";"True";"";"FullUrl"
"Biblioteca de Estilos";"bdeee4d5-3658-4bf8-8e23-d1ac1bc4ff90";"/sites/Equipe.Obras/Style Library";"Caminho";"FileDirRef";"Lookup";"False";"True";"True";"";"DirName"
"Biblioteca de Estilos";"bdeee4d5-3658-4bf8-8e23-d1ac1bc4ff90";"/sites/Equipe.Obras/Style Library";"Modificado";"Last_x0020_Modified";"Lookup";"False";"True";"True";"";"TimeLastModified"
"Biblioteca de Estilos";"bdeee4d5-3658-4bf8-8e23-d1ac1bc4ff90";"/sites/Equipe.Obras/Style Library";"Criado";"Created_x0020_Date";"Lookup";"False";"True";"True";"";"TimeCreated"
"Biblioteca de Estilos";"bdeee4d5-3658-4bf8-8e23-d1ac1bc4ff90";"/sites/Equipe.Obras/Style Library";"Tamanho do Arquivo";"File_x0020_Size";"Lookup";"False";"True";"True";"";"SizeInKB"
"Biblioteca de Estilos";"bdeee4d5-3658-4bf8-8e23-d1ac1bc4ff90";"/sites/Equipe.Obras/Style Library";"Tipo de Item";"FSObjType";"Lookup";"False";"True";"True";"";"FSType"
"Biblioteca de Estilos";"bdeee4d5-3658-4bf8-8e23-d1ac1bc4ff90";"/sites/Equipe.Obras/Style Library";"Tipo de Classificação";"SortBehavior";"Lookup";"False";"True";"True";"";"SortBehavior"
"Biblioteca de Estilos";"bdeee4d5-3658-4bf8-8e23-d1ac1bc4ff90";"/sites/Equipe.Obras/Style Library";"Máscara de Permissões Efetivas";"PermMask";"Computed";"False";"True";"True";"";""
"Biblioteca de Estilos";"bdeee4d5-3658-4bf8-8e23-d1ac1bc4ff90";"/sites/Equipe.Obras/Style Library";"Contagem de principais";"PrincipalCount";"Computed";"False";"True";"True";"";""
"Biblioteca de Estilos";"bdeee4d5-3658-4bf8-8e23-d1ac1bc4ff90";"/sites/Equipe.Obras/Style Library";"Identificação do usuário para quem o item está com check-out";"CheckedOutUserId";"Lookup";"False";"True";"True";"";"CheckoutUserId"
"Biblioteca de Estilos";"bdeee4d5-3658-4bf8-8e23-d1ac1bc4ff90";"/sites/Equipe.Obras/Style Library";"Está com Check-out para local";"IsCheckedoutToLocal";"Lookup";"False";"True";"True";"";"IsCheckoutToLocal"
"Biblioteca de Estilos";"bdeee4d5-3658-4bf8-8e23-d1ac1bc4ff90";"/sites/Equipe.Obras/Style Library";"Com Check-out para";"CheckoutUser";"User";"False";"False";"True";"{ebc81507-41be-46f3-9eac-dafe1234a71d}";""
"Biblioteca de Estilos";"bdeee4d5-3658-4bf8-8e23-d1ac1bc4ff90";"/sites/Equipe.Obras/Style Library";"Id Exclusiva";"UniqueId";"Lookup";"False";"True";"True";"";"UniqueId"
"Biblioteca de Estilos";"bdeee4d5-3658-4bf8-8e23-d1ac1bc4ff90";"/sites/Equipe.Obras/Style Library";"Identificador Pai do Documento";"ParentUniqueId";"Lookup";"False";"True";"True";"";"ParentUniqueId"
"Biblioteca de Estilos";"bdeee4d5-3658-4bf8-8e23-d1ac1bc4ff90";"/sites/Equipe.Obras/Style Library";"ID de Cliente";"SyncClientId";"Lookup";"False";"True";"True";"";"SyncClientId"
"Biblioteca de Estilos";"bdeee4d5-3658-4bf8-8e23-d1ac1bc4ff90";"/sites/Equipe.Obras/Style Library";"ProgId";"ProgId";"Lookup";"False";"True";"True";"";"ProgId"
"Biblioteca de Estilos";"bdeee4d5-3658-4bf8-8e23-d1ac1bc4ff90";"/sites/Equipe.Obras/Style Library";"ScopeId";"ScopeId";"Lookup";"False";"True";"True";"";"ScopeId"
"Biblioteca de Estilos";"bdeee4d5-3658-4bf8-8e23-d1ac1bc4ff90";"/sites/Equipe.Obras/Style Library";"Status de Vírus";"VirusStatus";"Lookup";"False";"True";"True";"";"Size"
"Biblioteca de Estilos";"bdeee4d5-3658-4bf8-8e23-d1ac1bc4ff90";"/sites/Equipe.Obras/Style Library";"Com Check-out para";"CheckedOutTitle";"Lookup";"False";"True";"True";"";"CheckedOutTitle"
"Biblioteca de Estilos";"bdeee4d5-3658-4bf8-8e23-d1ac1bc4ff90";"/sites/Equipe.Obras/Style Library";"Comentário sobre o Check-in";"_CheckinComment";"Lookup";"False";"False";"True";"";"CheckinComment"
"Biblioteca de Estilos";"bdeee4d5-3658-4bf8-8e23-d1ac1bc4ff90";"/sites/Equipe.Obras/Style Library";"Com Check-out para";"LinkCheckedOutTitle";"Computed";"False";"True";"True";"";""
"Biblioteca de Estilos";"bdeee4d5-3658-4bf8-8e23-d1ac1bc4ff90";"/sites/Equipe.Obras/Style Library";"Início da Tabela do Menu de Edição";"_EditMenuTableStart";"Computed";"False";"True";"True";"";""
"Biblioteca de Estilos";"bdeee4d5-3658-4bf8-8e23-d1ac1bc4ff90";"/sites/Equipe.Obras/Style Library";"Início da Tabela do Menu de Edição";"_EditMenuTableStart2";"Computed";"False";"True";"True";"";""
"Biblioteca de Estilos";"bdeee4d5-3658-4bf8-8e23-d1ac1bc4ff90";"/sites/Equipe.Obras/Style Library";"Fim da Tabela do Menu de Edição";"_EditMenuTableEnd";"Computed";"False";"True";"True";"";""
"Biblioteca de Estilos";"bdeee4d5-3658-4bf8-8e23-d1ac1bc4ff90";"/sites/Equipe.Obras/Style Library";"Nome";"LinkFilenameNoMenu";"Computed";"False";"False";"True";"";""
"Biblioteca de Estilos";"bdeee4d5-3658-4bf8-8e23-d1ac1bc4ff90";"/sites/Equipe.Obras/Style Library";"Nome";"LinkFilename";"Computed";"False";"False";"True";"";""
"Biblioteca de Estilos";"bdeee4d5-3658-4bf8-8e23-d1ac1bc4ff90";"/sites/Equipe.Obras/Style Library";"Nome";"LinkFilename2";"Computed";"False";"True";"True";"";""
"Biblioteca de Estilos";"bdeee4d5-3658-4bf8-8e23-d1ac1bc4ff90";"/sites/Equipe.Obras/Style Library";"Tipo";"DocIcon";"Computed";"False";"False";"True";"";""
"Biblioteca de Estilos";"bdeee4d5-3658-4bf8-8e23-d1ac1bc4ff90";"/sites/Equipe.Obras/Style Library";"URL Relativa do Servidor";"ServerUrl";"Computed";"False";"True";"True";"";""
"Biblioteca de Estilos";"bdeee4d5-3658-4bf8-8e23-d1ac1bc4ff90";"/sites/Equipe.Obras/Style Library";"URL Absoluta Codificada";"EncodedAbsUrl";"Computed";"False";"True";"True";"";""
"Biblioteca de Estilos";"bdeee4d5-3658-4bf8-8e23-d1ac1bc4ff90";"/sites/Equipe.Obras/Style Library";"Nome";"BaseName";"Computed";"False";"True";"True";"";""
"Biblioteca de Estilos";"bdeee4d5-3658-4bf8-8e23-d1ac1bc4ff90";"/sites/Equipe.Obras/Style Library";"Tamanho do Arquivo";"FileSizeDisplay";"Computed";"False";"False";"True";"";""
"Biblioteca de Estilos";"bdeee4d5-3658-4bf8-8e23-d1ac1bc4ff90";"/sites/Equipe.Obras/Style Library";"Conjunto de Propriedades";"MetaInfo";"Lookup";"False";"True";"False";"";"MetaInfo"
"Biblioteca de Estilos";"bdeee4d5-3658-4bf8-8e23-d1ac1bc4ff90";"/sites/Equipe.Obras/Style Library";"Nível";"_Level";"Integer";"False";"True";"True";"";""
"Biblioteca de Estilos";"bdeee4d5-3658-4bf8-8e23-d1ac1bc4ff90";"/sites/Equipe.Obras/Style Library";"É a Versão Atual";"_IsCurrentVersion";"Boolean";"False";"True";"True";"";""
"Biblioteca de Estilos";"bdeee4d5-3658-4bf8-8e23-d1ac1bc4ff90";"/sites/Equipe.Obras/Style Library";"Contagem de Itens Filhos";"ItemChildCount";"Lookup";"False";"False";"True";"";"ItemChildCount"
"Biblioteca de Estilos";"bdeee4d5-3658-4bf8-8e23-d1ac1bc4ff90";"/sites/Equipe.Obras/Style Library";"Contagem de Elementos Filho da Pasta";"FolderChildCount";"Lookup";"False";"False";"True";"";"FolderChildCount"
"Biblioteca de Estilos";"bdeee4d5-3658-4bf8-8e23-d1ac1bc4ff90";"/sites/Equipe.Obras/Style Library";"Restrito";"Restricted";"Lookup";"False";"True";"True";"";"Restricted"
"Biblioteca de Estilos";"bdeee4d5-3658-4bf8-8e23-d1ac1bc4ff90";"/sites/Equipe.Obras/Style Library";"ID do Originador";"OriginatorId";"Lookup";"False";"True";"True";"";"OriginatorId"
"Biblioteca de Estilos";"bdeee4d5-3658-4bf8-8e23-d1ac1bc4ff90";"/sites/Equipe.Obras/Style Library";"NãoExecutar";"NoExecute";"Lookup";"False";"True";"True";"";"DocFlags"
"Biblioteca de Estilos";"bdeee4d5-3658-4bf8-8e23-d1ac1bc4ff90";"/sites/Equipe.Obras/Style Library";"Versão do Conteúdo";"ContentVersion";"Lookup";"False";"True";"True";"";"ContentVersion"
"Biblioteca de Estilos";"bdeee4d5-3658-4bf8-8e23-d1ac1bc4ff90";"/sites/Equipe.Obras/Style Library";"Configuração do rótulo";"_ComplianceFlags";"Lookup";"False";"False";"True";"";"ComplianceFlags"
"Biblioteca de Estilos";"bdeee4d5-3658-4bf8-8e23-d1ac1bc4ff90";"/sites/Equipe.Obras/Style Library";"Rótulo de retenção";"_ComplianceTag";"Lookup";"False";"False";"True";"";"ComplianceTag"
"Biblioteca de Estilos";"bdeee4d5-3658-4bf8-8e23-d1ac1bc4ff90";"/sites/Equipe.Obras/Style Library";"Rótulo de retenção Aplicado";"_ComplianceTagWrittenTime";"Lookup";"False";"False";"True";"";"ComplianceTagWrittenTime"
"Biblioteca de Estilos";"bdeee4d5-3658-4bf8-8e23-d1ac1bc4ff90";"/sites/Equipe.Obras/Style Library";"Rótulo aplicado por";"_ComplianceTagUserId";"Lookup";"False";"False";"True";"";"ComplianceTagUserId"
"Biblioteca de Estilos";"bdeee4d5-3658-4bf8-8e23-d1ac1bc4ff90";"/sites/Equipe.Obras/Style Library";"O item é um Registro";"_IsRecord";"Computed";"False";"False";"True";"";""
"Biblioteca de Estilos";"bdeee4d5-3658-4bf8-8e23-d1ac1bc4ff90";"/sites/Equipe.Obras/Style Library";"Número de Sequência de BLOB";"BSN";"Lookup";"False";"True";"True";"";"BSN"
"Biblioteca de Estilos";"bdeee4d5-3658-4bf8-8e23-d1ac1bc4ff90";"/sites/Equipe.Obras/Style Library";"Listar Versão do Esquema";"_ListSchemaVersion";"Lookup";"False";"True";"True";"";"ListSchemaVersion"
"Biblioteca de Estilos";"bdeee4d5-3658-4bf8-8e23-d1ac1bc4ff90";"/sites/Equipe.Obras/Style Library";"Sujo";"_Dirty";"Lookup";"False";"True";"True";"";"Dirty"
"Biblioteca de Estilos";"bdeee4d5-3658-4bf8-8e23-d1ac1bc4ff90";"/sites/Equipe.Obras/Style Library";"É passível de análise";"_Parsable";"Lookup";"False";"True";"True";"";"DocFlags"
"Biblioteca de Estilos";"bdeee4d5-3658-4bf8-8e23-d1ac1bc4ff90";"/sites/Equipe.Obras/Style Library";"StubFile";"_StubFile";"Lookup";"False";"True";"True";"";"DocFlags"
"Biblioteca de Estilos";"bdeee4d5-3658-4bf8-8e23-d1ac1bc4ff90";"/sites/Equipe.Obras/Style Library";"HasEncryptedContent";"_HasEncryptedContent";"Lookup";"False";"True";"True";"";"DocFlags"
"Biblioteca de Estilos";"bdeee4d5-3658-4bf8-8e23-d1ac1bc4ff90";"/sites/Equipe.Obras/Style Library";"HasUserDefinedProtection";"_HasUserDefinedProtection";"Lookup";"False";"True";"True";"";"DocFlags"
"Biblioteca de Estilos";"bdeee4d5-3658-4bf8-8e23-d1ac1bc4ff90";"/sites/Equipe.Obras/Style Library";"Política de Acesso";"AccessPolicy";"Lookup";"False";"True";"True";"";"AccessPolicy"
"Biblioteca de Estilos";"bdeee4d5-3658-4bf8-8e23-d1ac1bc4ff90";"/sites/Equipe.Obras/Style Library";"VirusStatus";"_VirusStatus";"Lookup";"False";"True";"True";"";"VirusStatus"
"Biblioteca de Estilos";"bdeee4d5-3658-4bf8-8e23-d1ac1bc4ff90";"/sites/Equipe.Obras/Style Library";"VirusVendorID";"_VirusVendorID";"Lookup";"False";"True";"True";"";"VirusVendorID"
"Biblioteca de Estilos";"bdeee4d5-3658-4bf8-8e23-d1ac1bc4ff90";"/sites/Equipe.Obras/Style Library";"VirusInfo";"_VirusInfo";"Lookup";"False";"True";"True";"";"VirusInfo"
"Biblioteca de Estilos";"bdeee4d5-3658-4bf8-8e23-d1ac1bc4ff90";"/sites/Equipe.Obras/Style Library";"RansomwareAnomalyMetaInfo";"_RansomwareAnomalyMetaInfo";"Lookup";"False";"True";"True";"";"RansomwareAnomalyMetaInfo"
"Biblioteca de Estilos";"bdeee4d5-3658-4bf8-8e23-d1ac1bc4ff90";"/sites/Equipe.Obras/Style Library";"Configurações de comentários";"_CommentFlags";"Lookup";"False";"True";"True";"";"CommentFlags"
"Biblioteca de Estilos";"bdeee4d5-3658-4bf8-8e23-d1ac1bc4ff90";"/sites/Equipe.Obras/Style Library";"Contagem de comentário";"_CommentCount";"Lookup";"False";"False";"True";"";"CommentCount"
"Biblioteca de Estilos";"bdeee4d5-3658-4bf8-8e23-d1ac1bc4ff90";"/sites/Equipe.Obras/Style Library";"Contagem de curtidas";"_LikeCount";"Lookup";"False";"False";"True";"";"LikeCount"
"Biblioteca de Estilos";"bdeee4d5-3658-4bf8-8e23-d1ac1bc4ff90";"/sites/Equipe.Obras/Style Library";"ID do Modelo do Rights Management";"_RmsTemplateId";"Lookup";"False";"True";"True";"";"RmsTemplateId"
"Biblioteca de Estilos";"bdeee4d5-3658-4bf8-8e23-d1ac1bc4ff90";"/sites/Equipe.Obras/Style Library";"ID do rótulo de confidencialidade";"_IpLabelId";"Lookup";"False";"True";"True";"";"IpLabelId"
"Biblioteca de Estilos";"bdeee4d5-3658-4bf8-8e23-d1ac1bc4ff90";"/sites/Equipe.Obras/Style Library";"Confidencialidade";"_DisplayName";"Lookup";"False";"False";"True";"";"DisplayName"
"Biblioteca de Estilos";"bdeee4d5-3658-4bf8-8e23-d1ac1bc4ff90";"/sites/Equipe.Obras/Style Library";"Método de Atribuição de Rótulo de Confidencialidade";"_IpLabelAssignmentMethod";"Lookup";"False";"True";"True";"";"IpLabelAssignmentMethod"
"Biblioteca de Estilos";"bdeee4d5-3658-4bf8-8e23-d1ac1bc4ff90";"/sites/Equipe.Obras/Style Library";"Contagem de Montagem de A2OD";"A2ODMountCount";"Lookup";"False";"True";"True";"";"A2ODMountCount"
"Biblioteca de Estilos";"bdeee4d5-3658-4bf8-8e23-d1ac1bc4ff90";"/sites/Equipe.Obras/Style Library";"Data de Validade";"_ExpirationDate";"Lookup";"False";"True";"True";"";"ExpirationDate"
"Biblioteca de Estilos";"bdeee4d5-3658-4bf8-8e23-d1ac1bc4ff90";"/sites/Equipe.Obras/Style Library";"IpLabelHash";"_IpLabelHash";"Lookup";"False";"True";"True";"";"IpLabelHash"
"Biblioteca de Estilos";"bdeee4d5-3658-4bf8-8e23-d1ac1bc4ff90";"/sites/Equipe.Obras/Style Library";"IpLabelPromotionCtagVersion";"_IpLabelPromotionCtagVersion";"Lookup";"False";"True";"True";"";"IpLabelPromotionCtagVersion"
"Biblioteca de Estilos";"bdeee4d5-3658-4bf8-8e23-d1ac1bc4ff90";"/sites/Equipe.Obras/Style Library";"ID do Proprietário do Rascunho";"_DraftOwnerId";"Lookup";"False";"True";"True";"";"DraftOwnerId"
"Biblioteca de Estilos";"bdeee4d5-3658-4bf8-8e23-d1ac1bc4ff90";"/sites/Equipe.Obras/Style Library";"Metadados do Rótulo de Confidencialidade";"_IpLabelMetaInfo";"Lookup";"False";"True";"True";"";"IpLabelMetaInfo"
"Biblioteca de Estilos";"bdeee4d5-3658-4bf8-8e23-d1ac1bc4ff90";"/sites/Equipe.Obras/Style Library";"AdditionalStreamSize";"_AdditionalStreamSize";"Lookup";"False";"True";"True";"";"AdditionalStreamSize"
"Biblioteca de Estilos";"bdeee4d5-3658-4bf8-8e23-d1ac1bc4ff90";"/sites/Equipe.Obras/Style Library";"StreamScenarioIds";"_StreamScenarioIds";"Lookup";"False";"True";"True";"";"StreamScenarioIds"
"Biblioteca de Estilos";"bdeee4d5-3658-4bf8-8e23-d1ac1bc4ff90";"/sites/Equipe.Obras/Style Library";"Status de Arquivamento";"_FileArchiveStatus";"Lookup";"False";"True";"True";"";"FileArchiveStatus"
"Biblioteca de Estilos";"bdeee4d5-3658-4bf8-8e23-d1ac1bc4ff90";"/sites/Equipe.Obras/Style Library";"Metadados do arquivo de mídia";"_ExtractedMetadata";"Lookup";"False";"True";"True";"";"ExtractedMetadata"
"Biblioteca de Estilos";"bdeee4d5-3658-4bf8-8e23-d1ac1bc4ff90";"/sites/Equipe.Obras/Style Library";"Última Modificação do Estado do Arquivo";"_FileArchiveTimeLastModified";"Lookup";"False";"True";"True";"";"FileArchiveTimeLastModified"
"Biblioteca de Estilos";"bdeee4d5-3658-4bf8-8e23-d1ac1bc4ff90";"/sites/Equipe.Obras/Style Library";"Configurações do Link principal";"MainLinkSettings";"Computed";"False";"True";"True";"";""
"Biblioteca de Estilos";"bdeee4d5-3658-4bf8-8e23-d1ac1bc4ff90";"/sites/Equipe.Obras/Style Library";"Aplicativo Criado por";"AppAuthor";"Lookup";"False";"False";"True";"AppPrincipals";"Title"
"Biblioteca de Estilos";"bdeee4d5-3658-4bf8-8e23-d1ac1bc4ff90";"/sites/Equipe.Obras/Style Library";"Aplicativo Modificado por";"AppEditor";"Lookup";"False";"False";"True";"AppPrincipals";"Title"
"Biblioteca de Estilos";"bdeee4d5-3658-4bf8-8e23-d1ac1bc4ff90";"/sites/Equipe.Obras/Style Library";"Tamanho Total";"SMTotalSize";"Lookup";"False";"True";"True";"";"SMTotalSize"
"Biblioteca de Estilos";"bdeee4d5-3658-4bf8-8e23-d1ac1bc4ff90";"/sites/Equipe.Obras/Style Library";"Data da Última Modificação";"SMLastModifiedDate";"Lookup";"False";"True";"True";"";"SMLastModifiedDate"
"Biblioteca de Estilos";"bdeee4d5-3658-4bf8-8e23-d1ac1bc4ff90";"/sites/Equipe.Obras/Style Library";"Tamanho Total do Fluxo de Arquivos";"SMTotalFileStreamSize";"Lookup";"False";"True";"True";"";"SMTotalFileStreamSize"
"Biblioteca de Estilos";"bdeee4d5-3658-4bf8-8e23-d1ac1bc4ff90";"/sites/Equipe.Obras/Style Library";"Contagem Total de Arquivos";"SMTotalFileCount";"Lookup";"False";"True";"True";"";"SMTotalFileCount"
"Biblioteca de Estilos";"bdeee4d5-3658-4bf8-8e23-d1ac1bc4ff90";"/sites/Equipe.Obras/Style Library";"Selecionar";"SelectTitle";"Computed";"False";"True";"True";"";""
"Biblioteca de Estilos";"bdeee4d5-3658-4bf8-8e23-d1ac1bc4ff90";"/sites/Equipe.Obras/Style Library";"Editar";"Edit";"Computed";"False";"False";"True";"";""
"Biblioteca de Estilos";"bdeee4d5-3658-4bf8-8e23-d1ac1bc4ff90";"/sites/Equipe.Obras/Style Library";"owshiddenversion";"owshiddenversion";"Integer";"False";"True";"True";"";""
"Biblioteca de Estilos";"bdeee4d5-3658-4bf8-8e23-d1ac1bc4ff90";"/sites/Equipe.Obras/Style Library";"Versão da UI";"_UIVersion";"Integer";"False";"True";"True";"";""
"Biblioteca de Estilos";"bdeee4d5-3658-4bf8-8e23-d1ac1bc4ff90";"/sites/Equipe.Obras/Style Library";"Versão";"_UIVersionString";"Text";"False";"False";"True";"";""
"Biblioteca de Estilos";"bdeee4d5-3658-4bf8-8e23-d1ac1bc4ff90";"/sites/Equipe.Obras/Style Library";"ID da Instância";"InstanceID";"Integer";"False";"True";"True";"";""
"Biblioteca de Estilos";"bdeee4d5-3658-4bf8-8e23-d1ac1bc4ff90";"/sites/Equipe.Obras/Style Library";"Ordem";"Order";"Number";"False";"True";"False";"";""
"Biblioteca de Estilos";"bdeee4d5-3658-4bf8-8e23-d1ac1bc4ff90";"/sites/Equipe.Obras/Style Library";"GUID";"GUID";"Guid";"False";"True";"True";"";""
"Biblioteca de Estilos";"bdeee4d5-3658-4bf8-8e23-d1ac1bc4ff90";"/sites/Equipe.Obras/Style Library";"Versão do Fluxo de Trabalho";"WorkflowVersion";"Integer";"False";"True";"True";"";""
"Biblioteca de Estilos";"bdeee4d5-3658-4bf8-8e23-d1ac1bc4ff90";"/sites/Equipe.Obras/Style Library";"ID da Instância do Fluxo de Trabalho";"WorkflowInstanceID";"Guid";"False";"True";"True";"";""
"Biblioteca de Estilos";"bdeee4d5-3658-4bf8-8e23-d1ac1bc4ff90";"/sites/Equipe.Obras/Style Library";"Versão de Origem (Documento Convertido)";"ParentVersionString";"Lookup";"False";"False";"True";"";"ParentVersionString"
"Biblioteca de Estilos";"bdeee4d5-3658-4bf8-8e23-d1ac1bc4ff90";"/sites/Equipe.Obras/Style Library";"Nome de Origem (Documento Convertido)";"ParentLeafName";"Lookup";"False";"False";"True";"";"ParentLeafName"
"Biblioteca de Estilos";"bdeee4d5-3658-4bf8-8e23-d1ac1bc4ff90";"/sites/Equipe.Obras/Style Library";"Número de Simultaneidade de Documentos";"DocConcurrencyNumber";"Lookup";"False";"True";"True";"";"DocConcurrencyNumber"
"Biblioteca de Estilos";"bdeee4d5-3658-4bf8-8e23-d1ac1bc4ff90";"/sites/Equipe.Obras/Style Library";"Hash de Fluxo do Documento";"StreamHash";"Lookup";"False";"True";"True";"";"StreamHash"
"Biblioteca de Estilos";"bdeee4d5-3658-4bf8-8e23-d1ac1bc4ff90";"/sites/Equipe.Obras/Style Library";"Mesclar";"Combine";"Computed";"False";"True";"True";"";""
"Biblioteca de Estilos";"bdeee4d5-3658-4bf8-8e23-d1ac1bc4ff90";"/sites/Equipe.Obras/Style Library";"Vincular Novamente";"RepairDocument";"Computed";"False";"True";"True";"";""
"Biblioteca de Estilos";"bdeee4d5-3658-4bf8-8e23-d1ac1bc4ff90";"/sites/Equipe.Obras/Style Library";"Ações Desabilitadas pela Política";"PolicyDisabledUICapabilities";"Computed";"False";"True";"True";"";""
"Documentos";"b148ed6a-0f40-404a-ad31-4a7e8076f5a3";"/sites/Equipe.Obras/Shared Documents";"ID do Tipo de Conteúdo";"ContentTypeId";"ContentTypeId";"False";"True";"True";"";""
"Documentos";"b148ed6a-0f40-404a-ad31-4a7e8076f5a3";"/sites/Equipe.Obras/Shared Documents";"Comentários do Aprovador";"_ModerationComments";"Note";"False";"True";"True";"";""
"Documentos";"b148ed6a-0f40-404a-ad31-4a7e8076f5a3";"/sites/Equipe.Obras/Shared Documents";"Nome";"FileLeafRef";"File";"True";"False";"False";"";""
"Documentos";"b148ed6a-0f40-404a-ad31-4a7e8076f5a3";"/sites/Equipe.Obras/Shared Documents";"Documento Modificado por";"Modified_x0020_By";"Text";"False";"True";"True";"";""
"Documentos";"b148ed6a-0f40-404a-ad31-4a7e8076f5a3";"/sites/Equipe.Obras/Shared Documents";"Documento Criado por";"Created_x0020_By";"Text";"False";"True";"True";"";""
"Documentos";"b148ed6a-0f40-404a-ad31-4a7e8076f5a3";"/sites/Equipe.Obras/Shared Documents";"Tipo de Arquivo";"File_x0020_Type";"Text";"False";"True";"True";"";""
"Documentos";"b148ed6a-0f40-404a-ad31-4a7e8076f5a3";"/sites/Equipe.Obras/Shared Documents";"Tipo de Arquivo HTML";"HTML_x0020_File_x0020_Type";"Text";"False";"True";"True";"";""
"Documentos";"b148ed6a-0f40-404a-ad31-4a7e8076f5a3";"/sites/Equipe.Obras/Shared Documents";"URL da Fonte";"_SourceUrl";"Text";"False";"True";"False";"";""
"Documentos";"b148ed6a-0f40-404a-ad31-4a7e8076f5a3";"/sites/Equipe.Obras/Shared Documents";"Índice do Arquivo Compartilhado";"_SharedFileIndex";"Text";"False";"True";"False";"";""
"Documentos";"b148ed6a-0f40-404a-ad31-4a7e8076f5a3";"/sites/Equipe.Obras/Shared Documents";"Cor";"_ColorHex";"Text";"False";"True";"True";"";""
"Documentos";"b148ed6a-0f40-404a-ad31-4a7e8076f5a3";"/sites/Equipe.Obras/Shared Documents";"Pressione Delete para excluir o ícone.";"_ColorTag";"Text";"False";"False";"True";"";""
"Documentos";"b148ed6a-0f40-404a-ad31-4a7e8076f5a3";"/sites/Equipe.Obras/Shared Documents";"Emoji";"_Emoji";"Text";"False";"True";"True";"";""
"Documentos";"b148ed6a-0f40-404a-ad31-4a7e8076f5a3";"/sites/Equipe.Obras/Shared Documents";"Metadados Gerados pela Mídia";"MediaGeneratedMetadata";"Note";"False";"True";"True";"";""
"Documentos";"b148ed6a-0f40-404a-ad31-4a7e8076f5a3";"/sites/Equipe.Obras/Shared Documents";"Metadados do Usuário de Mídia";"MediaUserMetadata";"Note";"False";"True";"True";"";""
"Documentos";"b148ed6a-0f40-404a-ad31-4a7e8076f5a3";"/sites/Equipe.Obras/Shared Documents";"Metadados do arquivo de mídia";"ExtractedMetadataComputed";"Computed";"False";"True";"True";"";""
"Documentos";"b148ed6a-0f40-404a-ad31-4a7e8076f5a3";"/sites/Equipe.Obras/Shared Documents";"Selecionar";"SelectFilename";"Computed";"False";"True";"True";"";""
"Documentos";"b148ed6a-0f40-404a-ad31-4a7e8076f5a3";"/sites/Equipe.Obras/Shared Documents";"ID de Ativo de Conformidade";"ComplianceAssetId";"Text";"False";"False";"True";"";""
"Documentos";"b148ed6a-0f40-404a-ad31-4a7e8076f5a3";"/sites/Equipe.Obras/Shared Documents";"Título";"Title";"Text";"False";"False";"False";"";""
"Documentos";"b148ed6a-0f40-404a-ad31-4a7e8076f5a3";"/sites/Equipe.Obras/Shared Documents";"Link do Modelo";"TemplateUrl";"Text";"False";"True";"False";"";""
"Documentos";"b148ed6a-0f40-404a-ad31-4a7e8076f5a3";"/sites/Equipe.Obras/Shared Documents";"Link de Arquivo HTML";"xd_ProgID";"Text";"False";"True";"False";"";""
"Documentos";"b148ed6a-0f40-404a-ad31-4a7e8076f5a3";"/sites/Equipe.Obras/Shared Documents";"Está Assinado";"xd_Signature";"Boolean";"False";"True";"True";"";""
"Documentos";"b148ed6a-0f40-404a-ad31-4a7e8076f5a3";"/sites/Equipe.Obras/Shared Documents";"Sensibilidade Eficaz";"_EffectiveIpLabelDisplayName";"Computed";"False";"True";"True";"";""
"Documentos";"b148ed6a-0f40-404a-ad31-4a7e8076f5a3";"/sites/Equipe.Obras/Shared Documents";"URL do Atalho";"_ShortcutUrl";"URL";"False";"True";"False";"";""
"Documentos";"b148ed6a-0f40-404a-ad31-4a7e8076f5a3";"/sites/Equipe.Obras/Shared Documents";"ID do Site do Atalho";"_ShortcutSiteId";"Guid";"False";"True";"False";"";""
"Documentos";"b148ed6a-0f40-404a-ad31-4a7e8076f5a3";"/sites/Equipe.Obras/Shared Documents";"ID do Atalho da Web";"_ShortcutWebId";"Guid";"False";"True";"False";"";""
"Documentos";"b148ed6a-0f40-404a-ad31-4a7e8076f5a3";"/sites/Equipe.Obras/Shared Documents";"ID Exclusiva do Atalho";"_ShortcutUniqueId";"Guid";"False";"True";"False";"";""
"Documentos";"b148ed6a-0f40-404a-ad31-4a7e8076f5a3";"/sites/Equipe.Obras/Shared Documents";"Descrição";"_ExtendedDescription";"Note";"False";"False";"False";"";""
"Documentos";"b148ed6a-0f40-404a-ad31-4a7e8076f5a3";"/sites/Equipe.Obras/Shared Documents";"Informações sobre o Fluxo de Disparo";"TriggerFlowInfo";"Text";"False";"True";"True";"";""
"Documentos";"b148ed6a-0f40-404a-ad31-4a7e8076f5a3";"/sites/Equipe.Obras/Shared Documents";"Modificado";"Modified";"DateTime";"False";"False";"True";"";""
"Documentos";"b148ed6a-0f40-404a-ad31-4a7e8076f5a3";"/sites/Equipe.Obras/Shared Documents";"MediaServiceMetadata";"MediaServiceMetadata";"Note";"False";"True";"True";"";""
"Documentos";"b148ed6a-0f40-404a-ad31-4a7e8076f5a3";"/sites/Equipe.Obras/Shared Documents";"MediaServiceFastMetadata";"MediaServiceFastMetadata";"Note";"False";"True";"True";"";""
"Documentos";"b148ed6a-0f40-404a-ad31-4a7e8076f5a3";"/sites/Equipe.Obras/Shared Documents";"MediaServiceSearchProperties";"MediaServiceSearchProperties";"Note";"False";"True";"True";"";""
"Documentos";"b148ed6a-0f40-404a-ad31-4a7e8076f5a3";"/sites/Equipe.Obras/Shared Documents";"ID";"ID";"Counter";"False";"False";"True";"";""
"Documentos";"b148ed6a-0f40-404a-ad31-4a7e8076f5a3";"/sites/Equipe.Obras/Shared Documents";"Tipo de Conteúdo";"ContentType";"Computed";"False";"False";"False";"";""
"Documentos";"b148ed6a-0f40-404a-ad31-4a7e8076f5a3";"/sites/Equipe.Obras/Shared Documents";"Criado";"Created";"DateTime";"False";"False";"True";"";""
"Documentos";"b148ed6a-0f40-404a-ad31-4a7e8076f5a3";"/sites/Equipe.Obras/Shared Documents";"Criado por";"Author";"User";"False";"False";"True";"{ebc81507-41be-46f3-9eac-dafe1234a71d}";""
"Documentos";"b148ed6a-0f40-404a-ad31-4a7e8076f5a3";"/sites/Equipe.Obras/Shared Documents";"Modificado por";"Editor";"User";"False";"False";"True";"{ebc81507-41be-46f3-9eac-dafe1234a71d}";""
"Documentos";"b148ed6a-0f40-404a-ad31-4a7e8076f5a3";"/sites/Equipe.Obras/Shared Documents";"Tem Destinos de Cópia";"_HasCopyDestinations";"Boolean";"False";"True";"True";"";""
"Documentos";"b148ed6a-0f40-404a-ad31-4a7e8076f5a3";"/sites/Equipe.Obras/Shared Documents";"Origem da Cópia";"_CopySource";"Text";"False";"False";"True";"";""
"Documentos";"b148ed6a-0f40-404a-ad31-4a7e8076f5a3";"/sites/Equipe.Obras/Shared Documents";"Status de Aprovação";"_ModerationStatus";"ModStat";"False";"True";"True";"";""
"Documentos";"b148ed6a-0f40-404a-ad31-4a7e8076f5a3";"/sites/Equipe.Obras/Shared Documents";"Caminho da URL";"FileRef";"Lookup";"False";"True";"True";"";"FullUrl"
"Documentos";"b148ed6a-0f40-404a-ad31-4a7e8076f5a3";"/sites/Equipe.Obras/Shared Documents";"Caminho";"FileDirRef";"Lookup";"False";"True";"True";"";"DirName"
"Documentos";"b148ed6a-0f40-404a-ad31-4a7e8076f5a3";"/sites/Equipe.Obras/Shared Documents";"Modificado";"Last_x0020_Modified";"Lookup";"False";"True";"True";"";"TimeLastModified"
"Documentos";"b148ed6a-0f40-404a-ad31-4a7e8076f5a3";"/sites/Equipe.Obras/Shared Documents";"Criado";"Created_x0020_Date";"Lookup";"False";"True";"True";"";"TimeCreated"
"Documentos";"b148ed6a-0f40-404a-ad31-4a7e8076f5a3";"/sites/Equipe.Obras/Shared Documents";"Tamanho do Arquivo";"File_x0020_Size";"Lookup";"False";"True";"True";"";"SizeInKB"
"Documentos";"b148ed6a-0f40-404a-ad31-4a7e8076f5a3";"/sites/Equipe.Obras/Shared Documents";"Tipo de Item";"FSObjType";"Lookup";"False";"True";"True";"";"FSType"
"Documentos";"b148ed6a-0f40-404a-ad31-4a7e8076f5a3";"/sites/Equipe.Obras/Shared Documents";"Tipo de Classificação";"SortBehavior";"Lookup";"False";"True";"True";"";"SortBehavior"
"Documentos";"b148ed6a-0f40-404a-ad31-4a7e8076f5a3";"/sites/Equipe.Obras/Shared Documents";"Máscara de Permissões Efetivas";"PermMask";"Computed";"False";"True";"True";"";""
"Documentos";"b148ed6a-0f40-404a-ad31-4a7e8076f5a3";"/sites/Equipe.Obras/Shared Documents";"Contagem de principais";"PrincipalCount";"Computed";"False";"True";"True";"";""
"Documentos";"b148ed6a-0f40-404a-ad31-4a7e8076f5a3";"/sites/Equipe.Obras/Shared Documents";"Identificação do usuário para quem o item está com check-out";"CheckedOutUserId";"Lookup";"False";"True";"True";"";"CheckoutUserId"
"Documentos";"b148ed6a-0f40-404a-ad31-4a7e8076f5a3";"/sites/Equipe.Obras/Shared Documents";"Está com Check-out para local";"IsCheckedoutToLocal";"Lookup";"False";"True";"True";"";"IsCheckoutToLocal"
"Documentos";"b148ed6a-0f40-404a-ad31-4a7e8076f5a3";"/sites/Equipe.Obras/Shared Documents";"Com Check-out para";"CheckoutUser";"User";"False";"False";"True";"{ebc81507-41be-46f3-9eac-dafe1234a71d}";""
"Documentos";"b148ed6a-0f40-404a-ad31-4a7e8076f5a3";"/sites/Equipe.Obras/Shared Documents";"Id Exclusiva";"UniqueId";"Lookup";"False";"True";"True";"";"UniqueId"
"Documentos";"b148ed6a-0f40-404a-ad31-4a7e8076f5a3";"/sites/Equipe.Obras/Shared Documents";"Identificador Pai do Documento";"ParentUniqueId";"Lookup";"False";"True";"True";"";"ParentUniqueId"
"Documentos";"b148ed6a-0f40-404a-ad31-4a7e8076f5a3";"/sites/Equipe.Obras/Shared Documents";"ID de Cliente";"SyncClientId";"Lookup";"False";"True";"True";"";"SyncClientId"
"Documentos";"b148ed6a-0f40-404a-ad31-4a7e8076f5a3";"/sites/Equipe.Obras/Shared Documents";"ProgId";"ProgId";"Lookup";"False";"True";"True";"";"ProgId"
"Documentos";"b148ed6a-0f40-404a-ad31-4a7e8076f5a3";"/sites/Equipe.Obras/Shared Documents";"ScopeId";"ScopeId";"Lookup";"False";"True";"True";"";"ScopeId"
"Documentos";"b148ed6a-0f40-404a-ad31-4a7e8076f5a3";"/sites/Equipe.Obras/Shared Documents";"Status de Vírus";"VirusStatus";"Lookup";"False";"True";"True";"";"Size"
"Documentos";"b148ed6a-0f40-404a-ad31-4a7e8076f5a3";"/sites/Equipe.Obras/Shared Documents";"Com Check-out para";"CheckedOutTitle";"Lookup";"False";"True";"True";"";"CheckedOutTitle"
"Documentos";"b148ed6a-0f40-404a-ad31-4a7e8076f5a3";"/sites/Equipe.Obras/Shared Documents";"Comentário sobre o Check-in";"_CheckinComment";"Lookup";"False";"False";"True";"";"CheckinComment"
"Documentos";"b148ed6a-0f40-404a-ad31-4a7e8076f5a3";"/sites/Equipe.Obras/Shared Documents";"Com Check-out para";"LinkCheckedOutTitle";"Computed";"False";"True";"True";"";""
"Documentos";"b148ed6a-0f40-404a-ad31-4a7e8076f5a3";"/sites/Equipe.Obras/Shared Documents";"Início da Tabela do Menu de Edição";"_EditMenuTableStart";"Computed";"False";"True";"True";"";""
"Documentos";"b148ed6a-0f40-404a-ad31-4a7e8076f5a3";"/sites/Equipe.Obras/Shared Documents";"Início da Tabela do Menu de Edição";"_EditMenuTableStart2";"Computed";"False";"True";"True";"";""
"Documentos";"b148ed6a-0f40-404a-ad31-4a7e8076f5a3";"/sites/Equipe.Obras/Shared Documents";"Fim da Tabela do Menu de Edição";"_EditMenuTableEnd";"Computed";"False";"True";"True";"";""
"Documentos";"b148ed6a-0f40-404a-ad31-4a7e8076f5a3";"/sites/Equipe.Obras/Shared Documents";"Nome";"LinkFilenameNoMenu";"Computed";"False";"False";"True";"";""
"Documentos";"b148ed6a-0f40-404a-ad31-4a7e8076f5a3";"/sites/Equipe.Obras/Shared Documents";"Nome";"LinkFilename";"Computed";"False";"False";"True";"";""
"Documentos";"b148ed6a-0f40-404a-ad31-4a7e8076f5a3";"/sites/Equipe.Obras/Shared Documents";"Nome";"LinkFilename2";"Computed";"False";"True";"True";"";""
"Documentos";"b148ed6a-0f40-404a-ad31-4a7e8076f5a3";"/sites/Equipe.Obras/Shared Documents";"Tipo";"DocIcon";"Computed";"False";"False";"True";"";""
"Documentos";"b148ed6a-0f40-404a-ad31-4a7e8076f5a3";"/sites/Equipe.Obras/Shared Documents";"URL Relativa do Servidor";"ServerUrl";"Computed";"False";"True";"True";"";""
"Documentos";"b148ed6a-0f40-404a-ad31-4a7e8076f5a3";"/sites/Equipe.Obras/Shared Documents";"URL Absoluta Codificada";"EncodedAbsUrl";"Computed";"False";"True";"True";"";""
"Documentos";"b148ed6a-0f40-404a-ad31-4a7e8076f5a3";"/sites/Equipe.Obras/Shared Documents";"Nome";"BaseName";"Computed";"False";"True";"True";"";""
"Documentos";"b148ed6a-0f40-404a-ad31-4a7e8076f5a3";"/sites/Equipe.Obras/Shared Documents";"Tamanho do Arquivo";"FileSizeDisplay";"Computed";"False";"False";"True";"";""
"Documentos";"b148ed6a-0f40-404a-ad31-4a7e8076f5a3";"/sites/Equipe.Obras/Shared Documents";"Conjunto de Propriedades";"MetaInfo";"Lookup";"False";"True";"False";"";"MetaInfo"
"Documentos";"b148ed6a-0f40-404a-ad31-4a7e8076f5a3";"/sites/Equipe.Obras/Shared Documents";"Nível";"_Level";"Integer";"False";"True";"True";"";""
"Documentos";"b148ed6a-0f40-404a-ad31-4a7e8076f5a3";"/sites/Equipe.Obras/Shared Documents";"É a Versão Atual";"_IsCurrentVersion";"Boolean";"False";"True";"True";"";""
"Documentos";"b148ed6a-0f40-404a-ad31-4a7e8076f5a3";"/sites/Equipe.Obras/Shared Documents";"Contagem de Itens Filhos";"ItemChildCount";"Lookup";"False";"False";"True";"";"ItemChildCount"
"Documentos";"b148ed6a-0f40-404a-ad31-4a7e8076f5a3";"/sites/Equipe.Obras/Shared Documents";"Contagem de Elementos Filho da Pasta";"FolderChildCount";"Lookup";"False";"False";"True";"";"FolderChildCount"
"Documentos";"b148ed6a-0f40-404a-ad31-4a7e8076f5a3";"/sites/Equipe.Obras/Shared Documents";"Restrito";"Restricted";"Lookup";"False";"True";"True";"";"Restricted"
"Documentos";"b148ed6a-0f40-404a-ad31-4a7e8076f5a3";"/sites/Equipe.Obras/Shared Documents";"ID do Originador";"OriginatorId";"Lookup";"False";"True";"True";"";"OriginatorId"
"Documentos";"b148ed6a-0f40-404a-ad31-4a7e8076f5a3";"/sites/Equipe.Obras/Shared Documents";"NãoExecutar";"NoExecute";"Lookup";"False";"True";"True";"";"DocFlags"
"Documentos";"b148ed6a-0f40-404a-ad31-4a7e8076f5a3";"/sites/Equipe.Obras/Shared Documents";"Versão do Conteúdo";"ContentVersion";"Lookup";"False";"True";"True";"";"ContentVersion"
"Documentos";"b148ed6a-0f40-404a-ad31-4a7e8076f5a3";"/sites/Equipe.Obras/Shared Documents";"Configuração do rótulo";"_ComplianceFlags";"Lookup";"False";"False";"True";"";"ComplianceFlags"
"Documentos";"b148ed6a-0f40-404a-ad31-4a7e8076f5a3";"/sites/Equipe.Obras/Shared Documents";"Rótulo de retenção";"_ComplianceTag";"Lookup";"False";"False";"True";"";"ComplianceTag"
"Documentos";"b148ed6a-0f40-404a-ad31-4a7e8076f5a3";"/sites/Equipe.Obras/Shared Documents";"Rótulo de retenção Aplicado";"_ComplianceTagWrittenTime";"Lookup";"False";"False";"True";"";"ComplianceTagWrittenTime"
"Documentos";"b148ed6a-0f40-404a-ad31-4a7e8076f5a3";"/sites/Equipe.Obras/Shared Documents";"Rótulo aplicado por";"_ComplianceTagUserId";"Lookup";"False";"False";"True";"";"ComplianceTagUserId"
"Documentos";"b148ed6a-0f40-404a-ad31-4a7e8076f5a3";"/sites/Equipe.Obras/Shared Documents";"O item é um Registro";"_IsRecord";"Computed";"False";"False";"True";"";""
"Documentos";"b148ed6a-0f40-404a-ad31-4a7e8076f5a3";"/sites/Equipe.Obras/Shared Documents";"Número de Sequência de BLOB";"BSN";"Lookup";"False";"True";"True";"";"BSN"
"Documentos";"b148ed6a-0f40-404a-ad31-4a7e8076f5a3";"/sites/Equipe.Obras/Shared Documents";"Listar Versão do Esquema";"_ListSchemaVersion";"Lookup";"False";"True";"True";"";"ListSchemaVersion"
"Documentos";"b148ed6a-0f40-404a-ad31-4a7e8076f5a3";"/sites/Equipe.Obras/Shared Documents";"Sujo";"_Dirty";"Lookup";"False";"True";"True";"";"Dirty"
"Documentos";"b148ed6a-0f40-404a-ad31-4a7e8076f5a3";"/sites/Equipe.Obras/Shared Documents";"É passível de análise";"_Parsable";"Lookup";"False";"True";"True";"";"DocFlags"
"Documentos";"b148ed6a-0f40-404a-ad31-4a7e8076f5a3";"/sites/Equipe.Obras/Shared Documents";"StubFile";"_StubFile";"Lookup";"False";"True";"True";"";"DocFlags"
"Documentos";"b148ed6a-0f40-404a-ad31-4a7e8076f5a3";"/sites/Equipe.Obras/Shared Documents";"HasEncryptedContent";"_HasEncryptedContent";"Lookup";"False";"True";"True";"";"DocFlags"
"Documentos";"b148ed6a-0f40-404a-ad31-4a7e8076f5a3";"/sites/Equipe.Obras/Shared Documents";"HasUserDefinedProtection";"_HasUserDefinedProtection";"Lookup";"False";"True";"True";"";"DocFlags"
"Documentos";"b148ed6a-0f40-404a-ad31-4a7e8076f5a3";"/sites/Equipe.Obras/Shared Documents";"Política de Acesso";"AccessPolicy";"Lookup";"False";"True";"True";"";"AccessPolicy"
"Documentos";"b148ed6a-0f40-404a-ad31-4a7e8076f5a3";"/sites/Equipe.Obras/Shared Documents";"VirusStatus";"_VirusStatus";"Lookup";"False";"True";"True";"";"VirusStatus"
"Documentos";"b148ed6a-0f40-404a-ad31-4a7e8076f5a3";"/sites/Equipe.Obras/Shared Documents";"VirusVendorID";"_VirusVendorID";"Lookup";"False";"True";"True";"";"VirusVendorID"
"Documentos";"b148ed6a-0f40-404a-ad31-4a7e8076f5a3";"/sites/Equipe.Obras/Shared Documents";"VirusInfo";"_VirusInfo";"Lookup";"False";"True";"True";"";"VirusInfo"
"Documentos";"b148ed6a-0f40-404a-ad31-4a7e8076f5a3";"/sites/Equipe.Obras/Shared Documents";"RansomwareAnomalyMetaInfo";"_RansomwareAnomalyMetaInfo";"Lookup";"False";"True";"True";"";"RansomwareAnomalyMetaInfo"
"Documentos";"b148ed6a-0f40-404a-ad31-4a7e8076f5a3";"/sites/Equipe.Obras/Shared Documents";"Configurações de comentários";"_CommentFlags";"Lookup";"False";"True";"True";"";"CommentFlags"
"Documentos";"b148ed6a-0f40-404a-ad31-4a7e8076f5a3";"/sites/Equipe.Obras/Shared Documents";"Contagem de comentário";"_CommentCount";"Lookup";"False";"False";"True";"";"CommentCount"
"Documentos";"b148ed6a-0f40-404a-ad31-4a7e8076f5a3";"/sites/Equipe.Obras/Shared Documents";"Contagem de curtidas";"_LikeCount";"Lookup";"False";"False";"True";"";"LikeCount"
"Documentos";"b148ed6a-0f40-404a-ad31-4a7e8076f5a3";"/sites/Equipe.Obras/Shared Documents";"ID do Modelo do Rights Management";"_RmsTemplateId";"Lookup";"False";"True";"True";"";"RmsTemplateId"
"Documentos";"b148ed6a-0f40-404a-ad31-4a7e8076f5a3";"/sites/Equipe.Obras/Shared Documents";"ID do rótulo de confidencialidade";"_IpLabelId";"Lookup";"False";"True";"True";"";"IpLabelId"
"Documentos";"b148ed6a-0f40-404a-ad31-4a7e8076f5a3";"/sites/Equipe.Obras/Shared Documents";"Confidencialidade";"_DisplayName";"Lookup";"False";"False";"True";"";"DisplayName"
"Documentos";"b148ed6a-0f40-404a-ad31-4a7e8076f5a3";"/sites/Equipe.Obras/Shared Documents";"Método de Atribuição de Rótulo de Confidencialidade";"_IpLabelAssignmentMethod";"Lookup";"False";"True";"True";"";"IpLabelAssignmentMethod"
"Documentos";"b148ed6a-0f40-404a-ad31-4a7e8076f5a3";"/sites/Equipe.Obras/Shared Documents";"Contagem de Montagem de A2OD";"A2ODMountCount";"Lookup";"False";"True";"True";"";"A2ODMountCount"
"Documentos";"b148ed6a-0f40-404a-ad31-4a7e8076f5a3";"/sites/Equipe.Obras/Shared Documents";"Data de Validade";"_ExpirationDate";"Lookup";"False";"True";"True";"";"ExpirationDate"
"Documentos";"b148ed6a-0f40-404a-ad31-4a7e8076f5a3";"/sites/Equipe.Obras/Shared Documents";"IpLabelHash";"_IpLabelHash";"Lookup";"False";"True";"True";"";"IpLabelHash"
"Documentos";"b148ed6a-0f40-404a-ad31-4a7e8076f5a3";"/sites/Equipe.Obras/Shared Documents";"IpLabelPromotionCtagVersion";"_IpLabelPromotionCtagVersion";"Lookup";"False";"True";"True";"";"IpLabelPromotionCtagVersion"
"Documentos";"b148ed6a-0f40-404a-ad31-4a7e8076f5a3";"/sites/Equipe.Obras/Shared Documents";"ID do Proprietário do Rascunho";"_DraftOwnerId";"Lookup";"False";"True";"True";"";"DraftOwnerId"
"Documentos";"b148ed6a-0f40-404a-ad31-4a7e8076f5a3";"/sites/Equipe.Obras/Shared Documents";"Metadados do Rótulo de Confidencialidade";"_IpLabelMetaInfo";"Lookup";"False";"True";"True";"";"IpLabelMetaInfo"
"Documentos";"b148ed6a-0f40-404a-ad31-4a7e8076f5a3";"/sites/Equipe.Obras/Shared Documents";"AdditionalStreamSize";"_AdditionalStreamSize";"Lookup";"False";"True";"True";"";"AdditionalStreamSize"
"Documentos";"b148ed6a-0f40-404a-ad31-4a7e8076f5a3";"/sites/Equipe.Obras/Shared Documents";"StreamScenarioIds";"_StreamScenarioIds";"Lookup";"False";"True";"True";"";"StreamScenarioIds"
"Documentos";"b148ed6a-0f40-404a-ad31-4a7e8076f5a3";"/sites/Equipe.Obras/Shared Documents";"Status de Arquivamento";"_FileArchiveStatus";"Lookup";"False";"True";"True";"";"FileArchiveStatus"
"Documentos";"b148ed6a-0f40-404a-ad31-4a7e8076f5a3";"/sites/Equipe.Obras/Shared Documents";"Metadados do arquivo de mídia";"_ExtractedMetadata";"Lookup";"False";"True";"True";"";"ExtractedMetadata"
"Documentos";"b148ed6a-0f40-404a-ad31-4a7e8076f5a3";"/sites/Equipe.Obras/Shared Documents";"Última Modificação do Estado do Arquivo";"_FileArchiveTimeLastModified";"Lookup";"False";"True";"True";"";"FileArchiveTimeLastModified"
"Documentos";"b148ed6a-0f40-404a-ad31-4a7e8076f5a3";"/sites/Equipe.Obras/Shared Documents";"Configurações do Link principal";"MainLinkSettings";"Computed";"False";"True";"True";"";""
"Documentos";"b148ed6a-0f40-404a-ad31-4a7e8076f5a3";"/sites/Equipe.Obras/Shared Documents";"Aplicativo Criado por";"AppAuthor";"Lookup";"False";"False";"True";"AppPrincipals";"Title"
"Documentos";"b148ed6a-0f40-404a-ad31-4a7e8076f5a3";"/sites/Equipe.Obras/Shared Documents";"Aplicativo Modificado por";"AppEditor";"Lookup";"False";"False";"True";"AppPrincipals";"Title"
"Documentos";"b148ed6a-0f40-404a-ad31-4a7e8076f5a3";"/sites/Equipe.Obras/Shared Documents";"Tamanho Total";"SMTotalSize";"Lookup";"False";"True";"True";"";"SMTotalSize"
"Documentos";"b148ed6a-0f40-404a-ad31-4a7e8076f5a3";"/sites/Equipe.Obras/Shared Documents";"Data da Última Modificação";"SMLastModifiedDate";"Lookup";"False";"True";"True";"";"SMLastModifiedDate"
"Documentos";"b148ed6a-0f40-404a-ad31-4a7e8076f5a3";"/sites/Equipe.Obras/Shared Documents";"Tamanho Total do Fluxo de Arquivos";"SMTotalFileStreamSize";"Lookup";"False";"True";"True";"";"SMTotalFileStreamSize"
"Documentos";"b148ed6a-0f40-404a-ad31-4a7e8076f5a3";"/sites/Equipe.Obras/Shared Documents";"Contagem Total de Arquivos";"SMTotalFileCount";"Lookup";"False";"True";"True";"";"SMTotalFileCount"
"Documentos";"b148ed6a-0f40-404a-ad31-4a7e8076f5a3";"/sites/Equipe.Obras/Shared Documents";"Selecionar";"SelectTitle";"Computed";"False";"True";"True";"";""
"Documentos";"b148ed6a-0f40-404a-ad31-4a7e8076f5a3";"/sites/Equipe.Obras/Shared Documents";"Editar";"Edit";"Computed";"False";"False";"True";"";""
"Documentos";"b148ed6a-0f40-404a-ad31-4a7e8076f5a3";"/sites/Equipe.Obras/Shared Documents";"owshiddenversion";"owshiddenversion";"Integer";"False";"True";"True";"";""
"Documentos";"b148ed6a-0f40-404a-ad31-4a7e8076f5a3";"/sites/Equipe.Obras/Shared Documents";"Versão da UI";"_UIVersion";"Integer";"False";"True";"True";"";""
"Documentos";"b148ed6a-0f40-404a-ad31-4a7e8076f5a3";"/sites/Equipe.Obras/Shared Documents";"Versão";"_UIVersionString";"Text";"False";"False";"True";"";""
"Documentos";"b148ed6a-0f40-404a-ad31-4a7e8076f5a3";"/sites/Equipe.Obras/Shared Documents";"ID da Instância";"InstanceID";"Integer";"False";"True";"True";"";""
"Documentos";"b148ed6a-0f40-404a-ad31-4a7e8076f5a3";"/sites/Equipe.Obras/Shared Documents";"Ordem";"Order";"Number";"False";"True";"False";"";""
"Documentos";"b148ed6a-0f40-404a-ad31-4a7e8076f5a3";"/sites/Equipe.Obras/Shared Documents";"GUID";"GUID";"Guid";"False";"True";"True";"";""
"Documentos";"b148ed6a-0f40-404a-ad31-4a7e8076f5a3";"/sites/Equipe.Obras/Shared Documents";"Versão do Fluxo de Trabalho";"WorkflowVersion";"Integer";"False";"True";"True";"";""
"Documentos";"b148ed6a-0f40-404a-ad31-4a7e8076f5a3";"/sites/Equipe.Obras/Shared Documents";"ID da Instância do Fluxo de Trabalho";"WorkflowInstanceID";"Guid";"False";"True";"True";"";""
"Documentos";"b148ed6a-0f40-404a-ad31-4a7e8076f5a3";"/sites/Equipe.Obras/Shared Documents";"Versão de Origem (Documento Convertido)";"ParentVersionString";"Lookup";"False";"False";"True";"";"ParentVersionString"
"Documentos";"b148ed6a-0f40-404a-ad31-4a7e8076f5a3";"/sites/Equipe.Obras/Shared Documents";"Nome de Origem (Documento Convertido)";"ParentLeafName";"Lookup";"False";"False";"True";"";"ParentLeafName"
"Documentos";"b148ed6a-0f40-404a-ad31-4a7e8076f5a3";"/sites/Equipe.Obras/Shared Documents";"Número de Simultaneidade de Documentos";"DocConcurrencyNumber";"Lookup";"False";"True";"True";"";"DocConcurrencyNumber"
"Documentos";"b148ed6a-0f40-404a-ad31-4a7e8076f5a3";"/sites/Equipe.Obras/Shared Documents";"Hash de Fluxo do Documento";"StreamHash";"Lookup";"False";"True";"True";"";"StreamHash"
"Documentos";"b148ed6a-0f40-404a-ad31-4a7e8076f5a3";"/sites/Equipe.Obras/Shared Documents";"Mesclar";"Combine";"Computed";"False";"True";"True";"";""
"Documentos";"b148ed6a-0f40-404a-ad31-4a7e8076f5a3";"/sites/Equipe.Obras/Shared Documents";"Vincular Novamente";"RepairDocument";"Computed";"False";"True";"True";"";""
"Documentos";"b148ed6a-0f40-404a-ad31-4a7e8076f5a3";"/sites/Equipe.Obras/Shared Documents";"Ações Desabilitadas pela Política";"PolicyDisabledUICapabilities";"Computed";"False";"True";"True";"";""
"Lista 01 - Controle de Obras ENAC";"a9afadc1-f843-45c0-a628-4f49a8716832";"/sites/Equipe.Obras/Lists/Lista 01  Controle de Obras ENAC";"ID do Tipo de Conteúdo";"ContentTypeId";"ContentTypeId";"False";"True";"True";"";""
"Lista 01 - Controle de Obras ENAC";"a9afadc1-f843-45c0-a628-4f49a8716832";"/sites/Equipe.Obras/Lists/Lista 01  Controle de Obras ENAC";"Título";"Title";"Text";"False";"False";"False";"";""
"Lista 01 - Controle de Obras ENAC";"a9afadc1-f843-45c0-a628-4f49a8716832";"/sites/Equipe.Obras/Lists/Lista 01  Controle de Obras ENAC";"Comentários do Aprovador";"_ModerationComments";"Note";"False";"True";"True";"";""
"Lista 01 - Controle de Obras ENAC";"a9afadc1-f843-45c0-a628-4f49a8716832";"/sites/Equipe.Obras/Lists/Lista 01  Controle de Obras ENAC";"Código da Obra";"LinkTitle";"Computed";"False";"False";"True";"";""
"Lista 01 - Controle de Obras ENAC";"a9afadc1-f843-45c0-a628-4f49a8716832";"/sites/Equipe.Obras/Lists/Lista 01  Controle de Obras ENAC";"Tipo de Arquivo";"File_x0020_Type";"Text";"False";"True";"True";"";""
"Lista 01 - Controle de Obras ENAC";"a9afadc1-f843-45c0-a628-4f49a8716832";"/sites/Equipe.Obras/Lists/Lista 01  Controle de Obras ENAC";"Cor";"_ColorHex";"Text";"False";"True";"True";"";""
"Lista 01 - Controle de Obras ENAC";"a9afadc1-f843-45c0-a628-4f49a8716832";"/sites/Equipe.Obras/Lists/Lista 01  Controle de Obras ENAC";"Pressione Delete para excluir o ícone.";"_ColorTag";"Text";"False";"False";"True";"";""
"Lista 01 - Controle de Obras ENAC";"a9afadc1-f843-45c0-a628-4f49a8716832";"/sites/Equipe.Obras/Lists/Lista 01  Controle de Obras ENAC";"Emoji";"_Emoji";"Text";"False";"True";"True";"";""
"Lista 01 - Controle de Obras ENAC";"a9afadc1-f843-45c0-a628-4f49a8716832";"/sites/Equipe.Obras/Lists/Lista 01  Controle de Obras ENAC";"ID de Ativo de Conformidade";"ComplianceAssetId";"Text";"False";"False";"True";"";""
"Lista 01 - Controle de Obras ENAC";"a9afadc1-f843-45c0-a628-4f49a8716832";"/sites/Equipe.Obras/Lists/Lista 01  Controle de Obras ENAC";"Nome da Obra";"NomedaObra";"Text";"False";"False";"False";"";""
"Lista 01 - Controle de Obras ENAC";"a9afadc1-f843-45c0-a628-4f49a8716832";"/sites/Equipe.Obras/Lists/Lista 01  Controle de Obras ENAC";"Cliente";"Cliente";"Text";"False";"False";"False";"";""
"Lista 01 - Controle de Obras ENAC";"a9afadc1-f843-45c0-a628-4f49a8716832";"/sites/Equipe.Obras/Lists/Lista 01  Controle de Obras ENAC";"Status da Obra";"StatusdaObra";"Choice";"False";"False";"False";"";""
"Lista 01 - Controle de Obras ENAC";"a9afadc1-f843-45c0-a628-4f49a8716832";"/sites/Equipe.Obras/Lists/Lista 01  Controle de Obras ENAC";"Centro de Custo";"CentrodeCusto";"Text";"False";"False";"False";"";""
"Lista 01 - Controle de Obras ENAC";"a9afadc1-f843-45c0-a628-4f49a8716832";"/sites/Equipe.Obras/Lists/Lista 01  Controle de Obras ENAC";"Pasta SharePoint da Obra";"PastaSharePointdaObra";"URL";"False";"False";"False";"";""
"Lista 01 - Controle de Obras ENAC";"a9afadc1-f843-45c0-a628-4f49a8716832";"/sites/Equipe.Obras/Lists/Lista 01  Controle de Obras ENAC";"Cronograma Planner";"CronogramaPlanner";"URL";"False";"False";"False";"";""
"Lista 01 - Controle de Obras ENAC";"a9afadc1-f843-45c0-a628-4f49a8716832";"/sites/Equipe.Obras/Lists/Lista 01  Controle de Obras ENAC";"Responsável Planejamento";"Respons_x00e1_velPlanejamento";"User";"False";"False";"False";"{ebc81507-41be-46f3-9eac-dafe1234a71d}";""
"Lista 01 - Controle de Obras ENAC";"a9afadc1-f843-45c0-a628-4f49a8716832";"/sites/Equipe.Obras/Lists/Lista 01  Controle de Obras ENAC";"Responsável Compras Financeiro";"Respons_x00e1_velComprasFinancei";"User";"False";"False";"False";"{ebc81507-41be-46f3-9eac-dafe1234a71d}";""
"Lista 01 - Controle de Obras ENAC";"a9afadc1-f843-45c0-a628-4f49a8716832";"/sites/Equipe.Obras/Lists/Lista 01  Controle de Obras ENAC";"Responsável Documental";"Respons_x00e1_velDocumental";"User";"False";"False";"False";"{ebc81507-41be-46f3-9eac-dafe1234a71d}";""
"Lista 01 - Controle de Obras ENAC";"a9afadc1-f843-45c0-a628-4f49a8716832";"/sites/Equipe.Obras/Lists/Lista 01  Controle de Obras ENAC";"Diretor Responsável";"DiretorRespons_x00e1_vel";"User";"False";"False";"False";"{ebc81507-41be-46f3-9eac-dafe1234a71d}";""
"Lista 01 - Controle de Obras ENAC";"a9afadc1-f843-45c0-a628-4f49a8716832";"/sites/Equipe.Obras/Lists/Lista 01  Controle de Obras ENAC";"Data de Início Prevista";"DatadeIn_x00ed_cioPrevista";"DateTime";"False";"False";"False";"";""
"Lista 01 - Controle de Obras ENAC";"a9afadc1-f843-45c0-a628-4f49a8716832";"/sites/Equipe.Obras/Lists/Lista 01  Controle de Obras ENAC";"Data de Término Prevista";"DatadeT_x00e9_rminoPrevista";"DateTime";"False";"False";"False";"";""
"Lista 01 - Controle de Obras ENAC";"a9afadc1-f843-45c0-a628-4f49a8716832";"/sites/Equipe.Obras/Lists/Lista 01  Controle de Obras ENAC";"Valor Contratado";"ValorContratado";"Currency";"False";"False";"False";"";""
"Lista 01 - Controle de Obras ENAC";"a9afadc1-f843-45c0-a628-4f49a8716832";"/sites/Equipe.Obras/Lists/Lista 01  Controle de Obras ENAC";"Observações";"Observa_x00e7__x00f5_es";"Note";"False";"False";"False";"";""
"Lista 01 - Controle de Obras ENAC";"a9afadc1-f843-45c0-a628-4f49a8716832";"/sites/Equipe.Obras/Lists/Lista 01  Controle de Obras ENAC";"ID";"ID";"Counter";"False";"False";"True";"";""
"Lista 01 - Controle de Obras ENAC";"a9afadc1-f843-45c0-a628-4f49a8716832";"/sites/Equipe.Obras/Lists/Lista 01  Controle de Obras ENAC";"Tipo de Conteúdo";"ContentType";"Computed";"False";"False";"False";"";""
"Lista 01 - Controle de Obras ENAC";"a9afadc1-f843-45c0-a628-4f49a8716832";"/sites/Equipe.Obras/Lists/Lista 01  Controle de Obras ENAC";"Modificado";"Modified";"DateTime";"False";"False";"True";"";""
"Lista 01 - Controle de Obras ENAC";"a9afadc1-f843-45c0-a628-4f49a8716832";"/sites/Equipe.Obras/Lists/Lista 01  Controle de Obras ENAC";"Criado";"Created";"DateTime";"False";"False";"True";"";""
"Lista 01 - Controle de Obras ENAC";"a9afadc1-f843-45c0-a628-4f49a8716832";"/sites/Equipe.Obras/Lists/Lista 01  Controle de Obras ENAC";"Criado por";"Author";"User";"False";"False";"True";"{ebc81507-41be-46f3-9eac-dafe1234a71d}";""
"Lista 01 - Controle de Obras ENAC";"a9afadc1-f843-45c0-a628-4f49a8716832";"/sites/Equipe.Obras/Lists/Lista 01  Controle de Obras ENAC";"Modificado por";"Editor";"User";"False";"False";"True";"{ebc81507-41be-46f3-9eac-dafe1234a71d}";""
"Lista 01 - Controle de Obras ENAC";"a9afadc1-f843-45c0-a628-4f49a8716832";"/sites/Equipe.Obras/Lists/Lista 01  Controle de Obras ENAC";"Tem Destinos de Cópia";"_HasCopyDestinations";"Boolean";"False";"True";"True";"";""
"Lista 01 - Controle de Obras ENAC";"a9afadc1-f843-45c0-a628-4f49a8716832";"/sites/Equipe.Obras/Lists/Lista 01  Controle de Obras ENAC";"Origem da Cópia";"_CopySource";"Text";"False";"True";"True";"";""
"Lista 01 - Controle de Obras ENAC";"a9afadc1-f843-45c0-a628-4f49a8716832";"/sites/Equipe.Obras/Lists/Lista 01  Controle de Obras ENAC";"owshiddenversion";"owshiddenversion";"Integer";"False";"True";"True";"";""
"Lista 01 - Controle de Obras ENAC";"a9afadc1-f843-45c0-a628-4f49a8716832";"/sites/Equipe.Obras/Lists/Lista 01  Controle de Obras ENAC";"Versão do Fluxo de Trabalho";"WorkflowVersion";"Integer";"False";"True";"True";"";""
"Lista 01 - Controle de Obras ENAC";"a9afadc1-f843-45c0-a628-4f49a8716832";"/sites/Equipe.Obras/Lists/Lista 01  Controle de Obras ENAC";"Versão da UI";"_UIVersion";"Integer";"False";"True";"True";"";""
"Lista 01 - Controle de Obras ENAC";"a9afadc1-f843-45c0-a628-4f49a8716832";"/sites/Equipe.Obras/Lists/Lista 01  Controle de Obras ENAC";"Versão";"_UIVersionString";"Text";"False";"False";"True";"";""
"Lista 01 - Controle de Obras ENAC";"a9afadc1-f843-45c0-a628-4f49a8716832";"/sites/Equipe.Obras/Lists/Lista 01  Controle de Obras ENAC";"Anexos";"Attachments";"Attachments";"False";"False";"False";"";""
"Lista 01 - Controle de Obras ENAC";"a9afadc1-f843-45c0-a628-4f49a8716832";"/sites/Equipe.Obras/Lists/Lista 01  Controle de Obras ENAC";"Status de Aprovação";"_ModerationStatus";"ModStat";"False";"True";"True";"";""
"Lista 01 - Controle de Obras ENAC";"a9afadc1-f843-45c0-a628-4f49a8716832";"/sites/Equipe.Obras/Lists/Lista 01  Controle de Obras ENAC";"Editar";"Edit";"Computed";"False";"False";"True";"";""
"Lista 01 - Controle de Obras ENAC";"a9afadc1-f843-45c0-a628-4f49a8716832";"/sites/Equipe.Obras/Lists/Lista 01  Controle de Obras ENAC";"Título";"LinkTitleNoMenu";"Computed";"False";"False";"True";"";""
"Lista 01 - Controle de Obras ENAC";"a9afadc1-f843-45c0-a628-4f49a8716832";"/sites/Equipe.Obras/Lists/Lista 01  Controle de Obras ENAC";"Título";"LinkTitle2";"Computed";"False";"True";"True";"";""
"Lista 01 - Controle de Obras ENAC";"a9afadc1-f843-45c0-a628-4f49a8716832";"/sites/Equipe.Obras/Lists/Lista 01  Controle de Obras ENAC";"Selecionar";"SelectTitle";"Computed";"False";"True";"True";"";""
"Lista 01 - Controle de Obras ENAC";"a9afadc1-f843-45c0-a628-4f49a8716832";"/sites/Equipe.Obras/Lists/Lista 01  Controle de Obras ENAC";"ID da Instância";"InstanceID";"Integer";"False";"True";"True";"";""
"Lista 01 - Controle de Obras ENAC";"a9afadc1-f843-45c0-a628-4f49a8716832";"/sites/Equipe.Obras/Lists/Lista 01  Controle de Obras ENAC";"Ordem";"Order";"Number";"False";"True";"False";"";""
"Lista 01 - Controle de Obras ENAC";"a9afadc1-f843-45c0-a628-4f49a8716832";"/sites/Equipe.Obras/Lists/Lista 01  Controle de Obras ENAC";"GUID";"GUID";"Guid";"False";"True";"True";"";""
"Lista 01 - Controle de Obras ENAC";"a9afadc1-f843-45c0-a628-4f49a8716832";"/sites/Equipe.Obras/Lists/Lista 01  Controle de Obras ENAC";"ID da Instância do Fluxo de Trabalho";"WorkflowInstanceID";"Guid";"False";"True";"True";"";""
"Lista 01 - Controle de Obras ENAC";"a9afadc1-f843-45c0-a628-4f49a8716832";"/sites/Equipe.Obras/Lists/Lista 01  Controle de Obras ENAC";"Caminho da URL";"FileRef";"Lookup";"False";"True";"True";"";"FullUrl"
"Lista 01 - Controle de Obras ENAC";"a9afadc1-f843-45c0-a628-4f49a8716832";"/sites/Equipe.Obras/Lists/Lista 01  Controle de Obras ENAC";"Caminho";"FileDirRef";"Lookup";"False";"True";"True";"";"DirName"
"Lista 01 - Controle de Obras ENAC";"a9afadc1-f843-45c0-a628-4f49a8716832";"/sites/Equipe.Obras/Lists/Lista 01  Controle de Obras ENAC";"Modificado";"Last_x0020_Modified";"Lookup";"False";"True";"True";"";"TimeLastModified"
"Lista 01 - Controle de Obras ENAC";"a9afadc1-f843-45c0-a628-4f49a8716832";"/sites/Equipe.Obras/Lists/Lista 01  Controle de Obras ENAC";"Criado";"Created_x0020_Date";"Lookup";"False";"True";"True";"";"TimeCreated"
"Lista 01 - Controle de Obras ENAC";"a9afadc1-f843-45c0-a628-4f49a8716832";"/sites/Equipe.Obras/Lists/Lista 01  Controle de Obras ENAC";"Tipo de Item";"FSObjType";"Lookup";"False";"True";"True";"";"FSType"
"Lista 01 - Controle de Obras ENAC";"a9afadc1-f843-45c0-a628-4f49a8716832";"/sites/Equipe.Obras/Lists/Lista 01  Controle de Obras ENAC";"Tipo de Classificação";"SortBehavior";"Lookup";"False";"True";"True";"";"SortBehavior"
"Lista 01 - Controle de Obras ENAC";"a9afadc1-f843-45c0-a628-4f49a8716832";"/sites/Equipe.Obras/Lists/Lista 01  Controle de Obras ENAC";"Máscara de Permissões Efetivas";"PermMask";"Computed";"False";"True";"True";"";""
"Lista 01 - Controle de Obras ENAC";"a9afadc1-f843-45c0-a628-4f49a8716832";"/sites/Equipe.Obras/Lists/Lista 01  Controle de Obras ENAC";"Contagem de principais";"PrincipalCount";"Computed";"False";"True";"True";"";""
"Lista 01 - Controle de Obras ENAC";"a9afadc1-f843-45c0-a628-4f49a8716832";"/sites/Equipe.Obras/Lists/Lista 01  Controle de Obras ENAC";"Nome";"FileLeafRef";"File";"False";"True";"False";"";""
"Lista 01 - Controle de Obras ENAC";"a9afadc1-f843-45c0-a628-4f49a8716832";"/sites/Equipe.Obras/Lists/Lista 01  Controle de Obras ENAC";"Id Exclusiva";"UniqueId";"Lookup";"False";"True";"True";"";"UniqueId"
"Lista 01 - Controle de Obras ENAC";"a9afadc1-f843-45c0-a628-4f49a8716832";"/sites/Equipe.Obras/Lists/Lista 01  Controle de Obras ENAC";"Identificador Pai do Documento";"ParentUniqueId";"Lookup";"False";"True";"True";"";"ParentUniqueId"
"Lista 01 - Controle de Obras ENAC";"a9afadc1-f843-45c0-a628-4f49a8716832";"/sites/Equipe.Obras/Lists/Lista 01  Controle de Obras ENAC";"ID de Cliente";"SyncClientId";"Lookup";"False";"True";"True";"";"SyncClientId"
"Lista 01 - Controle de Obras ENAC";"a9afadc1-f843-45c0-a628-4f49a8716832";"/sites/Equipe.Obras/Lists/Lista 01  Controle de Obras ENAC";"ProgId";"ProgId";"Lookup";"False";"True";"True";"";"ProgId"
"Lista 01 - Controle de Obras ENAC";"a9afadc1-f843-45c0-a628-4f49a8716832";"/sites/Equipe.Obras/Lists/Lista 01  Controle de Obras ENAC";"ScopeId";"ScopeId";"Lookup";"False";"True";"True";"";"ScopeId"
"Lista 01 - Controle de Obras ENAC";"a9afadc1-f843-45c0-a628-4f49a8716832";"/sites/Equipe.Obras/Lists/Lista 01  Controle de Obras ENAC";"Tipo de Arquivo HTML";"HTML_x0020_File_x0020_Type";"Computed";"False";"True";"True";"";""
"Lista 01 - Controle de Obras ENAC";"a9afadc1-f843-45c0-a628-4f49a8716832";"/sites/Equipe.Obras/Lists/Lista 01  Controle de Obras ENAC";"Início da Tabela do Menu de Edição";"_EditMenuTableStart";"Computed";"False";"True";"True";"";""
"Lista 01 - Controle de Obras ENAC";"a9afadc1-f843-45c0-a628-4f49a8716832";"/sites/Equipe.Obras/Lists/Lista 01  Controle de Obras ENAC";"Início da Tabela do Menu de Edição";"_EditMenuTableStart2";"Computed";"False";"True";"True";"";""
"Lista 01 - Controle de Obras ENAC";"a9afadc1-f843-45c0-a628-4f49a8716832";"/sites/Equipe.Obras/Lists/Lista 01  Controle de Obras ENAC";"Fim da Tabela do Menu de Edição";"_EditMenuTableEnd";"Computed";"False";"True";"True";"";""
"Lista 01 - Controle de Obras ENAC";"a9afadc1-f843-45c0-a628-4f49a8716832";"/sites/Equipe.Obras/Lists/Lista 01  Controle de Obras ENAC";"Nome";"LinkFilenameNoMenu";"Computed";"False";"True";"True";"";""
"Lista 01 - Controle de Obras ENAC";"a9afadc1-f843-45c0-a628-4f49a8716832";"/sites/Equipe.Obras/Lists/Lista 01  Controle de Obras ENAC";"Nome";"LinkFilename";"Computed";"False";"True";"True";"";""
"Lista 01 - Controle de Obras ENAC";"a9afadc1-f843-45c0-a628-4f49a8716832";"/sites/Equipe.Obras/Lists/Lista 01  Controle de Obras ENAC";"Nome";"LinkFilename2";"Computed";"False";"True";"True";"";""
"Lista 01 - Controle de Obras ENAC";"a9afadc1-f843-45c0-a628-4f49a8716832";"/sites/Equipe.Obras/Lists/Lista 01  Controle de Obras ENAC";"Tipo";"DocIcon";"Computed";"False";"False";"True";"";""
"Lista 01 - Controle de Obras ENAC";"a9afadc1-f843-45c0-a628-4f49a8716832";"/sites/Equipe.Obras/Lists/Lista 01  Controle de Obras ENAC";"URL Relativa do Servidor";"ServerUrl";"Computed";"False";"True";"True";"";""
"Lista 01 - Controle de Obras ENAC";"a9afadc1-f843-45c0-a628-4f49a8716832";"/sites/Equipe.Obras/Lists/Lista 01  Controle de Obras ENAC";"URL Absoluta Codificada";"EncodedAbsUrl";"Computed";"False";"True";"True";"";""
"Lista 01 - Controle de Obras ENAC";"a9afadc1-f843-45c0-a628-4f49a8716832";"/sites/Equipe.Obras/Lists/Lista 01  Controle de Obras ENAC";"Nome do Arquivo";"BaseName";"Computed";"False";"True";"True";"";""
"Lista 01 - Controle de Obras ENAC";"a9afadc1-f843-45c0-a628-4f49a8716832";"/sites/Equipe.Obras/Lists/Lista 01  Controle de Obras ENAC";"Conjunto de Propriedades";"MetaInfo";"Lookup";"False";"True";"False";"";"MetaInfo"
"Lista 01 - Controle de Obras ENAC";"a9afadc1-f843-45c0-a628-4f49a8716832";"/sites/Equipe.Obras/Lists/Lista 01  Controle de Obras ENAC";"Nível";"_Level";"Integer";"False";"True";"True";"";""
"Lista 01 - Controle de Obras ENAC";"a9afadc1-f843-45c0-a628-4f49a8716832";"/sites/Equipe.Obras/Lists/Lista 01  Controle de Obras ENAC";"É a Versão Atual";"_IsCurrentVersion";"Boolean";"False";"True";"True";"";""
"Lista 01 - Controle de Obras ENAC";"a9afadc1-f843-45c0-a628-4f49a8716832";"/sites/Equipe.Obras/Lists/Lista 01  Controle de Obras ENAC";"Contagem de Itens Filhos";"ItemChildCount";"Lookup";"False";"False";"True";"";"ItemChildCount"
"Lista 01 - Controle de Obras ENAC";"a9afadc1-f843-45c0-a628-4f49a8716832";"/sites/Equipe.Obras/Lists/Lista 01  Controle de Obras ENAC";"Contagem de Elementos Filho da Pasta";"FolderChildCount";"Lookup";"False";"False";"True";"";"FolderChildCount"
"Lista 01 - Controle de Obras ENAC";"a9afadc1-f843-45c0-a628-4f49a8716832";"/sites/Equipe.Obras/Lists/Lista 01  Controle de Obras ENAC";"Restrito";"Restricted";"Lookup";"False";"True";"True";"";"Restricted"
"Lista 01 - Controle de Obras ENAC";"a9afadc1-f843-45c0-a628-4f49a8716832";"/sites/Equipe.Obras/Lists/Lista 01  Controle de Obras ENAC";"ID do Originador";"OriginatorId";"Lookup";"False";"True";"True";"";"OriginatorId"
"Lista 01 - Controle de Obras ENAC";"a9afadc1-f843-45c0-a628-4f49a8716832";"/sites/Equipe.Obras/Lists/Lista 01  Controle de Obras ENAC";"NãoExecutar";"NoExecute";"Lookup";"False";"True";"True";"";"DocFlags"
"Lista 01 - Controle de Obras ENAC";"a9afadc1-f843-45c0-a628-4f49a8716832";"/sites/Equipe.Obras/Lists/Lista 01  Controle de Obras ENAC";"Versão do Conteúdo";"ContentVersion";"Lookup";"False";"True";"True";"";"ContentVersion"
"Lista 01 - Controle de Obras ENAC";"a9afadc1-f843-45c0-a628-4f49a8716832";"/sites/Equipe.Obras/Lists/Lista 01  Controle de Obras ENAC";"Configuração do rótulo";"_ComplianceFlags";"Lookup";"False";"False";"True";"";"ComplianceFlags"
"Lista 01 - Controle de Obras ENAC";"a9afadc1-f843-45c0-a628-4f49a8716832";"/sites/Equipe.Obras/Lists/Lista 01  Controle de Obras ENAC";"Rótulo de retenção";"_ComplianceTag";"Lookup";"False";"False";"True";"";"ComplianceTag"
"Lista 01 - Controle de Obras ENAC";"a9afadc1-f843-45c0-a628-4f49a8716832";"/sites/Equipe.Obras/Lists/Lista 01  Controle de Obras ENAC";"Rótulo de retenção Aplicado";"_ComplianceTagWrittenTime";"Lookup";"False";"False";"True";"";"ComplianceTagWrittenTime"
"Lista 01 - Controle de Obras ENAC";"a9afadc1-f843-45c0-a628-4f49a8716832";"/sites/Equipe.Obras/Lists/Lista 01  Controle de Obras ENAC";"Rótulo aplicado por";"_ComplianceTagUserId";"Lookup";"False";"False";"True";"";"ComplianceTagUserId"
"Lista 01 - Controle de Obras ENAC";"a9afadc1-f843-45c0-a628-4f49a8716832";"/sites/Equipe.Obras/Lists/Lista 01  Controle de Obras ENAC";"O item é um Registro";"_IsRecord";"Computed";"False";"False";"True";"";""
"Lista 01 - Controle de Obras ENAC";"a9afadc1-f843-45c0-a628-4f49a8716832";"/sites/Equipe.Obras/Lists/Lista 01  Controle de Obras ENAC";"Política de Acesso";"AccessPolicy";"Lookup";"False";"True";"True";"";"AccessPolicy"
"Lista 01 - Controle de Obras ENAC";"a9afadc1-f843-45c0-a628-4f49a8716832";"/sites/Equipe.Obras/Lists/Lista 01  Controle de Obras ENAC";"VirusStatus";"_VirusStatus";"Lookup";"False";"True";"True";"";"VirusStatus"
"Lista 01 - Controle de Obras ENAC";"a9afadc1-f843-45c0-a628-4f49a8716832";"/sites/Equipe.Obras/Lists/Lista 01  Controle de Obras ENAC";"VirusVendorID";"_VirusVendorID";"Lookup";"False";"True";"True";"";"VirusVendorID"
"Lista 01 - Controle de Obras ENAC";"a9afadc1-f843-45c0-a628-4f49a8716832";"/sites/Equipe.Obras/Lists/Lista 01  Controle de Obras ENAC";"VirusInfo";"_VirusInfo";"Lookup";"False";"True";"True";"";"VirusInfo"
"Lista 01 - Controle de Obras ENAC";"a9afadc1-f843-45c0-a628-4f49a8716832";"/sites/Equipe.Obras/Lists/Lista 01  Controle de Obras ENAC";"RansomwareAnomalyMetaInfo";"_RansomwareAnomalyMetaInfo";"Lookup";"False";"True";"True";"";"RansomwareAnomalyMetaInfo"
"Lista 01 - Controle de Obras ENAC";"a9afadc1-f843-45c0-a628-4f49a8716832";"/sites/Equipe.Obras/Lists/Lista 01  Controle de Obras ENAC";"ID do Proprietário do Rascunho";"_DraftOwnerId";"Lookup";"False";"True";"True";"";"DraftOwnerId"
"Lista 01 - Controle de Obras ENAC";"a9afadc1-f843-45c0-a628-4f49a8716832";"/sites/Equipe.Obras/Lists/Lista 01  Controle de Obras ENAC";"Configurações do Link principal";"MainLinkSettings";"Computed";"False";"True";"True";"";""
"Lista 01 - Controle de Obras ENAC";"a9afadc1-f843-45c0-a628-4f49a8716832";"/sites/Equipe.Obras/Lists/Lista 01  Controle de Obras ENAC";"Aplicativo Criado por";"AppAuthor";"Lookup";"False";"False";"True";"AppPrincipals";"Title"
"Lista 01 - Controle de Obras ENAC";"a9afadc1-f843-45c0-a628-4f49a8716832";"/sites/Equipe.Obras/Lists/Lista 01  Controle de Obras ENAC";"Aplicativo Modificado por";"AppEditor";"Lookup";"False";"False";"True";"AppPrincipals";"Title"
"Lista 01 - Controle de Obras ENAC";"a9afadc1-f843-45c0-a628-4f49a8716832";"/sites/Equipe.Obras/Lists/Lista 01  Controle de Obras ENAC";"Tamanho Total";"SMTotalSize";"Lookup";"False";"True";"True";"";"SMTotalSize"
"Lista 01 - Controle de Obras ENAC";"a9afadc1-f843-45c0-a628-4f49a8716832";"/sites/Equipe.Obras/Lists/Lista 01  Controle de Obras ENAC";"Data da Última Modificação";"SMLastModifiedDate";"Lookup";"False";"True";"True";"";"SMLastModifiedDate"
"Lista 01 - Controle de Obras ENAC";"a9afadc1-f843-45c0-a628-4f49a8716832";"/sites/Equipe.Obras/Lists/Lista 01  Controle de Obras ENAC";"Tamanho Total do Fluxo de Arquivos";"SMTotalFileStreamSize";"Lookup";"False";"True";"True";"";"SMTotalFileStreamSize"
"Lista 01 - Controle de Obras ENAC";"a9afadc1-f843-45c0-a628-4f49a8716832";"/sites/Equipe.Obras/Lists/Lista 01  Controle de Obras ENAC";"Contagem Total de Arquivos";"SMTotalFileCount";"Lookup";"False";"True";"True";"";"SMTotalFileCount"
"Lista 01 - Controle de Obras ENAC";"a9afadc1-f843-45c0-a628-4f49a8716832";"/sites/Equipe.Obras/Lists/Lista 01  Controle de Obras ENAC";"Configurações de comentários";"_CommentFlags";"Lookup";"False";"True";"True";"";"CommentFlags"
"Lista 01 - Controle de Obras ENAC";"a9afadc1-f843-45c0-a628-4f49a8716832";"/sites/Equipe.Obras/Lists/Lista 01  Controle de Obras ENAC";"Contagem de comentário";"_CommentCount";"Lookup";"False";"True";"True";"";"CommentCount"
"Lista 02 — Requisições de Compra";"0a204b87-b9a1-4d16-8654-55567a62ed01";"/sites/Equipe.Obras/Lists/02  Requisies de Compra";"ID do Tipo de Conteúdo";"ContentTypeId";"ContentTypeId";"False";"True";"True";"";""
"Lista 02 — Requisições de Compra";"0a204b87-b9a1-4d16-8654-55567a62ed01";"/sites/Equipe.Obras/Lists/02  Requisies de Compra";"Título";"Title";"Text";"False";"False";"False";"";""
"Lista 02 — Requisições de Compra";"0a204b87-b9a1-4d16-8654-55567a62ed01";"/sites/Equipe.Obras/Lists/02  Requisies de Compra";"Comentários do Aprovador";"_ModerationComments";"Note";"False";"True";"True";"";""
"Lista 02 — Requisições de Compra";"0a204b87-b9a1-4d16-8654-55567a62ed01";"/sites/Equipe.Obras/Lists/02  Requisies de Compra";"Nº da Requisição";"LinkTitle";"Computed";"False";"False";"True";"";""
"Lista 02 — Requisições de Compra";"0a204b87-b9a1-4d16-8654-55567a62ed01";"/sites/Equipe.Obras/Lists/02  Requisies de Compra";"Tipo de Arquivo";"File_x0020_Type";"Text";"False";"True";"True";"";""
"Lista 02 — Requisições de Compra";"0a204b87-b9a1-4d16-8654-55567a62ed01";"/sites/Equipe.Obras/Lists/02  Requisies de Compra";"Cor";"_ColorHex";"Text";"False";"True";"True";"";""
"Lista 02 — Requisições de Compra";"0a204b87-b9a1-4d16-8654-55567a62ed01";"/sites/Equipe.Obras/Lists/02  Requisies de Compra";"Pressione Delete para excluir o ícone.";"_ColorTag";"Text";"False";"False";"True";"";""
"Lista 02 — Requisições de Compra";"0a204b87-b9a1-4d16-8654-55567a62ed01";"/sites/Equipe.Obras/Lists/02  Requisies de Compra";"Emoji";"_Emoji";"Text";"False";"True";"True";"";""
"Lista 02 — Requisições de Compra";"0a204b87-b9a1-4d16-8654-55567a62ed01";"/sites/Equipe.Obras/Lists/02  Requisies de Compra";"ID de Ativo de Conformidade";"ComplianceAssetId";"Text";"False";"False";"True";"";""
"Lista 02 — Requisições de Compra";"0a204b87-b9a1-4d16-8654-55567a62ed01";"/sites/Equipe.Obras/Lists/02  Requisies de Compra";"Obra";"Obra";"Lookup";"True";"False";"False";"a9afadc1-f843-45c0-a628-4f49a8716832";"NomedaObra"
"Lista 02 — Requisições de Compra";"0a204b87-b9a1-4d16-8654-55567a62ed01";"/sites/Equipe.Obras/Lists/02  Requisies de Compra";"Código da Obra";"C_x00f3_digodaObra";"Text";"False";"False";"False";"";""
"Lista 02 — Requisições de Compra";"0a204b87-b9a1-4d16-8654-55567a62ed01";"/sites/Equipe.Obras/Lists/02  Requisies de Compra";"Centro de Custo";"CentrodeCusto";"Text";"False";"False";"False";"";""
"Lista 02 — Requisições de Compra";"0a204b87-b9a1-4d16-8654-55567a62ed01";"/sites/Equipe.Obras/Lists/02  Requisies de Compra";"Responsável pela Compra";"Respons_x00e1_velpelaCompra";"User";"False";"False";"False";"{ebc81507-41be-46f3-9eac-dafe1234a71d}";""
"Lista 02 — Requisições de Compra";"0a204b87-b9a1-4d16-8654-55567a62ed01";"/sites/Equipe.Obras/Lists/02  Requisies de Compra";"Tipo da Solicitação";"TipodaSolicita_x00e7__x00e3_o";"Choice";"False";"False";"False";"";""
"Lista 02 — Requisições de Compra";"0a204b87-b9a1-4d16-8654-55567a62ed01";"/sites/Equipe.Obras/Lists/02  Requisies de Compra";"Descrição da Solicitação";"Descri_x00e7__x00e3_odaSolicita_";"Note";"False";"False";"False";"";""
"Lista 02 — Requisições de Compra";"0a204b87-b9a1-4d16-8654-55567a62ed01";"/sites/Equipe.Obras/Lists/02  Requisies de Compra";"Prioridade";"Prioridade";"Choice";"False";"False";"False";"";""
"Lista 02 — Requisições de Compra";"0a204b87-b9a1-4d16-8654-55567a62ed01";"/sites/Equipe.Obras/Lists/02  Requisies de Compra";"Data da Solicitação";"DatadaSolicita_x00e7__x00e3_o";"DateTime";"False";"False";"False";"";""
"Lista 02 — Requisições de Compra";"0a204b87-b9a1-4d16-8654-55567a62ed01";"/sites/Equipe.Obras/Lists/02  Requisies de Compra";"Data Necessária na Obra";"DataNecess_x00e1_rianaObra";"DateTime";"False";"False";"False";"";""
"Lista 02 — Requisições de Compra";"0a204b87-b9a1-4d16-8654-55567a62ed01";"/sites/Equipe.Obras/Lists/02  Requisies de Compra";"Status da Requisição";"StatusdaRequisi_x00e7__x00e3_o";"Choice";"False";"False";"False";"";""
"Lista 02 — Requisições de Compra";"0a204b87-b9a1-4d16-8654-55567a62ed01";"/sites/Equipe.Obras/Lists/02  Requisies de Compra";"Aprovação Necessária?";"Aprova_x00e7__x00e3_oNecess_x00e";"Boolean";"False";"False";"False";"";""
"Lista 02 — Requisições de Compra";"0a204b87-b9a1-4d16-8654-55567a62ed01";"/sites/Equipe.Obras/Lists/02  Requisies de Compra";"Aprovador";"Aprovador";"User";"False";"False";"False";"{ebc81507-41be-46f3-9eac-dafe1234a71d}";""
"Lista 02 — Requisições de Compra";"0a204b87-b9a1-4d16-8654-55567a62ed01";"/sites/Equipe.Obras/Lists/02  Requisies de Compra";"Link da Pasta/Documento";"LinkdaPasta_x002f_Documento";"URL";"False";"False";"False";"";""
"Lista 02 — Requisições de Compra";"0a204b87-b9a1-4d16-8654-55567a62ed01";"/sites/Equipe.Obras/Lists/02  Requisies de Compra";"Observações";"Observa_x00e7__x00f5_es";"Note";"False";"False";"False";"";""
"Lista 02 — Requisições de Compra";"0a204b87-b9a1-4d16-8654-55567a62ed01";"/sites/Equipe.Obras/Lists/02  Requisies de Compra";"Solicitante";"Solicitante";"User";"False";"False";"False";"{ebc81507-41be-46f3-9eac-dafe1234a71d}";""
"Lista 02 — Requisições de Compra";"0a204b87-b9a1-4d16-8654-55567a62ed01";"/sites/Equipe.Obras/Lists/02  Requisies de Compra";"Quantidade";"Quantidade";"Number";"False";"False";"False";"";""
"Lista 02 — Requisições de Compra";"0a204b87-b9a1-4d16-8654-55567a62ed01";"/sites/Equipe.Obras/Lists/02  Requisies de Compra";"Unidade";"Unidade";"Choice";"False";"False";"False";"";""
"Lista 02 — Requisições de Compra";"0a204b87-b9a1-4d16-8654-55567a62ed01";"/sites/Equipe.Obras/Lists/02  Requisies de Compra";"Created Via";"_FormSourceId_0";"Text";"False";"False";"True";"";""
"Lista 02 — Requisições de Compra";"0a204b87-b9a1-4d16-8654-55567a62ed01";"/sites/Equipe.Obras/Lists/02  Requisies de Compra";"Obra: Título";"Obra_x003a__x0020_T_x00ed_tulo";"Lookup";"True";"False";"True";"a9afadc1-f843-45c0-a628-4f49a8716832";"Title"
"Lista 02 — Requisições de Compra";"0a204b87-b9a1-4d16-8654-55567a62ed01";"/sites/Equipe.Obras/Lists/02  Requisies de Compra";"Obra: Nome da Obra";"Obra_x003a__x0020_Nome_x0020_da_";"Lookup";"True";"False";"True";"a9afadc1-f843-45c0-a628-4f49a8716832";"NomedaObra"
"Lista 02 — Requisições de Compra";"0a204b87-b9a1-4d16-8654-55567a62ed01";"/sites/Equipe.Obras/Lists/02  Requisies de Compra";"Obra: Cliente";"Obra_x003a__x0020_Cliente";"Lookup";"True";"False";"True";"a9afadc1-f843-45c0-a628-4f49a8716832";"Cliente"
"Lista 02 — Requisições de Compra";"0a204b87-b9a1-4d16-8654-55567a62ed01";"/sites/Equipe.Obras/Lists/02  Requisies de Compra";"Obra: Centro de Custo";"Obra_x003a__x0020_Centro_x0020_d";"Lookup";"True";"False";"True";"a9afadc1-f843-45c0-a628-4f49a8716832";"CentrodeCusto"
"Lista 02 — Requisições de Compra";"0a204b87-b9a1-4d16-8654-55567a62ed01";"/sites/Equipe.Obras/Lists/02  Requisies de Compra";"ID";"ID";"Counter";"False";"False";"True";"";""
"Lista 02 — Requisições de Compra";"0a204b87-b9a1-4d16-8654-55567a62ed01";"/sites/Equipe.Obras/Lists/02  Requisies de Compra";"Tipo de Conteúdo";"ContentType";"Computed";"False";"False";"False";"";""
"Lista 02 — Requisições de Compra";"0a204b87-b9a1-4d16-8654-55567a62ed01";"/sites/Equipe.Obras/Lists/02  Requisies de Compra";"Modificado";"Modified";"DateTime";"False";"False";"True";"";""
"Lista 02 — Requisições de Compra";"0a204b87-b9a1-4d16-8654-55567a62ed01";"/sites/Equipe.Obras/Lists/02  Requisies de Compra";"Criado";"Created";"DateTime";"False";"False";"True";"";""
"Lista 02 — Requisições de Compra";"0a204b87-b9a1-4d16-8654-55567a62ed01";"/sites/Equipe.Obras/Lists/02  Requisies de Compra";"Criado por";"Author";"User";"False";"False";"True";"{ebc81507-41be-46f3-9eac-dafe1234a71d}";""
"Lista 02 — Requisições de Compra";"0a204b87-b9a1-4d16-8654-55567a62ed01";"/sites/Equipe.Obras/Lists/02  Requisies de Compra";"Modificado por";"Editor";"User";"False";"False";"True";"{ebc81507-41be-46f3-9eac-dafe1234a71d}";""
"Lista 02 — Requisições de Compra";"0a204b87-b9a1-4d16-8654-55567a62ed01";"/sites/Equipe.Obras/Lists/02  Requisies de Compra";"Tem Destinos de Cópia";"_HasCopyDestinations";"Boolean";"False";"True";"True";"";""
"Lista 02 — Requisições de Compra";"0a204b87-b9a1-4d16-8654-55567a62ed01";"/sites/Equipe.Obras/Lists/02  Requisies de Compra";"Origem da Cópia";"_CopySource";"Text";"False";"True";"True";"";""
"Lista 02 — Requisições de Compra";"0a204b87-b9a1-4d16-8654-55567a62ed01";"/sites/Equipe.Obras/Lists/02  Requisies de Compra";"owshiddenversion";"owshiddenversion";"Integer";"False";"True";"True";"";""
"Lista 02 — Requisições de Compra";"0a204b87-b9a1-4d16-8654-55567a62ed01";"/sites/Equipe.Obras/Lists/02  Requisies de Compra";"Versão do Fluxo de Trabalho";"WorkflowVersion";"Integer";"False";"True";"True";"";""
"Lista 02 — Requisições de Compra";"0a204b87-b9a1-4d16-8654-55567a62ed01";"/sites/Equipe.Obras/Lists/02  Requisies de Compra";"Versão da UI";"_UIVersion";"Integer";"False";"True";"True";"";""
"Lista 02 — Requisições de Compra";"0a204b87-b9a1-4d16-8654-55567a62ed01";"/sites/Equipe.Obras/Lists/02  Requisies de Compra";"Versão";"_UIVersionString";"Text";"False";"False";"True";"";""
"Lista 02 — Requisições de Compra";"0a204b87-b9a1-4d16-8654-55567a62ed01";"/sites/Equipe.Obras/Lists/02  Requisies de Compra";"Anexos";"Attachments";"Attachments";"False";"False";"False";"";""
"Lista 02 — Requisições de Compra";"0a204b87-b9a1-4d16-8654-55567a62ed01";"/sites/Equipe.Obras/Lists/02  Requisies de Compra";"Status de Aprovação";"_ModerationStatus";"ModStat";"False";"True";"True";"";""
"Lista 02 — Requisições de Compra";"0a204b87-b9a1-4d16-8654-55567a62ed01";"/sites/Equipe.Obras/Lists/02  Requisies de Compra";"Editar";"Edit";"Computed";"False";"False";"True";"";""
"Lista 02 — Requisições de Compra";"0a204b87-b9a1-4d16-8654-55567a62ed01";"/sites/Equipe.Obras/Lists/02  Requisies de Compra";"Título";"LinkTitleNoMenu";"Computed";"False";"False";"True";"";""
"Lista 02 — Requisições de Compra";"0a204b87-b9a1-4d16-8654-55567a62ed01";"/sites/Equipe.Obras/Lists/02  Requisies de Compra";"Título";"LinkTitle2";"Computed";"False";"True";"True";"";""
"Lista 02 — Requisições de Compra";"0a204b87-b9a1-4d16-8654-55567a62ed01";"/sites/Equipe.Obras/Lists/02  Requisies de Compra";"Selecionar";"SelectTitle";"Computed";"False";"True";"True";"";""
"Lista 02 — Requisições de Compra";"0a204b87-b9a1-4d16-8654-55567a62ed01";"/sites/Equipe.Obras/Lists/02  Requisies de Compra";"ID da Instância";"InstanceID";"Integer";"False";"True";"True";"";""
"Lista 02 — Requisições de Compra";"0a204b87-b9a1-4d16-8654-55567a62ed01";"/sites/Equipe.Obras/Lists/02  Requisies de Compra";"Ordem";"Order";"Number";"False";"True";"False";"";""
"Lista 02 — Requisições de Compra";"0a204b87-b9a1-4d16-8654-55567a62ed01";"/sites/Equipe.Obras/Lists/02  Requisies de Compra";"GUID";"GUID";"Guid";"False";"True";"True";"";""
"Lista 02 — Requisições de Compra";"0a204b87-b9a1-4d16-8654-55567a62ed01";"/sites/Equipe.Obras/Lists/02  Requisies de Compra";"ID da Instância do Fluxo de Trabalho";"WorkflowInstanceID";"Guid";"False";"True";"True";"";""
"Lista 02 — Requisições de Compra";"0a204b87-b9a1-4d16-8654-55567a62ed01";"/sites/Equipe.Obras/Lists/02  Requisies de Compra";"Caminho da URL";"FileRef";"Lookup";"False";"True";"True";"";"FullUrl"
"Lista 02 — Requisições de Compra";"0a204b87-b9a1-4d16-8654-55567a62ed01";"/sites/Equipe.Obras/Lists/02  Requisies de Compra";"Caminho";"FileDirRef";"Lookup";"False";"True";"True";"";"DirName"
"Lista 02 — Requisições de Compra";"0a204b87-b9a1-4d16-8654-55567a62ed01";"/sites/Equipe.Obras/Lists/02  Requisies de Compra";"Modificado";"Last_x0020_Modified";"Lookup";"False";"True";"True";"";"TimeLastModified"
"Lista 02 — Requisições de Compra";"0a204b87-b9a1-4d16-8654-55567a62ed01";"/sites/Equipe.Obras/Lists/02  Requisies de Compra";"Criado";"Created_x0020_Date";"Lookup";"False";"True";"True";"";"TimeCreated"
"Lista 02 — Requisições de Compra";"0a204b87-b9a1-4d16-8654-55567a62ed01";"/sites/Equipe.Obras/Lists/02  Requisies de Compra";"Tipo de Item";"FSObjType";"Lookup";"False";"True";"True";"";"FSType"
"Lista 02 — Requisições de Compra";"0a204b87-b9a1-4d16-8654-55567a62ed01";"/sites/Equipe.Obras/Lists/02  Requisies de Compra";"Tipo de Classificação";"SortBehavior";"Lookup";"False";"True";"True";"";"SortBehavior"
"Lista 02 — Requisições de Compra";"0a204b87-b9a1-4d16-8654-55567a62ed01";"/sites/Equipe.Obras/Lists/02  Requisies de Compra";"Máscara de Permissões Efetivas";"PermMask";"Computed";"False";"True";"True";"";""
"Lista 02 — Requisições de Compra";"0a204b87-b9a1-4d16-8654-55567a62ed01";"/sites/Equipe.Obras/Lists/02  Requisies de Compra";"Contagem de principais";"PrincipalCount";"Computed";"False";"True";"True";"";""
"Lista 02 — Requisições de Compra";"0a204b87-b9a1-4d16-8654-55567a62ed01";"/sites/Equipe.Obras/Lists/02  Requisies de Compra";"Nome";"FileLeafRef";"File";"False";"True";"False";"";""
"Lista 02 — Requisições de Compra";"0a204b87-b9a1-4d16-8654-55567a62ed01";"/sites/Equipe.Obras/Lists/02  Requisies de Compra";"Id Exclusiva";"UniqueId";"Lookup";"False";"True";"True";"";"UniqueId"
"Lista 02 — Requisições de Compra";"0a204b87-b9a1-4d16-8654-55567a62ed01";"/sites/Equipe.Obras/Lists/02  Requisies de Compra";"Identificador Pai do Documento";"ParentUniqueId";"Lookup";"False";"True";"True";"";"ParentUniqueId"
"Lista 02 — Requisições de Compra";"0a204b87-b9a1-4d16-8654-55567a62ed01";"/sites/Equipe.Obras/Lists/02  Requisies de Compra";"ID de Cliente";"SyncClientId";"Lookup";"False";"True";"True";"";"SyncClientId"
"Lista 02 — Requisições de Compra";"0a204b87-b9a1-4d16-8654-55567a62ed01";"/sites/Equipe.Obras/Lists/02  Requisies de Compra";"ProgId";"ProgId";"Lookup";"False";"True";"True";"";"ProgId"
"Lista 02 — Requisições de Compra";"0a204b87-b9a1-4d16-8654-55567a62ed01";"/sites/Equipe.Obras/Lists/02  Requisies de Compra";"ScopeId";"ScopeId";"Lookup";"False";"True";"True";"";"ScopeId"
"Lista 02 — Requisições de Compra";"0a204b87-b9a1-4d16-8654-55567a62ed01";"/sites/Equipe.Obras/Lists/02  Requisies de Compra";"Tipo de Arquivo HTML";"HTML_x0020_File_x0020_Type";"Computed";"False";"True";"True";"";""
"Lista 02 — Requisições de Compra";"0a204b87-b9a1-4d16-8654-55567a62ed01";"/sites/Equipe.Obras/Lists/02  Requisies de Compra";"Início da Tabela do Menu de Edição";"_EditMenuTableStart";"Computed";"False";"True";"True";"";""
"Lista 02 — Requisições de Compra";"0a204b87-b9a1-4d16-8654-55567a62ed01";"/sites/Equipe.Obras/Lists/02  Requisies de Compra";"Início da Tabela do Menu de Edição";"_EditMenuTableStart2";"Computed";"False";"True";"True";"";""
"Lista 02 — Requisições de Compra";"0a204b87-b9a1-4d16-8654-55567a62ed01";"/sites/Equipe.Obras/Lists/02  Requisies de Compra";"Fim da Tabela do Menu de Edição";"_EditMenuTableEnd";"Computed";"False";"True";"True";"";""
"Lista 02 — Requisições de Compra";"0a204b87-b9a1-4d16-8654-55567a62ed01";"/sites/Equipe.Obras/Lists/02  Requisies de Compra";"Nome";"LinkFilenameNoMenu";"Computed";"False";"True";"True";"";""
"Lista 02 — Requisições de Compra";"0a204b87-b9a1-4d16-8654-55567a62ed01";"/sites/Equipe.Obras/Lists/02  Requisies de Compra";"Nome";"LinkFilename";"Computed";"False";"True";"True";"";""
"Lista 02 — Requisições de Compra";"0a204b87-b9a1-4d16-8654-55567a62ed01";"/sites/Equipe.Obras/Lists/02  Requisies de Compra";"Nome";"LinkFilename2";"Computed";"False";"True";"True";"";""
"Lista 02 — Requisições de Compra";"0a204b87-b9a1-4d16-8654-55567a62ed01";"/sites/Equipe.Obras/Lists/02  Requisies de Compra";"Tipo";"DocIcon";"Computed";"False";"False";"True";"";""
"Lista 02 — Requisições de Compra";"0a204b87-b9a1-4d16-8654-55567a62ed01";"/sites/Equipe.Obras/Lists/02  Requisies de Compra";"URL Relativa do Servidor";"ServerUrl";"Computed";"False";"True";"True";"";""
"Lista 02 — Requisições de Compra";"0a204b87-b9a1-4d16-8654-55567a62ed01";"/sites/Equipe.Obras/Lists/02  Requisies de Compra";"URL Absoluta Codificada";"EncodedAbsUrl";"Computed";"False";"True";"True";"";""
"Lista 02 — Requisições de Compra";"0a204b87-b9a1-4d16-8654-55567a62ed01";"/sites/Equipe.Obras/Lists/02  Requisies de Compra";"Nome do Arquivo";"BaseName";"Computed";"False";"True";"True";"";""
"Lista 02 — Requisições de Compra";"0a204b87-b9a1-4d16-8654-55567a62ed01";"/sites/Equipe.Obras/Lists/02  Requisies de Compra";"Conjunto de Propriedades";"MetaInfo";"Lookup";"False";"True";"False";"";"MetaInfo"
"Lista 02 — Requisições de Compra";"0a204b87-b9a1-4d16-8654-55567a62ed01";"/sites/Equipe.Obras/Lists/02  Requisies de Compra";"Nível";"_Level";"Integer";"False";"True";"True";"";""
"Lista 02 — Requisições de Compra";"0a204b87-b9a1-4d16-8654-55567a62ed01";"/sites/Equipe.Obras/Lists/02  Requisies de Compra";"É a Versão Atual";"_IsCurrentVersion";"Boolean";"False";"True";"True";"";""
"Lista 02 — Requisições de Compra";"0a204b87-b9a1-4d16-8654-55567a62ed01";"/sites/Equipe.Obras/Lists/02  Requisies de Compra";"Contagem de Itens Filhos";"ItemChildCount";"Lookup";"False";"False";"True";"";"ItemChildCount"
"Lista 02 — Requisições de Compra";"0a204b87-b9a1-4d16-8654-55567a62ed01";"/sites/Equipe.Obras/Lists/02  Requisies de Compra";"Contagem de Elementos Filho da Pasta";"FolderChildCount";"Lookup";"False";"False";"True";"";"FolderChildCount"
"Lista 02 — Requisições de Compra";"0a204b87-b9a1-4d16-8654-55567a62ed01";"/sites/Equipe.Obras/Lists/02  Requisies de Compra";"Restrito";"Restricted";"Lookup";"False";"True";"True";"";"Restricted"
"Lista 02 — Requisições de Compra";"0a204b87-b9a1-4d16-8654-55567a62ed01";"/sites/Equipe.Obras/Lists/02  Requisies de Compra";"ID do Originador";"OriginatorId";"Lookup";"False";"True";"True";"";"OriginatorId"
"Lista 02 — Requisições de Compra";"0a204b87-b9a1-4d16-8654-55567a62ed01";"/sites/Equipe.Obras/Lists/02  Requisies de Compra";"NãoExecutar";"NoExecute";"Lookup";"False";"True";"True";"";"DocFlags"
"Lista 02 — Requisições de Compra";"0a204b87-b9a1-4d16-8654-55567a62ed01";"/sites/Equipe.Obras/Lists/02  Requisies de Compra";"Versão do Conteúdo";"ContentVersion";"Lookup";"False";"True";"True";"";"ContentVersion"
"Lista 02 — Requisições de Compra";"0a204b87-b9a1-4d16-8654-55567a62ed01";"/sites/Equipe.Obras/Lists/02  Requisies de Compra";"Configuração do rótulo";"_ComplianceFlags";"Lookup";"False";"False";"True";"";"ComplianceFlags"
"Lista 02 — Requisições de Compra";"0a204b87-b9a1-4d16-8654-55567a62ed01";"/sites/Equipe.Obras/Lists/02  Requisies de Compra";"Rótulo de retenção";"_ComplianceTag";"Lookup";"False";"False";"True";"";"ComplianceTag"
"Lista 02 — Requisições de Compra";"0a204b87-b9a1-4d16-8654-55567a62ed01";"/sites/Equipe.Obras/Lists/02  Requisies de Compra";"Rótulo de retenção Aplicado";"_ComplianceTagWrittenTime";"Lookup";"False";"False";"True";"";"ComplianceTagWrittenTime"
"Lista 02 — Requisições de Compra";"0a204b87-b9a1-4d16-8654-55567a62ed01";"/sites/Equipe.Obras/Lists/02  Requisies de Compra";"Rótulo aplicado por";"_ComplianceTagUserId";"Lookup";"False";"False";"True";"";"ComplianceTagUserId"
"Lista 02 — Requisições de Compra";"0a204b87-b9a1-4d16-8654-55567a62ed01";"/sites/Equipe.Obras/Lists/02  Requisies de Compra";"O item é um Registro";"_IsRecord";"Computed";"False";"False";"True";"";""
"Lista 02 — Requisições de Compra";"0a204b87-b9a1-4d16-8654-55567a62ed01";"/sites/Equipe.Obras/Lists/02  Requisies de Compra";"Política de Acesso";"AccessPolicy";"Lookup";"False";"True";"True";"";"AccessPolicy"
"Lista 02 — Requisições de Compra";"0a204b87-b9a1-4d16-8654-55567a62ed01";"/sites/Equipe.Obras/Lists/02  Requisies de Compra";"VirusStatus";"_VirusStatus";"Lookup";"False";"True";"True";"";"VirusStatus"
"Lista 02 — Requisições de Compra";"0a204b87-b9a1-4d16-8654-55567a62ed01";"/sites/Equipe.Obras/Lists/02  Requisies de Compra";"VirusVendorID";"_VirusVendorID";"Lookup";"False";"True";"True";"";"VirusVendorID"
"Lista 02 — Requisições de Compra";"0a204b87-b9a1-4d16-8654-55567a62ed01";"/sites/Equipe.Obras/Lists/02  Requisies de Compra";"VirusInfo";"_VirusInfo";"Lookup";"False";"True";"True";"";"VirusInfo"
"Lista 02 — Requisições de Compra";"0a204b87-b9a1-4d16-8654-55567a62ed01";"/sites/Equipe.Obras/Lists/02  Requisies de Compra";"RansomwareAnomalyMetaInfo";"_RansomwareAnomalyMetaInfo";"Lookup";"False";"True";"True";"";"RansomwareAnomalyMetaInfo"
"Lista 02 — Requisições de Compra";"0a204b87-b9a1-4d16-8654-55567a62ed01";"/sites/Equipe.Obras/Lists/02  Requisies de Compra";"ID do Proprietário do Rascunho";"_DraftOwnerId";"Lookup";"False";"True";"True";"";"DraftOwnerId"
"Lista 02 — Requisições de Compra";"0a204b87-b9a1-4d16-8654-55567a62ed01";"/sites/Equipe.Obras/Lists/02  Requisies de Compra";"Configurações do Link principal";"MainLinkSettings";"Computed";"False";"True";"True";"";""
"Lista 02 — Requisições de Compra";"0a204b87-b9a1-4d16-8654-55567a62ed01";"/sites/Equipe.Obras/Lists/02  Requisies de Compra";"Aplicativo Criado por";"AppAuthor";"Lookup";"False";"False";"True";"AppPrincipals";"Title"
"Lista 02 — Requisições de Compra";"0a204b87-b9a1-4d16-8654-55567a62ed01";"/sites/Equipe.Obras/Lists/02  Requisies de Compra";"Aplicativo Modificado por";"AppEditor";"Lookup";"False";"False";"True";"AppPrincipals";"Title"
"Lista 02 — Requisições de Compra";"0a204b87-b9a1-4d16-8654-55567a62ed01";"/sites/Equipe.Obras/Lists/02  Requisies de Compra";"Tamanho Total";"SMTotalSize";"Lookup";"False";"True";"True";"";"SMTotalSize"
"Lista 02 — Requisições de Compra";"0a204b87-b9a1-4d16-8654-55567a62ed01";"/sites/Equipe.Obras/Lists/02  Requisies de Compra";"Data da Última Modificação";"SMLastModifiedDate";"Lookup";"False";"True";"True";"";"SMLastModifiedDate"
"Lista 02 — Requisições de Compra";"0a204b87-b9a1-4d16-8654-55567a62ed01";"/sites/Equipe.Obras/Lists/02  Requisies de Compra";"Tamanho Total do Fluxo de Arquivos";"SMTotalFileStreamSize";"Lookup";"False";"True";"True";"";"SMTotalFileStreamSize"
"Lista 02 — Requisições de Compra";"0a204b87-b9a1-4d16-8654-55567a62ed01";"/sites/Equipe.Obras/Lists/02  Requisies de Compra";"Contagem Total de Arquivos";"SMTotalFileCount";"Lookup";"False";"True";"True";"";"SMTotalFileCount"
"Lista 02 — Requisições de Compra";"0a204b87-b9a1-4d16-8654-55567a62ed01";"/sites/Equipe.Obras/Lists/02  Requisies de Compra";"Configurações de comentários";"_CommentFlags";"Lookup";"False";"True";"True";"";"CommentFlags"
"Lista 02 — Requisições de Compra";"0a204b87-b9a1-4d16-8654-55567a62ed01";"/sites/Equipe.Obras/Lists/02  Requisies de Compra";"Contagem de comentário";"_CommentCount";"Lookup";"False";"True";"True";"";"CommentCount"
"Lista 03 — Pedidos de Compra";"18ca132a-c36a-42aa-9968-d87ecd547a79";"/sites/Equipe.Obras/Lists/Lista 03  Pedidos de Compra";"ID do Tipo de Conteúdo";"ContentTypeId";"ContentTypeId";"False";"True";"True";"";""
"Lista 03 — Pedidos de Compra";"18ca132a-c36a-42aa-9968-d87ecd547a79";"/sites/Equipe.Obras/Lists/Lista 03  Pedidos de Compra";"Título";"Title";"Text";"False";"False";"False";"";""
"Lista 03 — Pedidos de Compra";"18ca132a-c36a-42aa-9968-d87ecd547a79";"/sites/Equipe.Obras/Lists/Lista 03  Pedidos de Compra";"Comentários do Aprovador";"_ModerationComments";"Note";"False";"True";"True";"";""
"Lista 03 — Pedidos de Compra";"18ca132a-c36a-42aa-9968-d87ecd547a79";"/sites/Equipe.Obras/Lists/Lista 03  Pedidos de Compra";"Nº do Pedido";"LinkTitle";"Computed";"False";"False";"True";"";""
"Lista 03 — Pedidos de Compra";"18ca132a-c36a-42aa-9968-d87ecd547a79";"/sites/Equipe.Obras/Lists/Lista 03  Pedidos de Compra";"Tipo de Arquivo";"File_x0020_Type";"Text";"False";"True";"True";"";""
"Lista 03 — Pedidos de Compra";"18ca132a-c36a-42aa-9968-d87ecd547a79";"/sites/Equipe.Obras/Lists/Lista 03  Pedidos de Compra";"Cor";"_ColorHex";"Text";"False";"True";"True";"";""
"Lista 03 — Pedidos de Compra";"18ca132a-c36a-42aa-9968-d87ecd547a79";"/sites/Equipe.Obras/Lists/Lista 03  Pedidos de Compra";"Pressione Delete para excluir o ícone.";"_ColorTag";"Text";"False";"False";"True";"";""
"Lista 03 — Pedidos de Compra";"18ca132a-c36a-42aa-9968-d87ecd547a79";"/sites/Equipe.Obras/Lists/Lista 03  Pedidos de Compra";"Emoji";"_Emoji";"Text";"False";"True";"True";"";""
"Lista 03 — Pedidos de Compra";"18ca132a-c36a-42aa-9968-d87ecd547a79";"/sites/Equipe.Obras/Lists/Lista 03  Pedidos de Compra";"ID de Ativo de Conformidade";"ComplianceAssetId";"Text";"False";"False";"True";"";""
"Lista 03 — Pedidos de Compra";"18ca132a-c36a-42aa-9968-d87ecd547a79";"/sites/Equipe.Obras/Lists/Lista 03  Pedidos de Compra";"Nº da Requisição";"N_x00ba_daRequisi_x00e7__x00e3_o";"Text";"False";"False";"False";"";""
"Lista 03 — Pedidos de Compra";"18ca132a-c36a-42aa-9968-d87ecd547a79";"/sites/Equipe.Obras/Lists/Lista 03  Pedidos de Compra";"Obra";"Obra";"Lookup";"True";"False";"False";"a9afadc1-f843-45c0-a628-4f49a8716832";"NomedaObra"
"Lista 03 — Pedidos de Compra";"18ca132a-c36a-42aa-9968-d87ecd547a79";"/sites/Equipe.Obras/Lists/Lista 03  Pedidos de Compra";"Código da Obra";"C_x00f3_digodaObra";"Lookup";"False";"False";"False";"a9afadc1-f843-45c0-a628-4f49a8716832";"Title"
"Lista 03 — Pedidos de Compra";"18ca132a-c36a-42aa-9968-d87ecd547a79";"/sites/Equipe.Obras/Lists/Lista 03  Pedidos de Compra";"Centro de Custo";"CentrodeCusto";"Text";"False";"False";"False";"";""
"Lista 03 — Pedidos de Compra";"18ca132a-c36a-42aa-9968-d87ecd547a79";"/sites/Equipe.Obras/Lists/Lista 03  Pedidos de Compra";"Fornecedor antigo";"Fornecedor";"Text";"False";"False";"False";"";""
"Lista 03 — Pedidos de Compra";"18ca132a-c36a-42aa-9968-d87ecd547a79";"/sites/Equipe.Obras/Lists/Lista 03  Pedidos de Compra";"CNPJ/CPF Fornecedor";"CNPJ_x002f_CPFFornecedor";"Text";"False";"False";"False";"";""
"Lista 03 — Pedidos de Compra";"18ca132a-c36a-42aa-9968-d87ecd547a79";"/sites/Equipe.Obras/Lists/Lista 03  Pedidos de Compra";"Tipo do Pedido";"TipodoPedido";"Choice";"False";"False";"False";"";""
"Lista 03 — Pedidos de Compra";"18ca132a-c36a-42aa-9968-d87ecd547a79";"/sites/Equipe.Obras/Lists/Lista 03  Pedidos de Compra";"Descrição do Pedido";"Descri_x00e7__x00e3_odoPedido";"Note";"False";"False";"False";"";""
"Lista 03 — Pedidos de Compra";"18ca132a-c36a-42aa-9968-d87ecd547a79";"/sites/Equipe.Obras/Lists/Lista 03  Pedidos de Compra";"Valor do Pedido";"ValordoPedido";"Currency";"False";"False";"False";"";""
"Lista 03 — Pedidos de Compra";"18ca132a-c36a-42aa-9968-d87ecd547a79";"/sites/Equipe.Obras/Lists/Lista 03  Pedidos de Compra";"Condição de Pagamento";"Condi_x00e7__x00e3_odePagamento";"Text";"False";"False";"False";"";""
"Lista 03 — Pedidos de Compra";"18ca132a-c36a-42aa-9968-d87ecd547a79";"/sites/Equipe.Obras/Lists/Lista 03  Pedidos de Compra";"Data do Pedido";"DatadoPedido";"DateTime";"False";"False";"False";"";""
"Lista 03 — Pedidos de Compra";"18ca132a-c36a-42aa-9968-d87ecd547a79";"/sites/Equipe.Obras/Lists/Lista 03  Pedidos de Compra";"Prazo de Entrega";"PrazodeEntrega";"DateTime";"False";"False";"False";"";""
"Lista 03 — Pedidos de Compra";"18ca132a-c36a-42aa-9968-d87ecd547a79";"/sites/Equipe.Obras/Lists/Lista 03  Pedidos de Compra";"Status do Pedido";"StatusdoPedido";"Choice";"False";"False";"False";"";""
"Lista 03 — Pedidos de Compra";"18ca132a-c36a-42aa-9968-d87ecd547a79";"/sites/Equipe.Obras/Lists/Lista 03  Pedidos de Compra";"Aprovador";"Aprovador";"User";"False";"False";"False";"{ebc81507-41be-46f3-9eac-dafe1234a71d}";""
"Lista 03 — Pedidos de Compra";"18ca132a-c36a-42aa-9968-d87ecd547a79";"/sites/Equipe.Obras/Lists/Lista 03  Pedidos de Compra";"Link do Pedido / Documento";"LinkdoPedido_x002f_Documento";"URL";"False";"False";"False";"";""
"Lista 03 — Pedidos de Compra";"18ca132a-c36a-42aa-9968-d87ecd547a79";"/sites/Equipe.Obras/Lists/Lista 03  Pedidos de Compra";"Observações";"Observa_x00e7__x00f5_es";"Note";"False";"False";"False";"";""
"Lista 03 — Pedidos de Compra";"18ca132a-c36a-42aa-9968-d87ecd547a79";"/sites/Equipe.Obras/Lists/Lista 03  Pedidos de Compra";"Created Via";"_FormSourceId_0";"Text";"False";"False";"True";"";""
"Lista 03 — Pedidos de Compra";"18ca132a-c36a-42aa-9968-d87ecd547a79";"/sites/Equipe.Obras/Lists/Lista 03  Pedidos de Compra";"Obra: Título";"Obra_x003a__x0020_T_x00ed_tulo";"Lookup";"True";"False";"True";"a9afadc1-f843-45c0-a628-4f49a8716832";"Title"
"Lista 03 — Pedidos de Compra";"18ca132a-c36a-42aa-9968-d87ecd547a79";"/sites/Equipe.Obras/Lists/Lista 03  Pedidos de Compra";"Obra: Nome da Obra";"Obra_x003a__x0020_Nome_x0020_da_";"Lookup";"True";"False";"True";"a9afadc1-f843-45c0-a628-4f49a8716832";"NomedaObra"
"Lista 03 — Pedidos de Compra";"18ca132a-c36a-42aa-9968-d87ecd547a79";"/sites/Equipe.Obras/Lists/Lista 03  Pedidos de Compra";"Obra: Cliente";"Obra_x003a__x0020_Cliente";"Lookup";"True";"False";"True";"a9afadc1-f843-45c0-a628-4f49a8716832";"Cliente"
"Lista 03 — Pedidos de Compra";"18ca132a-c36a-42aa-9968-d87ecd547a79";"/sites/Equipe.Obras/Lists/Lista 03  Pedidos de Compra";"Fornecedor";"Fornecedor0";"Lookup";"True";"False";"False";"953cc56f-108b-4818-9ffc-cc522cd1b62d";"CNPJ_x002f_CPF"
"Lista 03 — Pedidos de Compra";"18ca132a-c36a-42aa-9968-d87ecd547a79";"/sites/Equipe.Obras/Lists/Lista 03  Pedidos de Compra";"Fornecedor: Título";"Fornecedor_x003a__x0020_T_x00ed_";"Lookup";"True";"False";"True";"953cc56f-108b-4818-9ffc-cc522cd1b62d";"Title"
"Lista 03 — Pedidos de Compra";"18ca132a-c36a-42aa-9968-d87ecd547a79";"/sites/Equipe.Obras/Lists/Lista 03  Pedidos de Compra";"Fornecedor: Nome Fantasia";"Fornecedor_x003a__x0020_Nome_x00";"Lookup";"True";"False";"True";"953cc56f-108b-4818-9ffc-cc522cd1b62d";"NomeFantasia"
"Lista 03 — Pedidos de Compra";"18ca132a-c36a-42aa-9968-d87ecd547a79";"/sites/Equipe.Obras/Lists/Lista 03  Pedidos de Compra";"Fornecedor: CNPJ / CPF";"Fornecedor_x003a__x0020_CNPJ_x00";"Lookup";"True";"False";"True";"953cc56f-108b-4818-9ffc-cc522cd1b62d";"CNPJ_x002f_CPF"
"Lista 03 — Pedidos de Compra";"18ca132a-c36a-42aa-9968-d87ecd547a79";"/sites/Equipe.Obras/Lists/Lista 03  Pedidos de Compra";"Fornecedor: Inscrição Estadual";"Fornecedor_x003a__x0020_Inscri_x";"Lookup";"True";"False";"True";"953cc56f-108b-4818-9ffc-cc522cd1b62d";"Inscri_x00e7__x00e3_oEstadual"
"Lista 03 — Pedidos de Compra";"18ca132a-c36a-42aa-9968-d87ecd547a79";"/sites/Equipe.Obras/Lists/Lista 03  Pedidos de Compra";"Fornecedor: Inscrição Municipal";"Fornecedor_x003a__x0020_Inscri_x0";"Lookup";"True";"False";"True";"953cc56f-108b-4818-9ffc-cc522cd1b62d";"Inscri_x00e7__x00e3_oMunicipal"
"Lista 03 — Pedidos de Compra";"18ca132a-c36a-42aa-9968-d87ecd547a79";"/sites/Equipe.Obras/Lists/Lista 03  Pedidos de Compra";"Fornecedor: Contato Principal";"Fornecedor_x003a__x0020_Contato_";"Lookup";"True";"False";"True";"953cc56f-108b-4818-9ffc-cc522cd1b62d";"ContatoPrincipal"
"Lista 03 — Pedidos de Compra";"18ca132a-c36a-42aa-9968-d87ecd547a79";"/sites/Equipe.Obras/Lists/Lista 03  Pedidos de Compra";"ID";"ID";"Counter";"False";"False";"True";"";""
"Lista 03 — Pedidos de Compra";"18ca132a-c36a-42aa-9968-d87ecd547a79";"/sites/Equipe.Obras/Lists/Lista 03  Pedidos de Compra";"Tipo de Conteúdo";"ContentType";"Computed";"False";"False";"False";"";""
"Lista 03 — Pedidos de Compra";"18ca132a-c36a-42aa-9968-d87ecd547a79";"/sites/Equipe.Obras/Lists/Lista 03  Pedidos de Compra";"Modificado";"Modified";"DateTime";"False";"False";"True";"";""
"Lista 03 — Pedidos de Compra";"18ca132a-c36a-42aa-9968-d87ecd547a79";"/sites/Equipe.Obras/Lists/Lista 03  Pedidos de Compra";"Criado";"Created";"DateTime";"False";"False";"True";"";""
"Lista 03 — Pedidos de Compra";"18ca132a-c36a-42aa-9968-d87ecd547a79";"/sites/Equipe.Obras/Lists/Lista 03  Pedidos de Compra";"Criado por";"Author";"User";"False";"False";"True";"{ebc81507-41be-46f3-9eac-dafe1234a71d}";""
"Lista 03 — Pedidos de Compra";"18ca132a-c36a-42aa-9968-d87ecd547a79";"/sites/Equipe.Obras/Lists/Lista 03  Pedidos de Compra";"Modificado por";"Editor";"User";"False";"False";"True";"{ebc81507-41be-46f3-9eac-dafe1234a71d}";""
"Lista 03 — Pedidos de Compra";"18ca132a-c36a-42aa-9968-d87ecd547a79";"/sites/Equipe.Obras/Lists/Lista 03  Pedidos de Compra";"Tem Destinos de Cópia";"_HasCopyDestinations";"Boolean";"False";"True";"True";"";""
"Lista 03 — Pedidos de Compra";"18ca132a-c36a-42aa-9968-d87ecd547a79";"/sites/Equipe.Obras/Lists/Lista 03  Pedidos de Compra";"Origem da Cópia";"_CopySource";"Text";"False";"True";"True";"";""
"Lista 03 — Pedidos de Compra";"18ca132a-c36a-42aa-9968-d87ecd547a79";"/sites/Equipe.Obras/Lists/Lista 03  Pedidos de Compra";"owshiddenversion";"owshiddenversion";"Integer";"False";"True";"True";"";""
"Lista 03 — Pedidos de Compra";"18ca132a-c36a-42aa-9968-d87ecd547a79";"/sites/Equipe.Obras/Lists/Lista 03  Pedidos de Compra";"Versão do Fluxo de Trabalho";"WorkflowVersion";"Integer";"False";"True";"True";"";""
"Lista 03 — Pedidos de Compra";"18ca132a-c36a-42aa-9968-d87ecd547a79";"/sites/Equipe.Obras/Lists/Lista 03  Pedidos de Compra";"Versão da UI";"_UIVersion";"Integer";"False";"True";"True";"";""
"Lista 03 — Pedidos de Compra";"18ca132a-c36a-42aa-9968-d87ecd547a79";"/sites/Equipe.Obras/Lists/Lista 03  Pedidos de Compra";"Versão";"_UIVersionString";"Text";"False";"False";"True";"";""
"Lista 03 — Pedidos de Compra";"18ca132a-c36a-42aa-9968-d87ecd547a79";"/sites/Equipe.Obras/Lists/Lista 03  Pedidos de Compra";"Anexos";"Attachments";"Attachments";"False";"False";"False";"";""
"Lista 03 — Pedidos de Compra";"18ca132a-c36a-42aa-9968-d87ecd547a79";"/sites/Equipe.Obras/Lists/Lista 03  Pedidos de Compra";"Status de Aprovação";"_ModerationStatus";"ModStat";"False";"True";"True";"";""
"Lista 03 — Pedidos de Compra";"18ca132a-c36a-42aa-9968-d87ecd547a79";"/sites/Equipe.Obras/Lists/Lista 03  Pedidos de Compra";"Editar";"Edit";"Computed";"False";"False";"True";"";""
"Lista 03 — Pedidos de Compra";"18ca132a-c36a-42aa-9968-d87ecd547a79";"/sites/Equipe.Obras/Lists/Lista 03  Pedidos de Compra";"Título";"LinkTitleNoMenu";"Computed";"False";"False";"True";"";""
"Lista 03 — Pedidos de Compra";"18ca132a-c36a-42aa-9968-d87ecd547a79";"/sites/Equipe.Obras/Lists/Lista 03  Pedidos de Compra";"Título";"LinkTitle2";"Computed";"False";"True";"True";"";""
"Lista 03 — Pedidos de Compra";"18ca132a-c36a-42aa-9968-d87ecd547a79";"/sites/Equipe.Obras/Lists/Lista 03  Pedidos de Compra";"Selecionar";"SelectTitle";"Computed";"False";"True";"True";"";""
"Lista 03 — Pedidos de Compra";"18ca132a-c36a-42aa-9968-d87ecd547a79";"/sites/Equipe.Obras/Lists/Lista 03  Pedidos de Compra";"ID da Instância";"InstanceID";"Integer";"False";"True";"True";"";""
"Lista 03 — Pedidos de Compra";"18ca132a-c36a-42aa-9968-d87ecd547a79";"/sites/Equipe.Obras/Lists/Lista 03  Pedidos de Compra";"Ordem";"Order";"Number";"False";"True";"False";"";""
"Lista 03 — Pedidos de Compra";"18ca132a-c36a-42aa-9968-d87ecd547a79";"/sites/Equipe.Obras/Lists/Lista 03  Pedidos de Compra";"GUID";"GUID";"Guid";"False";"True";"True";"";""
"Lista 03 — Pedidos de Compra";"18ca132a-c36a-42aa-9968-d87ecd547a79";"/sites/Equipe.Obras/Lists/Lista 03  Pedidos de Compra";"ID da Instância do Fluxo de Trabalho";"WorkflowInstanceID";"Guid";"False";"True";"True";"";""
"Lista 03 — Pedidos de Compra";"18ca132a-c36a-42aa-9968-d87ecd547a79";"/sites/Equipe.Obras/Lists/Lista 03  Pedidos de Compra";"Caminho da URL";"FileRef";"Lookup";"False";"True";"True";"";"FullUrl"
"Lista 03 — Pedidos de Compra";"18ca132a-c36a-42aa-9968-d87ecd547a79";"/sites/Equipe.Obras/Lists/Lista 03  Pedidos de Compra";"Caminho";"FileDirRef";"Lookup";"False";"True";"True";"";"DirName"
"Lista 03 — Pedidos de Compra";"18ca132a-c36a-42aa-9968-d87ecd547a79";"/sites/Equipe.Obras/Lists/Lista 03  Pedidos de Compra";"Modificado";"Last_x0020_Modified";"Lookup";"False";"True";"True";"";"TimeLastModified"
"Lista 03 — Pedidos de Compra";"18ca132a-c36a-42aa-9968-d87ecd547a79";"/sites/Equipe.Obras/Lists/Lista 03  Pedidos de Compra";"Criado";"Created_x0020_Date";"Lookup";"False";"True";"True";"";"TimeCreated"
"Lista 03 — Pedidos de Compra";"18ca132a-c36a-42aa-9968-d87ecd547a79";"/sites/Equipe.Obras/Lists/Lista 03  Pedidos de Compra";"Tipo de Item";"FSObjType";"Lookup";"False";"True";"True";"";"FSType"
"Lista 03 — Pedidos de Compra";"18ca132a-c36a-42aa-9968-d87ecd547a79";"/sites/Equipe.Obras/Lists/Lista 03  Pedidos de Compra";"Tipo de Classificação";"SortBehavior";"Lookup";"False";"True";"True";"";"SortBehavior"
"Lista 03 — Pedidos de Compra";"18ca132a-c36a-42aa-9968-d87ecd547a79";"/sites/Equipe.Obras/Lists/Lista 03  Pedidos de Compra";"Máscara de Permissões Efetivas";"PermMask";"Computed";"False";"True";"True";"";""
"Lista 03 — Pedidos de Compra";"18ca132a-c36a-42aa-9968-d87ecd547a79";"/sites/Equipe.Obras/Lists/Lista 03  Pedidos de Compra";"Contagem de principais";"PrincipalCount";"Computed";"False";"True";"True";"";""
"Lista 03 — Pedidos de Compra";"18ca132a-c36a-42aa-9968-d87ecd547a79";"/sites/Equipe.Obras/Lists/Lista 03  Pedidos de Compra";"Nome";"FileLeafRef";"File";"False";"True";"False";"";""
"Lista 03 — Pedidos de Compra";"18ca132a-c36a-42aa-9968-d87ecd547a79";"/sites/Equipe.Obras/Lists/Lista 03  Pedidos de Compra";"Id Exclusiva";"UniqueId";"Lookup";"False";"True";"True";"";"UniqueId"
"Lista 03 — Pedidos de Compra";"18ca132a-c36a-42aa-9968-d87ecd547a79";"/sites/Equipe.Obras/Lists/Lista 03  Pedidos de Compra";"Identificador Pai do Documento";"ParentUniqueId";"Lookup";"False";"True";"True";"";"ParentUniqueId"
"Lista 03 — Pedidos de Compra";"18ca132a-c36a-42aa-9968-d87ecd547a79";"/sites/Equipe.Obras/Lists/Lista 03  Pedidos de Compra";"ID de Cliente";"SyncClientId";"Lookup";"False";"True";"True";"";"SyncClientId"
"Lista 03 — Pedidos de Compra";"18ca132a-c36a-42aa-9968-d87ecd547a79";"/sites/Equipe.Obras/Lists/Lista 03  Pedidos de Compra";"ProgId";"ProgId";"Lookup";"False";"True";"True";"";"ProgId"
"Lista 03 — Pedidos de Compra";"18ca132a-c36a-42aa-9968-d87ecd547a79";"/sites/Equipe.Obras/Lists/Lista 03  Pedidos de Compra";"ScopeId";"ScopeId";"Lookup";"False";"True";"True";"";"ScopeId"
"Lista 03 — Pedidos de Compra";"18ca132a-c36a-42aa-9968-d87ecd547a79";"/sites/Equipe.Obras/Lists/Lista 03  Pedidos de Compra";"Tipo de Arquivo HTML";"HTML_x0020_File_x0020_Type";"Computed";"False";"True";"True";"";""
"Lista 03 — Pedidos de Compra";"18ca132a-c36a-42aa-9968-d87ecd547a79";"/sites/Equipe.Obras/Lists/Lista 03  Pedidos de Compra";"Início da Tabela do Menu de Edição";"_EditMenuTableStart";"Computed";"False";"True";"True";"";""
"Lista 03 — Pedidos de Compra";"18ca132a-c36a-42aa-9968-d87ecd547a79";"/sites/Equipe.Obras/Lists/Lista 03  Pedidos de Compra";"Início da Tabela do Menu de Edição";"_EditMenuTableStart2";"Computed";"False";"True";"True";"";""
"Lista 03 — Pedidos de Compra";"18ca132a-c36a-42aa-9968-d87ecd547a79";"/sites/Equipe.Obras/Lists/Lista 03  Pedidos de Compra";"Fim da Tabela do Menu de Edição";"_EditMenuTableEnd";"Computed";"False";"True";"True";"";""
"Lista 03 — Pedidos de Compra";"18ca132a-c36a-42aa-9968-d87ecd547a79";"/sites/Equipe.Obras/Lists/Lista 03  Pedidos de Compra";"Nome";"LinkFilenameNoMenu";"Computed";"False";"True";"True";"";""
"Lista 03 — Pedidos de Compra";"18ca132a-c36a-42aa-9968-d87ecd547a79";"/sites/Equipe.Obras/Lists/Lista 03  Pedidos de Compra";"Nome";"LinkFilename";"Computed";"False";"True";"True";"";""
"Lista 03 — Pedidos de Compra";"18ca132a-c36a-42aa-9968-d87ecd547a79";"/sites/Equipe.Obras/Lists/Lista 03  Pedidos de Compra";"Nome";"LinkFilename2";"Computed";"False";"True";"True";"";""
"Lista 03 — Pedidos de Compra";"18ca132a-c36a-42aa-9968-d87ecd547a79";"/sites/Equipe.Obras/Lists/Lista 03  Pedidos de Compra";"Tipo";"DocIcon";"Computed";"False";"False";"True";"";""
"Lista 03 — Pedidos de Compra";"18ca132a-c36a-42aa-9968-d87ecd547a79";"/sites/Equipe.Obras/Lists/Lista 03  Pedidos de Compra";"URL Relativa do Servidor";"ServerUrl";"Computed";"False";"True";"True";"";""
"Lista 03 — Pedidos de Compra";"18ca132a-c36a-42aa-9968-d87ecd547a79";"/sites/Equipe.Obras/Lists/Lista 03  Pedidos de Compra";"URL Absoluta Codificada";"EncodedAbsUrl";"Computed";"False";"True";"True";"";""
"Lista 03 — Pedidos de Compra";"18ca132a-c36a-42aa-9968-d87ecd547a79";"/sites/Equipe.Obras/Lists/Lista 03  Pedidos de Compra";"Nome do Arquivo";"BaseName";"Computed";"False";"True";"True";"";""
"Lista 03 — Pedidos de Compra";"18ca132a-c36a-42aa-9968-d87ecd547a79";"/sites/Equipe.Obras/Lists/Lista 03  Pedidos de Compra";"Conjunto de Propriedades";"MetaInfo";"Lookup";"False";"True";"False";"";"MetaInfo"
"Lista 03 — Pedidos de Compra";"18ca132a-c36a-42aa-9968-d87ecd547a79";"/sites/Equipe.Obras/Lists/Lista 03  Pedidos de Compra";"Nível";"_Level";"Integer";"False";"True";"True";"";""
"Lista 03 — Pedidos de Compra";"18ca132a-c36a-42aa-9968-d87ecd547a79";"/sites/Equipe.Obras/Lists/Lista 03  Pedidos de Compra";"É a Versão Atual";"_IsCurrentVersion";"Boolean";"False";"True";"True";"";""
"Lista 03 — Pedidos de Compra";"18ca132a-c36a-42aa-9968-d87ecd547a79";"/sites/Equipe.Obras/Lists/Lista 03  Pedidos de Compra";"Contagem de Itens Filhos";"ItemChildCount";"Lookup";"False";"False";"True";"";"ItemChildCount"
"Lista 03 — Pedidos de Compra";"18ca132a-c36a-42aa-9968-d87ecd547a79";"/sites/Equipe.Obras/Lists/Lista 03  Pedidos de Compra";"Contagem de Elementos Filho da Pasta";"FolderChildCount";"Lookup";"False";"False";"True";"";"FolderChildCount"
"Lista 03 — Pedidos de Compra";"18ca132a-c36a-42aa-9968-d87ecd547a79";"/sites/Equipe.Obras/Lists/Lista 03  Pedidos de Compra";"Restrito";"Restricted";"Lookup";"False";"True";"True";"";"Restricted"
"Lista 03 — Pedidos de Compra";"18ca132a-c36a-42aa-9968-d87ecd547a79";"/sites/Equipe.Obras/Lists/Lista 03  Pedidos de Compra";"ID do Originador";"OriginatorId";"Lookup";"False";"True";"True";"";"OriginatorId"
"Lista 03 — Pedidos de Compra";"18ca132a-c36a-42aa-9968-d87ecd547a79";"/sites/Equipe.Obras/Lists/Lista 03  Pedidos de Compra";"NãoExecutar";"NoExecute";"Lookup";"False";"True";"True";"";"DocFlags"
"Lista 03 — Pedidos de Compra";"18ca132a-c36a-42aa-9968-d87ecd547a79";"/sites/Equipe.Obras/Lists/Lista 03  Pedidos de Compra";"Versão do Conteúdo";"ContentVersion";"Lookup";"False";"True";"True";"";"ContentVersion"
"Lista 03 — Pedidos de Compra";"18ca132a-c36a-42aa-9968-d87ecd547a79";"/sites/Equipe.Obras/Lists/Lista 03  Pedidos de Compra";"Configuração do rótulo";"_ComplianceFlags";"Lookup";"False";"False";"True";"";"ComplianceFlags"
"Lista 03 — Pedidos de Compra";"18ca132a-c36a-42aa-9968-d87ecd547a79";"/sites/Equipe.Obras/Lists/Lista 03  Pedidos de Compra";"Rótulo de retenção";"_ComplianceTag";"Lookup";"False";"False";"True";"";"ComplianceTag"
"Lista 03 — Pedidos de Compra";"18ca132a-c36a-42aa-9968-d87ecd547a79";"/sites/Equipe.Obras/Lists/Lista 03  Pedidos de Compra";"Rótulo de retenção Aplicado";"_ComplianceTagWrittenTime";"Lookup";"False";"False";"True";"";"ComplianceTagWrittenTime"
"Lista 03 — Pedidos de Compra";"18ca132a-c36a-42aa-9968-d87ecd547a79";"/sites/Equipe.Obras/Lists/Lista 03  Pedidos de Compra";"Rótulo aplicado por";"_ComplianceTagUserId";"Lookup";"False";"False";"True";"";"ComplianceTagUserId"
"Lista 03 — Pedidos de Compra";"18ca132a-c36a-42aa-9968-d87ecd547a79";"/sites/Equipe.Obras/Lists/Lista 03  Pedidos de Compra";"O item é um Registro";"_IsRecord";"Computed";"False";"False";"True";"";""
"Lista 03 — Pedidos de Compra";"18ca132a-c36a-42aa-9968-d87ecd547a79";"/sites/Equipe.Obras/Lists/Lista 03  Pedidos de Compra";"Política de Acesso";"AccessPolicy";"Lookup";"False";"True";"True";"";"AccessPolicy"
"Lista 03 — Pedidos de Compra";"18ca132a-c36a-42aa-9968-d87ecd547a79";"/sites/Equipe.Obras/Lists/Lista 03  Pedidos de Compra";"VirusStatus";"_VirusStatus";"Lookup";"False";"True";"True";"";"VirusStatus"
"Lista 03 — Pedidos de Compra";"18ca132a-c36a-42aa-9968-d87ecd547a79";"/sites/Equipe.Obras/Lists/Lista 03  Pedidos de Compra";"VirusVendorID";"_VirusVendorID";"Lookup";"False";"True";"True";"";"VirusVendorID"
"Lista 03 — Pedidos de Compra";"18ca132a-c36a-42aa-9968-d87ecd547a79";"/sites/Equipe.Obras/Lists/Lista 03  Pedidos de Compra";"VirusInfo";"_VirusInfo";"Lookup";"False";"True";"True";"";"VirusInfo"
"Lista 03 — Pedidos de Compra";"18ca132a-c36a-42aa-9968-d87ecd547a79";"/sites/Equipe.Obras/Lists/Lista 03  Pedidos de Compra";"RansomwareAnomalyMetaInfo";"_RansomwareAnomalyMetaInfo";"Lookup";"False";"True";"True";"";"RansomwareAnomalyMetaInfo"
"Lista 03 — Pedidos de Compra";"18ca132a-c36a-42aa-9968-d87ecd547a79";"/sites/Equipe.Obras/Lists/Lista 03  Pedidos de Compra";"ID do Proprietário do Rascunho";"_DraftOwnerId";"Lookup";"False";"True";"True";"";"DraftOwnerId"
"Lista 03 — Pedidos de Compra";"18ca132a-c36a-42aa-9968-d87ecd547a79";"/sites/Equipe.Obras/Lists/Lista 03  Pedidos de Compra";"Configurações do Link principal";"MainLinkSettings";"Computed";"False";"True";"True";"";""
"Lista 03 — Pedidos de Compra";"18ca132a-c36a-42aa-9968-d87ecd547a79";"/sites/Equipe.Obras/Lists/Lista 03  Pedidos de Compra";"Aplicativo Criado por";"AppAuthor";"Lookup";"False";"False";"True";"AppPrincipals";"Title"
"Lista 03 — Pedidos de Compra";"18ca132a-c36a-42aa-9968-d87ecd547a79";"/sites/Equipe.Obras/Lists/Lista 03  Pedidos de Compra";"Aplicativo Modificado por";"AppEditor";"Lookup";"False";"False";"True";"AppPrincipals";"Title"
"Lista 03 — Pedidos de Compra";"18ca132a-c36a-42aa-9968-d87ecd547a79";"/sites/Equipe.Obras/Lists/Lista 03  Pedidos de Compra";"Tamanho Total";"SMTotalSize";"Lookup";"False";"True";"True";"";"SMTotalSize"
"Lista 03 — Pedidos de Compra";"18ca132a-c36a-42aa-9968-d87ecd547a79";"/sites/Equipe.Obras/Lists/Lista 03  Pedidos de Compra";"Data da Última Modificação";"SMLastModifiedDate";"Lookup";"False";"True";"True";"";"SMLastModifiedDate"
"Lista 03 — Pedidos de Compra";"18ca132a-c36a-42aa-9968-d87ecd547a79";"/sites/Equipe.Obras/Lists/Lista 03  Pedidos de Compra";"Tamanho Total do Fluxo de Arquivos";"SMTotalFileStreamSize";"Lookup";"False";"True";"True";"";"SMTotalFileStreamSize"
"Lista 03 — Pedidos de Compra";"18ca132a-c36a-42aa-9968-d87ecd547a79";"/sites/Equipe.Obras/Lists/Lista 03  Pedidos de Compra";"Contagem Total de Arquivos";"SMTotalFileCount";"Lookup";"False";"True";"True";"";"SMTotalFileCount"
"Lista 03 — Pedidos de Compra";"18ca132a-c36a-42aa-9968-d87ecd547a79";"/sites/Equipe.Obras/Lists/Lista 03  Pedidos de Compra";"Configurações de comentários";"_CommentFlags";"Lookup";"False";"True";"True";"";"CommentFlags"
"Lista 03 — Pedidos de Compra";"18ca132a-c36a-42aa-9968-d87ecd547a79";"/sites/Equipe.Obras/Lists/Lista 03  Pedidos de Compra";"Contagem de comentário";"_CommentCount";"Lookup";"False";"True";"True";"";"CommentCount"
"Lista 04 - Notas Fiscais Recebidas";"25aa4447-193d-418a-8e71-9bfd8e9995da";"/sites/Equipe.Obras/Lists/Lista 04  Notas Fiscais Recebidas";"ID do Tipo de Conteúdo";"ContentTypeId";"ContentTypeId";"False";"True";"True";"";""
"Lista 04 - Notas Fiscais Recebidas";"25aa4447-193d-418a-8e71-9bfd8e9995da";"/sites/Equipe.Obras/Lists/Lista 04  Notas Fiscais Recebidas";"Título";"Title";"Text";"False";"False";"False";"";""
"Lista 04 - Notas Fiscais Recebidas";"25aa4447-193d-418a-8e71-9bfd8e9995da";"/sites/Equipe.Obras/Lists/Lista 04  Notas Fiscais Recebidas";"Comentários do Aprovador";"_ModerationComments";"Note";"False";"True";"True";"";""
"Lista 04 - Notas Fiscais Recebidas";"25aa4447-193d-418a-8e71-9bfd8e9995da";"/sites/Equipe.Obras/Lists/Lista 04  Notas Fiscais Recebidas";"Nº Controle NF";"LinkTitle";"Computed";"False";"False";"True";"";""
"Lista 04 - Notas Fiscais Recebidas";"25aa4447-193d-418a-8e71-9bfd8e9995da";"/sites/Equipe.Obras/Lists/Lista 04  Notas Fiscais Recebidas";"Tipo de Arquivo";"File_x0020_Type";"Text";"False";"True";"True";"";""
"Lista 04 - Notas Fiscais Recebidas";"25aa4447-193d-418a-8e71-9bfd8e9995da";"/sites/Equipe.Obras/Lists/Lista 04  Notas Fiscais Recebidas";"Cor";"_ColorHex";"Text";"False";"True";"True";"";""
"Lista 04 - Notas Fiscais Recebidas";"25aa4447-193d-418a-8e71-9bfd8e9995da";"/sites/Equipe.Obras/Lists/Lista 04  Notas Fiscais Recebidas";"Pressione Delete para excluir o ícone.";"_ColorTag";"Text";"False";"False";"True";"";""
"Lista 04 - Notas Fiscais Recebidas";"25aa4447-193d-418a-8e71-9bfd8e9995da";"/sites/Equipe.Obras/Lists/Lista 04  Notas Fiscais Recebidas";"Emoji";"_Emoji";"Text";"False";"True";"True";"";""
"Lista 04 - Notas Fiscais Recebidas";"25aa4447-193d-418a-8e71-9bfd8e9995da";"/sites/Equipe.Obras/Lists/Lista 04  Notas Fiscais Recebidas";"ID de Ativo de Conformidade";"ComplianceAssetId";"Text";"False";"False";"True";"";""
"Lista 04 - Notas Fiscais Recebidas";"25aa4447-193d-418a-8e71-9bfd8e9995da";"/sites/Equipe.Obras/Lists/Lista 04  Notas Fiscais Recebidas";"Nº do Pedido";"N_x00ba_doPedido";"Text";"False";"False";"False";"";""
"Lista 04 - Notas Fiscais Recebidas";"25aa4447-193d-418a-8e71-9bfd8e9995da";"/sites/Equipe.Obras/Lists/Lista 04  Notas Fiscais Recebidas";"Obra";"Obra";"Lookup";"True";"False";"False";"a9afadc1-f843-45c0-a628-4f49a8716832";"NomedaObra"
"Lista 04 - Notas Fiscais Recebidas";"25aa4447-193d-418a-8e71-9bfd8e9995da";"/sites/Equipe.Obras/Lists/Lista 04  Notas Fiscais Recebidas";"Código da Obra";"C_x00f3_digodaObra";"Lookup";"False";"False";"False";"a9afadc1-f843-45c0-a628-4f49a8716832";"Title"
"Lista 04 - Notas Fiscais Recebidas";"25aa4447-193d-418a-8e71-9bfd8e9995da";"/sites/Equipe.Obras/Lists/Lista 04  Notas Fiscais Recebidas";"Centro de Custo";"CentrodeCusto";"Text";"False";"False";"False";"";""
"Lista 04 - Notas Fiscais Recebidas";"25aa4447-193d-418a-8e71-9bfd8e9995da";"/sites/Equipe.Obras/Lists/Lista 04  Notas Fiscais Recebidas";"CNPJ Fornecedor";"CNPJFornecedor";"Text";"False";"False";"False";"";""
"Lista 04 - Notas Fiscais Recebidas";"25aa4447-193d-418a-8e71-9bfd8e9995da";"/sites/Equipe.Obras/Lists/Lista 04  Notas Fiscais Recebidas";"Nº da Nota Fiscal";"N_x00ba_daNotaFiscal";"Text";"False";"False";"False";"";""
"Lista 04 - Notas Fiscais Recebidas";"25aa4447-193d-418a-8e71-9bfd8e9995da";"/sites/Equipe.Obras/Lists/Lista 04  Notas Fiscais Recebidas";"Série NF";"S_x00e9_rieNF";"Text";"False";"False";"False";"";""
"Lista 04 - Notas Fiscais Recebidas";"25aa4447-193d-418a-8e71-9bfd8e9995da";"/sites/Equipe.Obras/Lists/Lista 04  Notas Fiscais Recebidas";"Data de Emissão";"DatadeEmiss_x00e3_o";"DateTime";"False";"False";"False";"";""
"Lista 04 - Notas Fiscais Recebidas";"25aa4447-193d-418a-8e71-9bfd8e9995da";"/sites/Equipe.Obras/Lists/Lista 04  Notas Fiscais Recebidas";"Data de Vencimento";"DatadeVencimento";"DateTime";"False";"False";"False";"";""
"Lista 04 - Notas Fiscais Recebidas";"25aa4447-193d-418a-8e71-9bfd8e9995da";"/sites/Equipe.Obras/Lists/Lista 04  Notas Fiscais Recebidas";"Valor Bruto da NF";"ValorBrutodaNF";"Currency";"False";"False";"False";"";""
"Lista 04 - Notas Fiscais Recebidas";"25aa4447-193d-418a-8e71-9bfd8e9995da";"/sites/Equipe.Obras/Lists/Lista 04  Notas Fiscais Recebidas";"Retenções / Descontos";"Reten_x00e7__x00f5_es_x002f_Desc";"Currency";"False";"False";"False";"";""
"Lista 04 - Notas Fiscais Recebidas";"25aa4447-193d-418a-8e71-9bfd8e9995da";"/sites/Equipe.Obras/Lists/Lista 04  Notas Fiscais Recebidas";"Tipo de NF";"TipodeNF";"Choice";"False";"False";"False";"";""
"Lista 04 - Notas Fiscais Recebidas";"25aa4447-193d-418a-8e71-9bfd8e9995da";"/sites/Equipe.Obras/Lists/Lista 04  Notas Fiscais Recebidas";"Status da Conferência";"StatusdaConfer_x00ea_ncia";"Choice";"False";"False";"False";"";""
"Lista 04 - Notas Fiscais Recebidas";"25aa4447-193d-418a-8e71-9bfd8e9995da";"/sites/Equipe.Obras/Lists/Lista 04  Notas Fiscais Recebidas";"Responsável pela Conferência";"Respons_x00e1_velpelaConfer_x00e";"User";"False";"False";"False";"{ebc81507-41be-46f3-9eac-dafe1234a71d}";""
"Lista 04 - Notas Fiscais Recebidas";"25aa4447-193d-418a-8e71-9bfd8e9995da";"/sites/Equipe.Obras/Lists/Lista 04  Notas Fiscais Recebidas";"Enviada para Contabilidade?";"EnviadaparaContabilidade_x003f_";"Choice";"True";"False";"False";"";""
"Lista 04 - Notas Fiscais Recebidas";"25aa4447-193d-418a-8e71-9bfd8e9995da";"/sites/Equipe.Obras/Lists/Lista 04  Notas Fiscais Recebidas";"Link da NF no SharePoint";"LinkdaNFnoSharePoint";"URL";"False";"False";"False";"";""
"Lista 04 - Notas Fiscais Recebidas";"25aa4447-193d-418a-8e71-9bfd8e9995da";"/sites/Equipe.Obras/Lists/Lista 04  Notas Fiscais Recebidas";"Observações";"Observa_x00e7__x00f5_es";"Note";"False";"False";"False";"";""
"Lista 04 - Notas Fiscais Recebidas";"25aa4447-193d-418a-8e71-9bfd8e9995da";"/sites/Equipe.Obras/Lists/Lista 04  Notas Fiscais Recebidas";"Data de Recebimento";"DatadeRecebimento";"DateTime";"False";"False";"False";"";""
"Lista 04 - Notas Fiscais Recebidas";"25aa4447-193d-418a-8e71-9bfd8e9995da";"/sites/Equipe.Obras/Lists/Lista 04  Notas Fiscais Recebidas";"Created Via";"_FormSourceId_0";"Text";"False";"False";"True";"";""
"Lista 04 - Notas Fiscais Recebidas";"25aa4447-193d-418a-8e71-9bfd8e9995da";"/sites/Equipe.Obras/Lists/Lista 04  Notas Fiscais Recebidas";"Obra: Título";"Obra_x003a__x0020_T_x00ed_tulo";"Lookup";"True";"False";"True";"a9afadc1-f843-45c0-a628-4f49a8716832";"Title"
"Lista 04 - Notas Fiscais Recebidas";"25aa4447-193d-418a-8e71-9bfd8e9995da";"/sites/Equipe.Obras/Lists/Lista 04  Notas Fiscais Recebidas";"Obra: Nome da Obra";"Obra_x003a__x0020_Nome_x0020_da_";"Lookup";"True";"False";"True";"a9afadc1-f843-45c0-a628-4f49a8716832";"NomedaObra"
"Lista 04 - Notas Fiscais Recebidas";"25aa4447-193d-418a-8e71-9bfd8e9995da";"/sites/Equipe.Obras/Lists/Lista 04  Notas Fiscais Recebidas";"Obra: Cliente";"Obra_x003a__x0020_Cliente";"Lookup";"True";"False";"True";"a9afadc1-f843-45c0-a628-4f49a8716832";"Cliente"
"Lista 04 - Notas Fiscais Recebidas";"25aa4447-193d-418a-8e71-9bfd8e9995da";"/sites/Equipe.Obras/Lists/Lista 04  Notas Fiscais Recebidas";"Obra: Centro de Custo";"Obra_x003a__x0020_Centro_x0020_d";"Lookup";"True";"False";"True";"a9afadc1-f843-45c0-a628-4f49a8716832";"CentrodeCusto"
"Lista 04 - Notas Fiscais Recebidas";"25aa4447-193d-418a-8e71-9bfd8e9995da";"/sites/Equipe.Obras/Lists/Lista 04  Notas Fiscais Recebidas";"Fornecedor";"Fornecedor0";"Lookup";"True";"False";"False";"953cc56f-108b-4818-9ffc-cc522cd1b62d";"NomeFantasia"
"Lista 04 - Notas Fiscais Recebidas";"25aa4447-193d-418a-8e71-9bfd8e9995da";"/sites/Equipe.Obras/Lists/Lista 04  Notas Fiscais Recebidas";"Fornecedor: Título";"Fornecedor_x003a__x0020_T_x00ed_";"Lookup";"True";"False";"True";"953cc56f-108b-4818-9ffc-cc522cd1b62d";"Title"
"Lista 04 - Notas Fiscais Recebidas";"25aa4447-193d-418a-8e71-9bfd8e9995da";"/sites/Equipe.Obras/Lists/Lista 04  Notas Fiscais Recebidas";"Fornecedor: Nome Fantasia";"Fornecedor_x003a__x0020_Nome_x00";"Lookup";"True";"False";"True";"953cc56f-108b-4818-9ffc-cc522cd1b62d";"NomeFantasia"
"Lista 04 - Notas Fiscais Recebidas";"25aa4447-193d-418a-8e71-9bfd8e9995da";"/sites/Equipe.Obras/Lists/Lista 04  Notas Fiscais Recebidas";"Fornecedor: CNPJ / CPF";"Fornecedor_x003a__x0020_CNPJ_x00";"Lookup";"True";"False";"True";"953cc56f-108b-4818-9ffc-cc522cd1b62d";"CNPJ_x002f_CPF"
"Lista 04 - Notas Fiscais Recebidas";"25aa4447-193d-418a-8e71-9bfd8e9995da";"/sites/Equipe.Obras/Lists/Lista 04  Notas Fiscais Recebidas";"Valor Liquido a Pagar";"Valor_x0020_Liquido_x0020_a_x002";"Calculated";"False";"False";"True";"";""
"Lista 04 - Notas Fiscais Recebidas";"25aa4447-193d-418a-8e71-9bfd8e9995da";"/sites/Equipe.Obras/Lists/Lista 04  Notas Fiscais Recebidas";"Valor Liquido Calculado";"Valor_x0020_Liquido_x0020_Calcul";"Calculated";"False";"False";"True";"";""
"Lista 04 - Notas Fiscais Recebidas";"25aa4447-193d-418a-8e71-9bfd8e9995da";"/sites/Equipe.Obras/Lists/Lista 04  Notas Fiscais Recebidas";"ID";"ID";"Counter";"False";"False";"True";"";""
"Lista 04 - Notas Fiscais Recebidas";"25aa4447-193d-418a-8e71-9bfd8e9995da";"/sites/Equipe.Obras/Lists/Lista 04  Notas Fiscais Recebidas";"Tipo de Conteúdo";"ContentType";"Computed";"False";"False";"False";"";""
"Lista 04 - Notas Fiscais Recebidas";"25aa4447-193d-418a-8e71-9bfd8e9995da";"/sites/Equipe.Obras/Lists/Lista 04  Notas Fiscais Recebidas";"Modificado";"Modified";"DateTime";"False";"False";"True";"";""
"Lista 04 - Notas Fiscais Recebidas";"25aa4447-193d-418a-8e71-9bfd8e9995da";"/sites/Equipe.Obras/Lists/Lista 04  Notas Fiscais Recebidas";"Criado";"Created";"DateTime";"False";"False";"True";"";""
"Lista 04 - Notas Fiscais Recebidas";"25aa4447-193d-418a-8e71-9bfd8e9995da";"/sites/Equipe.Obras/Lists/Lista 04  Notas Fiscais Recebidas";"Criado por";"Author";"User";"False";"False";"True";"{ebc81507-41be-46f3-9eac-dafe1234a71d}";""
"Lista 04 - Notas Fiscais Recebidas";"25aa4447-193d-418a-8e71-9bfd8e9995da";"/sites/Equipe.Obras/Lists/Lista 04  Notas Fiscais Recebidas";"Modificado por";"Editor";"User";"False";"False";"True";"{ebc81507-41be-46f3-9eac-dafe1234a71d}";""
"Lista 04 - Notas Fiscais Recebidas";"25aa4447-193d-418a-8e71-9bfd8e9995da";"/sites/Equipe.Obras/Lists/Lista 04  Notas Fiscais Recebidas";"Tem Destinos de Cópia";"_HasCopyDestinations";"Boolean";"False";"True";"True";"";""
"Lista 04 - Notas Fiscais Recebidas";"25aa4447-193d-418a-8e71-9bfd8e9995da";"/sites/Equipe.Obras/Lists/Lista 04  Notas Fiscais Recebidas";"Origem da Cópia";"_CopySource";"Text";"False";"True";"True";"";""
"Lista 04 - Notas Fiscais Recebidas";"25aa4447-193d-418a-8e71-9bfd8e9995da";"/sites/Equipe.Obras/Lists/Lista 04  Notas Fiscais Recebidas";"owshiddenversion";"owshiddenversion";"Integer";"False";"True";"True";"";""
"Lista 04 - Notas Fiscais Recebidas";"25aa4447-193d-418a-8e71-9bfd8e9995da";"/sites/Equipe.Obras/Lists/Lista 04  Notas Fiscais Recebidas";"Versão do Fluxo de Trabalho";"WorkflowVersion";"Integer";"False";"True";"True";"";""
"Lista 04 - Notas Fiscais Recebidas";"25aa4447-193d-418a-8e71-9bfd8e9995da";"/sites/Equipe.Obras/Lists/Lista 04  Notas Fiscais Recebidas";"Versão da UI";"_UIVersion";"Integer";"False";"True";"True";"";""
"Lista 04 - Notas Fiscais Recebidas";"25aa4447-193d-418a-8e71-9bfd8e9995da";"/sites/Equipe.Obras/Lists/Lista 04  Notas Fiscais Recebidas";"Versão";"_UIVersionString";"Text";"False";"False";"True";"";""
"Lista 04 - Notas Fiscais Recebidas";"25aa4447-193d-418a-8e71-9bfd8e9995da";"/sites/Equipe.Obras/Lists/Lista 04  Notas Fiscais Recebidas";"Anexos";"Attachments";"Attachments";"False";"False";"False";"";""
"Lista 04 - Notas Fiscais Recebidas";"25aa4447-193d-418a-8e71-9bfd8e9995da";"/sites/Equipe.Obras/Lists/Lista 04  Notas Fiscais Recebidas";"Status de Aprovação";"_ModerationStatus";"ModStat";"False";"True";"True";"";""
"Lista 04 - Notas Fiscais Recebidas";"25aa4447-193d-418a-8e71-9bfd8e9995da";"/sites/Equipe.Obras/Lists/Lista 04  Notas Fiscais Recebidas";"Editar";"Edit";"Computed";"False";"False";"True";"";""
"Lista 04 - Notas Fiscais Recebidas";"25aa4447-193d-418a-8e71-9bfd8e9995da";"/sites/Equipe.Obras/Lists/Lista 04  Notas Fiscais Recebidas";"Título";"LinkTitleNoMenu";"Computed";"False";"False";"True";"";""
"Lista 04 - Notas Fiscais Recebidas";"25aa4447-193d-418a-8e71-9bfd8e9995da";"/sites/Equipe.Obras/Lists/Lista 04  Notas Fiscais Recebidas";"Título";"LinkTitle2";"Computed";"False";"True";"True";"";""
"Lista 04 - Notas Fiscais Recebidas";"25aa4447-193d-418a-8e71-9bfd8e9995da";"/sites/Equipe.Obras/Lists/Lista 04  Notas Fiscais Recebidas";"Selecionar";"SelectTitle";"Computed";"False";"True";"True";"";""
"Lista 04 - Notas Fiscais Recebidas";"25aa4447-193d-418a-8e71-9bfd8e9995da";"/sites/Equipe.Obras/Lists/Lista 04  Notas Fiscais Recebidas";"ID da Instância";"InstanceID";"Integer";"False";"True";"True";"";""
"Lista 04 - Notas Fiscais Recebidas";"25aa4447-193d-418a-8e71-9bfd8e9995da";"/sites/Equipe.Obras/Lists/Lista 04  Notas Fiscais Recebidas";"Ordem";"Order";"Number";"False";"True";"False";"";""
"Lista 04 - Notas Fiscais Recebidas";"25aa4447-193d-418a-8e71-9bfd8e9995da";"/sites/Equipe.Obras/Lists/Lista 04  Notas Fiscais Recebidas";"GUID";"GUID";"Guid";"False";"True";"True";"";""
"Lista 04 - Notas Fiscais Recebidas";"25aa4447-193d-418a-8e71-9bfd8e9995da";"/sites/Equipe.Obras/Lists/Lista 04  Notas Fiscais Recebidas";"ID da Instância do Fluxo de Trabalho";"WorkflowInstanceID";"Guid";"False";"True";"True";"";""
"Lista 04 - Notas Fiscais Recebidas";"25aa4447-193d-418a-8e71-9bfd8e9995da";"/sites/Equipe.Obras/Lists/Lista 04  Notas Fiscais Recebidas";"Caminho da URL";"FileRef";"Lookup";"False";"True";"True";"";"FullUrl"
"Lista 04 - Notas Fiscais Recebidas";"25aa4447-193d-418a-8e71-9bfd8e9995da";"/sites/Equipe.Obras/Lists/Lista 04  Notas Fiscais Recebidas";"Caminho";"FileDirRef";"Lookup";"False";"True";"True";"";"DirName"
"Lista 04 - Notas Fiscais Recebidas";"25aa4447-193d-418a-8e71-9bfd8e9995da";"/sites/Equipe.Obras/Lists/Lista 04  Notas Fiscais Recebidas";"Modificado";"Last_x0020_Modified";"Lookup";"False";"True";"True";"";"TimeLastModified"
"Lista 04 - Notas Fiscais Recebidas";"25aa4447-193d-418a-8e71-9bfd8e9995da";"/sites/Equipe.Obras/Lists/Lista 04  Notas Fiscais Recebidas";"Criado";"Created_x0020_Date";"Lookup";"False";"True";"True";"";"TimeCreated"
"Lista 04 - Notas Fiscais Recebidas";"25aa4447-193d-418a-8e71-9bfd8e9995da";"/sites/Equipe.Obras/Lists/Lista 04  Notas Fiscais Recebidas";"Tipo de Item";"FSObjType";"Lookup";"False";"True";"True";"";"FSType"
"Lista 04 - Notas Fiscais Recebidas";"25aa4447-193d-418a-8e71-9bfd8e9995da";"/sites/Equipe.Obras/Lists/Lista 04  Notas Fiscais Recebidas";"Tipo de Classificação";"SortBehavior";"Lookup";"False";"True";"True";"";"SortBehavior"
"Lista 04 - Notas Fiscais Recebidas";"25aa4447-193d-418a-8e71-9bfd8e9995da";"/sites/Equipe.Obras/Lists/Lista 04  Notas Fiscais Recebidas";"Máscara de Permissões Efetivas";"PermMask";"Computed";"False";"True";"True";"";""
"Lista 04 - Notas Fiscais Recebidas";"25aa4447-193d-418a-8e71-9bfd8e9995da";"/sites/Equipe.Obras/Lists/Lista 04  Notas Fiscais Recebidas";"Contagem de principais";"PrincipalCount";"Computed";"False";"True";"True";"";""
"Lista 04 - Notas Fiscais Recebidas";"25aa4447-193d-418a-8e71-9bfd8e9995da";"/sites/Equipe.Obras/Lists/Lista 04  Notas Fiscais Recebidas";"Nome";"FileLeafRef";"File";"False";"True";"False";"";""
"Lista 04 - Notas Fiscais Recebidas";"25aa4447-193d-418a-8e71-9bfd8e9995da";"/sites/Equipe.Obras/Lists/Lista 04  Notas Fiscais Recebidas";"Id Exclusiva";"UniqueId";"Lookup";"False";"True";"True";"";"UniqueId"
"Lista 04 - Notas Fiscais Recebidas";"25aa4447-193d-418a-8e71-9bfd8e9995da";"/sites/Equipe.Obras/Lists/Lista 04  Notas Fiscais Recebidas";"Identificador Pai do Documento";"ParentUniqueId";"Lookup";"False";"True";"True";"";"ParentUniqueId"
"Lista 04 - Notas Fiscais Recebidas";"25aa4447-193d-418a-8e71-9bfd8e9995da";"/sites/Equipe.Obras/Lists/Lista 04  Notas Fiscais Recebidas";"ID de Cliente";"SyncClientId";"Lookup";"False";"True";"True";"";"SyncClientId"
"Lista 04 - Notas Fiscais Recebidas";"25aa4447-193d-418a-8e71-9bfd8e9995da";"/sites/Equipe.Obras/Lists/Lista 04  Notas Fiscais Recebidas";"ProgId";"ProgId";"Lookup";"False";"True";"True";"";"ProgId"
"Lista 04 - Notas Fiscais Recebidas";"25aa4447-193d-418a-8e71-9bfd8e9995da";"/sites/Equipe.Obras/Lists/Lista 04  Notas Fiscais Recebidas";"ScopeId";"ScopeId";"Lookup";"False";"True";"True";"";"ScopeId"
"Lista 04 - Notas Fiscais Recebidas";"25aa4447-193d-418a-8e71-9bfd8e9995da";"/sites/Equipe.Obras/Lists/Lista 04  Notas Fiscais Recebidas";"Tipo de Arquivo HTML";"HTML_x0020_File_x0020_Type";"Computed";"False";"True";"True";"";""
"Lista 04 - Notas Fiscais Recebidas";"25aa4447-193d-418a-8e71-9bfd8e9995da";"/sites/Equipe.Obras/Lists/Lista 04  Notas Fiscais Recebidas";"Início da Tabela do Menu de Edição";"_EditMenuTableStart";"Computed";"False";"True";"True";"";""
"Lista 04 - Notas Fiscais Recebidas";"25aa4447-193d-418a-8e71-9bfd8e9995da";"/sites/Equipe.Obras/Lists/Lista 04  Notas Fiscais Recebidas";"Início da Tabela do Menu de Edição";"_EditMenuTableStart2";"Computed";"False";"True";"True";"";""
"Lista 04 - Notas Fiscais Recebidas";"25aa4447-193d-418a-8e71-9bfd8e9995da";"/sites/Equipe.Obras/Lists/Lista 04  Notas Fiscais Recebidas";"Fim da Tabela do Menu de Edição";"_EditMenuTableEnd";"Computed";"False";"True";"True";"";""
"Lista 04 - Notas Fiscais Recebidas";"25aa4447-193d-418a-8e71-9bfd8e9995da";"/sites/Equipe.Obras/Lists/Lista 04  Notas Fiscais Recebidas";"Nome";"LinkFilenameNoMenu";"Computed";"False";"True";"True";"";""
"Lista 04 - Notas Fiscais Recebidas";"25aa4447-193d-418a-8e71-9bfd8e9995da";"/sites/Equipe.Obras/Lists/Lista 04  Notas Fiscais Recebidas";"Nome";"LinkFilename";"Computed";"False";"True";"True";"";""
"Lista 04 - Notas Fiscais Recebidas";"25aa4447-193d-418a-8e71-9bfd8e9995da";"/sites/Equipe.Obras/Lists/Lista 04  Notas Fiscais Recebidas";"Nome";"LinkFilename2";"Computed";"False";"True";"True";"";""
"Lista 04 - Notas Fiscais Recebidas";"25aa4447-193d-418a-8e71-9bfd8e9995da";"/sites/Equipe.Obras/Lists/Lista 04  Notas Fiscais Recebidas";"Tipo";"DocIcon";"Computed";"False";"False";"True";"";""
"Lista 04 - Notas Fiscais Recebidas";"25aa4447-193d-418a-8e71-9bfd8e9995da";"/sites/Equipe.Obras/Lists/Lista 04  Notas Fiscais Recebidas";"URL Relativa do Servidor";"ServerUrl";"Computed";"False";"True";"True";"";""
"Lista 04 - Notas Fiscais Recebidas";"25aa4447-193d-418a-8e71-9bfd8e9995da";"/sites/Equipe.Obras/Lists/Lista 04  Notas Fiscais Recebidas";"URL Absoluta Codificada";"EncodedAbsUrl";"Computed";"False";"True";"True";"";""
"Lista 04 - Notas Fiscais Recebidas";"25aa4447-193d-418a-8e71-9bfd8e9995da";"/sites/Equipe.Obras/Lists/Lista 04  Notas Fiscais Recebidas";"Nome do Arquivo";"BaseName";"Computed";"False";"True";"True";"";""
"Lista 04 - Notas Fiscais Recebidas";"25aa4447-193d-418a-8e71-9bfd8e9995da";"/sites/Equipe.Obras/Lists/Lista 04  Notas Fiscais Recebidas";"Conjunto de Propriedades";"MetaInfo";"Lookup";"False";"True";"False";"";"MetaInfo"
"Lista 04 - Notas Fiscais Recebidas";"25aa4447-193d-418a-8e71-9bfd8e9995da";"/sites/Equipe.Obras/Lists/Lista 04  Notas Fiscais Recebidas";"Nível";"_Level";"Integer";"False";"True";"True";"";""
"Lista 04 - Notas Fiscais Recebidas";"25aa4447-193d-418a-8e71-9bfd8e9995da";"/sites/Equipe.Obras/Lists/Lista 04  Notas Fiscais Recebidas";"É a Versão Atual";"_IsCurrentVersion";"Boolean";"False";"True";"True";"";""
"Lista 04 - Notas Fiscais Recebidas";"25aa4447-193d-418a-8e71-9bfd8e9995da";"/sites/Equipe.Obras/Lists/Lista 04  Notas Fiscais Recebidas";"Contagem de Itens Filhos";"ItemChildCount";"Lookup";"False";"False";"True";"";"ItemChildCount"
"Lista 04 - Notas Fiscais Recebidas";"25aa4447-193d-418a-8e71-9bfd8e9995da";"/sites/Equipe.Obras/Lists/Lista 04  Notas Fiscais Recebidas";"Contagem de Elementos Filho da Pasta";"FolderChildCount";"Lookup";"False";"False";"True";"";"FolderChildCount"
"Lista 04 - Notas Fiscais Recebidas";"25aa4447-193d-418a-8e71-9bfd8e9995da";"/sites/Equipe.Obras/Lists/Lista 04  Notas Fiscais Recebidas";"Restrito";"Restricted";"Lookup";"False";"True";"True";"";"Restricted"
"Lista 04 - Notas Fiscais Recebidas";"25aa4447-193d-418a-8e71-9bfd8e9995da";"/sites/Equipe.Obras/Lists/Lista 04  Notas Fiscais Recebidas";"ID do Originador";"OriginatorId";"Lookup";"False";"True";"True";"";"OriginatorId"
"Lista 04 - Notas Fiscais Recebidas";"25aa4447-193d-418a-8e71-9bfd8e9995da";"/sites/Equipe.Obras/Lists/Lista 04  Notas Fiscais Recebidas";"NãoExecutar";"NoExecute";"Lookup";"False";"True";"True";"";"DocFlags"
"Lista 04 - Notas Fiscais Recebidas";"25aa4447-193d-418a-8e71-9bfd8e9995da";"/sites/Equipe.Obras/Lists/Lista 04  Notas Fiscais Recebidas";"Versão do Conteúdo";"ContentVersion";"Lookup";"False";"True";"True";"";"ContentVersion"
"Lista 04 - Notas Fiscais Recebidas";"25aa4447-193d-418a-8e71-9bfd8e9995da";"/sites/Equipe.Obras/Lists/Lista 04  Notas Fiscais Recebidas";"Configuração do rótulo";"_ComplianceFlags";"Lookup";"False";"False";"True";"";"ComplianceFlags"
"Lista 04 - Notas Fiscais Recebidas";"25aa4447-193d-418a-8e71-9bfd8e9995da";"/sites/Equipe.Obras/Lists/Lista 04  Notas Fiscais Recebidas";"Rótulo de retenção";"_ComplianceTag";"Lookup";"False";"False";"True";"";"ComplianceTag"
"Lista 04 - Notas Fiscais Recebidas";"25aa4447-193d-418a-8e71-9bfd8e9995da";"/sites/Equipe.Obras/Lists/Lista 04  Notas Fiscais Recebidas";"Rótulo de retenção Aplicado";"_ComplianceTagWrittenTime";"Lookup";"False";"False";"True";"";"ComplianceTagWrittenTime"
"Lista 04 - Notas Fiscais Recebidas";"25aa4447-193d-418a-8e71-9bfd8e9995da";"/sites/Equipe.Obras/Lists/Lista 04  Notas Fiscais Recebidas";"Rótulo aplicado por";"_ComplianceTagUserId";"Lookup";"False";"False";"True";"";"ComplianceTagUserId"
"Lista 04 - Notas Fiscais Recebidas";"25aa4447-193d-418a-8e71-9bfd8e9995da";"/sites/Equipe.Obras/Lists/Lista 04  Notas Fiscais Recebidas";"O item é um Registro";"_IsRecord";"Computed";"False";"False";"True";"";""
"Lista 04 - Notas Fiscais Recebidas";"25aa4447-193d-418a-8e71-9bfd8e9995da";"/sites/Equipe.Obras/Lists/Lista 04  Notas Fiscais Recebidas";"Política de Acesso";"AccessPolicy";"Lookup";"False";"True";"True";"";"AccessPolicy"
"Lista 04 - Notas Fiscais Recebidas";"25aa4447-193d-418a-8e71-9bfd8e9995da";"/sites/Equipe.Obras/Lists/Lista 04  Notas Fiscais Recebidas";"VirusStatus";"_VirusStatus";"Lookup";"False";"True";"True";"";"VirusStatus"
"Lista 04 - Notas Fiscais Recebidas";"25aa4447-193d-418a-8e71-9bfd8e9995da";"/sites/Equipe.Obras/Lists/Lista 04  Notas Fiscais Recebidas";"VirusVendorID";"_VirusVendorID";"Lookup";"False";"True";"True";"";"VirusVendorID"
"Lista 04 - Notas Fiscais Recebidas";"25aa4447-193d-418a-8e71-9bfd8e9995da";"/sites/Equipe.Obras/Lists/Lista 04  Notas Fiscais Recebidas";"VirusInfo";"_VirusInfo";"Lookup";"False";"True";"True";"";"VirusInfo"
"Lista 04 - Notas Fiscais Recebidas";"25aa4447-193d-418a-8e71-9bfd8e9995da";"/sites/Equipe.Obras/Lists/Lista 04  Notas Fiscais Recebidas";"RansomwareAnomalyMetaInfo";"_RansomwareAnomalyMetaInfo";"Lookup";"False";"True";"True";"";"RansomwareAnomalyMetaInfo"
"Lista 04 - Notas Fiscais Recebidas";"25aa4447-193d-418a-8e71-9bfd8e9995da";"/sites/Equipe.Obras/Lists/Lista 04  Notas Fiscais Recebidas";"ID do Proprietário do Rascunho";"_DraftOwnerId";"Lookup";"False";"True";"True";"";"DraftOwnerId"
"Lista 04 - Notas Fiscais Recebidas";"25aa4447-193d-418a-8e71-9bfd8e9995da";"/sites/Equipe.Obras/Lists/Lista 04  Notas Fiscais Recebidas";"Configurações do Link principal";"MainLinkSettings";"Computed";"False";"True";"True";"";""
"Lista 04 - Notas Fiscais Recebidas";"25aa4447-193d-418a-8e71-9bfd8e9995da";"/sites/Equipe.Obras/Lists/Lista 04  Notas Fiscais Recebidas";"Aplicativo Criado por";"AppAuthor";"Lookup";"False";"False";"True";"AppPrincipals";"Title"
"Lista 04 - Notas Fiscais Recebidas";"25aa4447-193d-418a-8e71-9bfd8e9995da";"/sites/Equipe.Obras/Lists/Lista 04  Notas Fiscais Recebidas";"Aplicativo Modificado por";"AppEditor";"Lookup";"False";"False";"True";"AppPrincipals";"Title"
"Lista 04 - Notas Fiscais Recebidas";"25aa4447-193d-418a-8e71-9bfd8e9995da";"/sites/Equipe.Obras/Lists/Lista 04  Notas Fiscais Recebidas";"Tamanho Total";"SMTotalSize";"Lookup";"False";"True";"True";"";"SMTotalSize"
"Lista 04 - Notas Fiscais Recebidas";"25aa4447-193d-418a-8e71-9bfd8e9995da";"/sites/Equipe.Obras/Lists/Lista 04  Notas Fiscais Recebidas";"Data da Última Modificação";"SMLastModifiedDate";"Lookup";"False";"True";"True";"";"SMLastModifiedDate"
"Lista 04 - Notas Fiscais Recebidas";"25aa4447-193d-418a-8e71-9bfd8e9995da";"/sites/Equipe.Obras/Lists/Lista 04  Notas Fiscais Recebidas";"Tamanho Total do Fluxo de Arquivos";"SMTotalFileStreamSize";"Lookup";"False";"True";"True";"";"SMTotalFileStreamSize"
"Lista 04 - Notas Fiscais Recebidas";"25aa4447-193d-418a-8e71-9bfd8e9995da";"/sites/Equipe.Obras/Lists/Lista 04  Notas Fiscais Recebidas";"Contagem Total de Arquivos";"SMTotalFileCount";"Lookup";"False";"True";"True";"";"SMTotalFileCount"
"Lista 04 - Notas Fiscais Recebidas";"25aa4447-193d-418a-8e71-9bfd8e9995da";"/sites/Equipe.Obras/Lists/Lista 04  Notas Fiscais Recebidas";"Configurações de comentários";"_CommentFlags";"Lookup";"False";"True";"True";"";"CommentFlags"
"Lista 04 - Notas Fiscais Recebidas";"25aa4447-193d-418a-8e71-9bfd8e9995da";"/sites/Equipe.Obras/Lists/Lista 04  Notas Fiscais Recebidas";"Contagem de comentário";"_CommentCount";"Lookup";"False";"True";"True";"";"CommentCount"
"Lista 06 - Fornecedores e Prestadores";"953cc56f-108b-4818-9ffc-cc522cd1b62d";"/sites/Equipe.Obras/Lists/Lista 06  Fornecedores e Prestadores";"ID do Tipo de Conteúdo";"ContentTypeId";"ContentTypeId";"False";"True";"True";"";""
"Lista 06 - Fornecedores e Prestadores";"953cc56f-108b-4818-9ffc-cc522cd1b62d";"/sites/Equipe.Obras/Lists/Lista 06  Fornecedores e Prestadores";"Título";"Title";"Text";"False";"False";"False";"";""
"Lista 06 - Fornecedores e Prestadores";"953cc56f-108b-4818-9ffc-cc522cd1b62d";"/sites/Equipe.Obras/Lists/Lista 06  Fornecedores e Prestadores";"Comentários do Aprovador";"_ModerationComments";"Note";"False";"True";"True";"";""
"Lista 06 - Fornecedores e Prestadores";"953cc56f-108b-4818-9ffc-cc522cd1b62d";"/sites/Equipe.Obras/Lists/Lista 06  Fornecedores e Prestadores";"Nome / Razão Social";"LinkTitle";"Computed";"False";"False";"True";"";""
"Lista 06 - Fornecedores e Prestadores";"953cc56f-108b-4818-9ffc-cc522cd1b62d";"/sites/Equipe.Obras/Lists/Lista 06  Fornecedores e Prestadores";"Tipo de Arquivo";"File_x0020_Type";"Text";"False";"True";"True";"";""
"Lista 06 - Fornecedores e Prestadores";"953cc56f-108b-4818-9ffc-cc522cd1b62d";"/sites/Equipe.Obras/Lists/Lista 06  Fornecedores e Prestadores";"Cor";"_ColorHex";"Text";"False";"True";"True";"";""
"Lista 06 - Fornecedores e Prestadores";"953cc56f-108b-4818-9ffc-cc522cd1b62d";"/sites/Equipe.Obras/Lists/Lista 06  Fornecedores e Prestadores";"Pressione Delete para excluir o ícone.";"_ColorTag";"Text";"False";"False";"True";"";""
"Lista 06 - Fornecedores e Prestadores";"953cc56f-108b-4818-9ffc-cc522cd1b62d";"/sites/Equipe.Obras/Lists/Lista 06  Fornecedores e Prestadores";"Emoji";"_Emoji";"Text";"False";"True";"True";"";""
"Lista 06 - Fornecedores e Prestadores";"953cc56f-108b-4818-9ffc-cc522cd1b62d";"/sites/Equipe.Obras/Lists/Lista 06  Fornecedores e Prestadores";"ID de Ativo de Conformidade";"ComplianceAssetId";"Text";"False";"False";"True";"";""
"Lista 06 - Fornecedores e Prestadores";"953cc56f-108b-4818-9ffc-cc522cd1b62d";"/sites/Equipe.Obras/Lists/Lista 06  Fornecedores e Prestadores";"Nome Fantasia";"NomeFantasia";"Text";"False";"False";"False";"";""
"Lista 06 - Fornecedores e Prestadores";"953cc56f-108b-4818-9ffc-cc522cd1b62d";"/sites/Equipe.Obras/Lists/Lista 06  Fornecedores e Prestadores";"Tipo de Cadastro";"TipodeCadastro";"Choice";"False";"False";"False";"";""
"Lista 06 - Fornecedores e Prestadores";"953cc56f-108b-4818-9ffc-cc522cd1b62d";"/sites/Equipe.Obras/Lists/Lista 06  Fornecedores e Prestadores";"CNPJ / CPF";"CNPJ_x002f_CPF";"Text";"False";"False";"False";"";""
"Lista 06 - Fornecedores e Prestadores";"953cc56f-108b-4818-9ffc-cc522cd1b62d";"/sites/Equipe.Obras/Lists/Lista 06  Fornecedores e Prestadores";"Inscrição Estadual";"Inscri_x00e7__x00e3_oEstadual";"Text";"False";"False";"False";"";""
"Lista 06 - Fornecedores e Prestadores";"953cc56f-108b-4818-9ffc-cc522cd1b62d";"/sites/Equipe.Obras/Lists/Lista 06  Fornecedores e Prestadores";"Inscrição Municipal";"Inscri_x00e7__x00e3_oMunicipal";"Text";"False";"False";"False";"";""
"Lista 06 - Fornecedores e Prestadores";"953cc56f-108b-4818-9ffc-cc522cd1b62d";"/sites/Equipe.Obras/Lists/Lista 06  Fornecedores e Prestadores";"Área de Atuação";"_x00c1_readeAtua_x00e7__x00e3_o";"Choice";"False";"False";"False";"";""
"Lista 06 - Fornecedores e Prestadores";"953cc56f-108b-4818-9ffc-cc522cd1b62d";"/sites/Equipe.Obras/Lists/Lista 06  Fornecedores e Prestadores";"Contato Principal";"ContatoPrincipal";"Text";"False";"False";"False";"";""
"Lista 06 - Fornecedores e Prestadores";"953cc56f-108b-4818-9ffc-cc522cd1b62d";"/sites/Equipe.Obras/Lists/Lista 06  Fornecedores e Prestadores";"Telefone / WhatsApp";"Telefone_x002f_WhatsApp";"Text";"False";"False";"False";"";""
"Lista 06 - Fornecedores e Prestadores";"953cc56f-108b-4818-9ffc-cc522cd1b62d";"/sites/Equipe.Obras/Lists/Lista 06  Fornecedores e Prestadores";"E-mail";"E_x002d_mail";"Text";"False";"False";"False";"";""
"Lista 06 - Fornecedores e Prestadores";"953cc56f-108b-4818-9ffc-cc522cd1b62d";"/sites/Equipe.Obras/Lists/Lista 06  Fornecedores e Prestadores";"Cidade / UF";"Cidade_x002f_UF";"Text";"False";"False";"False";"";""
"Lista 06 - Fornecedores e Prestadores";"953cc56f-108b-4818-9ffc-cc522cd1b62d";"/sites/Equipe.Obras/Lists/Lista 06  Fornecedores e Prestadores";"Condição de Pagamento Padrão";"Condi_x00e7__x00e3_odePagamentoP";"Text";"False";"False";"False";"";""
"Lista 06 - Fornecedores e Prestadores";"953cc56f-108b-4818-9ffc-cc522cd1b62d";"/sites/Equipe.Obras/Lists/Lista 06  Fornecedores e Prestadores";"Dados Bancários";"DadosBanc_x00e1_rios";"Note";"False";"False";"False";"";""
"Lista 06 - Fornecedores e Prestadores";"953cc56f-108b-4818-9ffc-cc522cd1b62d";"/sites/Equipe.Obras/Lists/Lista 06  Fornecedores e Prestadores";"Status do Fornecedor";"StatusdoFornecedor";"Choice";"False";"False";"False";"";""
"Lista 06 - Fornecedores e Prestadores";"953cc56f-108b-4818-9ffc-cc522cd1b62d";"/sites/Equipe.Obras/Lists/Lista 06  Fornecedores e Prestadores";"Avaliação";"Avalia_x00e7__x00e3_o";"Choice";"False";"False";"False";"";""
"Lista 06 - Fornecedores e Prestadores";"953cc56f-108b-4818-9ffc-cc522cd1b62d";"/sites/Equipe.Obras/Lists/Lista 06  Fornecedores e Prestadores";"Documentos Cadastrais OK?";"DocumentosCadastraisOK_x003f_";"Choice";"False";"False";"False";"";""
"Lista 06 - Fornecedores e Prestadores";"953cc56f-108b-4818-9ffc-cc522cd1b62d";"/sites/Equipe.Obras/Lists/Lista 06  Fornecedores e Prestadores";"Link da Pasta do Fornecedor";"LinkdaPastadoFornecedor";"URL";"False";"False";"False";"";""
"Lista 06 - Fornecedores e Prestadores";"953cc56f-108b-4818-9ffc-cc522cd1b62d";"/sites/Equipe.Obras/Lists/Lista 06  Fornecedores e Prestadores";"Observações";"Observa_x00e7__x00f5_es";"Note";"False";"False";"False";"";""
"Lista 06 - Fornecedores e Prestadores";"953cc56f-108b-4818-9ffc-cc522cd1b62d";"/sites/Equipe.Obras/Lists/Lista 06  Fornecedores e Prestadores";"ID";"ID";"Counter";"False";"False";"True";"";""
"Lista 06 - Fornecedores e Prestadores";"953cc56f-108b-4818-9ffc-cc522cd1b62d";"/sites/Equipe.Obras/Lists/Lista 06  Fornecedores e Prestadores";"Tipo de Conteúdo";"ContentType";"Computed";"False";"False";"False";"";""
"Lista 06 - Fornecedores e Prestadores";"953cc56f-108b-4818-9ffc-cc522cd1b62d";"/sites/Equipe.Obras/Lists/Lista 06  Fornecedores e Prestadores";"Modificado";"Modified";"DateTime";"False";"False";"True";"";""
"Lista 06 - Fornecedores e Prestadores";"953cc56f-108b-4818-9ffc-cc522cd1b62d";"/sites/Equipe.Obras/Lists/Lista 06  Fornecedores e Prestadores";"Criado";"Created";"DateTime";"False";"False";"True";"";""
"Lista 06 - Fornecedores e Prestadores";"953cc56f-108b-4818-9ffc-cc522cd1b62d";"/sites/Equipe.Obras/Lists/Lista 06  Fornecedores e Prestadores";"Criado por";"Author";"User";"False";"False";"True";"{ebc81507-41be-46f3-9eac-dafe1234a71d}";""
"Lista 06 - Fornecedores e Prestadores";"953cc56f-108b-4818-9ffc-cc522cd1b62d";"/sites/Equipe.Obras/Lists/Lista 06  Fornecedores e Prestadores";"Modificado por";"Editor";"User";"False";"False";"True";"{ebc81507-41be-46f3-9eac-dafe1234a71d}";""
"Lista 06 - Fornecedores e Prestadores";"953cc56f-108b-4818-9ffc-cc522cd1b62d";"/sites/Equipe.Obras/Lists/Lista 06  Fornecedores e Prestadores";"Tem Destinos de Cópia";"_HasCopyDestinations";"Boolean";"False";"True";"True";"";""
"Lista 06 - Fornecedores e Prestadores";"953cc56f-108b-4818-9ffc-cc522cd1b62d";"/sites/Equipe.Obras/Lists/Lista 06  Fornecedores e Prestadores";"Origem da Cópia";"_CopySource";"Text";"False";"True";"True";"";""
"Lista 06 - Fornecedores e Prestadores";"953cc56f-108b-4818-9ffc-cc522cd1b62d";"/sites/Equipe.Obras/Lists/Lista 06  Fornecedores e Prestadores";"owshiddenversion";"owshiddenversion";"Integer";"False";"True";"True";"";""
"Lista 06 - Fornecedores e Prestadores";"953cc56f-108b-4818-9ffc-cc522cd1b62d";"/sites/Equipe.Obras/Lists/Lista 06  Fornecedores e Prestadores";"Versão do Fluxo de Trabalho";"WorkflowVersion";"Integer";"False";"True";"True";"";""
"Lista 06 - Fornecedores e Prestadores";"953cc56f-108b-4818-9ffc-cc522cd1b62d";"/sites/Equipe.Obras/Lists/Lista 06  Fornecedores e Prestadores";"Versão da UI";"_UIVersion";"Integer";"False";"True";"True";"";""
"Lista 06 - Fornecedores e Prestadores";"953cc56f-108b-4818-9ffc-cc522cd1b62d";"/sites/Equipe.Obras/Lists/Lista 06  Fornecedores e Prestadores";"Versão";"_UIVersionString";"Text";"False";"False";"True";"";""
"Lista 06 - Fornecedores e Prestadores";"953cc56f-108b-4818-9ffc-cc522cd1b62d";"/sites/Equipe.Obras/Lists/Lista 06  Fornecedores e Prestadores";"Anexos";"Attachments";"Attachments";"False";"False";"False";"";""
"Lista 06 - Fornecedores e Prestadores";"953cc56f-108b-4818-9ffc-cc522cd1b62d";"/sites/Equipe.Obras/Lists/Lista 06  Fornecedores e Prestadores";"Status de Aprovação";"_ModerationStatus";"ModStat";"False";"True";"True";"";""
"Lista 06 - Fornecedores e Prestadores";"953cc56f-108b-4818-9ffc-cc522cd1b62d";"/sites/Equipe.Obras/Lists/Lista 06  Fornecedores e Prestadores";"Editar";"Edit";"Computed";"False";"False";"True";"";""
"Lista 06 - Fornecedores e Prestadores";"953cc56f-108b-4818-9ffc-cc522cd1b62d";"/sites/Equipe.Obras/Lists/Lista 06  Fornecedores e Prestadores";"Título";"LinkTitleNoMenu";"Computed";"False";"False";"True";"";""
"Lista 06 - Fornecedores e Prestadores";"953cc56f-108b-4818-9ffc-cc522cd1b62d";"/sites/Equipe.Obras/Lists/Lista 06  Fornecedores e Prestadores";"Título";"LinkTitle2";"Computed";"False";"True";"True";"";""
"Lista 06 - Fornecedores e Prestadores";"953cc56f-108b-4818-9ffc-cc522cd1b62d";"/sites/Equipe.Obras/Lists/Lista 06  Fornecedores e Prestadores";"Selecionar";"SelectTitle";"Computed";"False";"True";"True";"";""
"Lista 06 - Fornecedores e Prestadores";"953cc56f-108b-4818-9ffc-cc522cd1b62d";"/sites/Equipe.Obras/Lists/Lista 06  Fornecedores e Prestadores";"ID da Instância";"InstanceID";"Integer";"False";"True";"True";"";""
"Lista 06 - Fornecedores e Prestadores";"953cc56f-108b-4818-9ffc-cc522cd1b62d";"/sites/Equipe.Obras/Lists/Lista 06  Fornecedores e Prestadores";"Ordem";"Order";"Number";"False";"True";"False";"";""
"Lista 06 - Fornecedores e Prestadores";"953cc56f-108b-4818-9ffc-cc522cd1b62d";"/sites/Equipe.Obras/Lists/Lista 06  Fornecedores e Prestadores";"GUID";"GUID";"Guid";"False";"True";"True";"";""
"Lista 06 - Fornecedores e Prestadores";"953cc56f-108b-4818-9ffc-cc522cd1b62d";"/sites/Equipe.Obras/Lists/Lista 06  Fornecedores e Prestadores";"ID da Instância do Fluxo de Trabalho";"WorkflowInstanceID";"Guid";"False";"True";"True";"";""
"Lista 06 - Fornecedores e Prestadores";"953cc56f-108b-4818-9ffc-cc522cd1b62d";"/sites/Equipe.Obras/Lists/Lista 06  Fornecedores e Prestadores";"Caminho da URL";"FileRef";"Lookup";"False";"True";"True";"";"FullUrl"
"Lista 06 - Fornecedores e Prestadores";"953cc56f-108b-4818-9ffc-cc522cd1b62d";"/sites/Equipe.Obras/Lists/Lista 06  Fornecedores e Prestadores";"Caminho";"FileDirRef";"Lookup";"False";"True";"True";"";"DirName"
"Lista 06 - Fornecedores e Prestadores";"953cc56f-108b-4818-9ffc-cc522cd1b62d";"/sites/Equipe.Obras/Lists/Lista 06  Fornecedores e Prestadores";"Modificado";"Last_x0020_Modified";"Lookup";"False";"True";"True";"";"TimeLastModified"
"Lista 06 - Fornecedores e Prestadores";"953cc56f-108b-4818-9ffc-cc522cd1b62d";"/sites/Equipe.Obras/Lists/Lista 06  Fornecedores e Prestadores";"Criado";"Created_x0020_Date";"Lookup";"False";"True";"True";"";"TimeCreated"
"Lista 06 - Fornecedores e Prestadores";"953cc56f-108b-4818-9ffc-cc522cd1b62d";"/sites/Equipe.Obras/Lists/Lista 06  Fornecedores e Prestadores";"Tipo de Item";"FSObjType";"Lookup";"False";"True";"True";"";"FSType"
"Lista 06 - Fornecedores e Prestadores";"953cc56f-108b-4818-9ffc-cc522cd1b62d";"/sites/Equipe.Obras/Lists/Lista 06  Fornecedores e Prestadores";"Tipo de Classificação";"SortBehavior";"Lookup";"False";"True";"True";"";"SortBehavior"
"Lista 06 - Fornecedores e Prestadores";"953cc56f-108b-4818-9ffc-cc522cd1b62d";"/sites/Equipe.Obras/Lists/Lista 06  Fornecedores e Prestadores";"Máscara de Permissões Efetivas";"PermMask";"Computed";"False";"True";"True";"";""
"Lista 06 - Fornecedores e Prestadores";"953cc56f-108b-4818-9ffc-cc522cd1b62d";"/sites/Equipe.Obras/Lists/Lista 06  Fornecedores e Prestadores";"Contagem de principais";"PrincipalCount";"Computed";"False";"True";"True";"";""
"Lista 06 - Fornecedores e Prestadores";"953cc56f-108b-4818-9ffc-cc522cd1b62d";"/sites/Equipe.Obras/Lists/Lista 06  Fornecedores e Prestadores";"Nome";"FileLeafRef";"File";"False";"True";"False";"";""
"Lista 06 - Fornecedores e Prestadores";"953cc56f-108b-4818-9ffc-cc522cd1b62d";"/sites/Equipe.Obras/Lists/Lista 06  Fornecedores e Prestadores";"Id Exclusiva";"UniqueId";"Lookup";"False";"True";"True";"";"UniqueId"
"Lista 06 - Fornecedores e Prestadores";"953cc56f-108b-4818-9ffc-cc522cd1b62d";"/sites/Equipe.Obras/Lists/Lista 06  Fornecedores e Prestadores";"Identificador Pai do Documento";"ParentUniqueId";"Lookup";"False";"True";"True";"";"ParentUniqueId"
"Lista 06 - Fornecedores e Prestadores";"953cc56f-108b-4818-9ffc-cc522cd1b62d";"/sites/Equipe.Obras/Lists/Lista 06  Fornecedores e Prestadores";"ID de Cliente";"SyncClientId";"Lookup";"False";"True";"True";"";"SyncClientId"
"Lista 06 - Fornecedores e Prestadores";"953cc56f-108b-4818-9ffc-cc522cd1b62d";"/sites/Equipe.Obras/Lists/Lista 06  Fornecedores e Prestadores";"ProgId";"ProgId";"Lookup";"False";"True";"True";"";"ProgId"
"Lista 06 - Fornecedores e Prestadores";"953cc56f-108b-4818-9ffc-cc522cd1b62d";"/sites/Equipe.Obras/Lists/Lista 06  Fornecedores e Prestadores";"ScopeId";"ScopeId";"Lookup";"False";"True";"True";"";"ScopeId"
"Lista 06 - Fornecedores e Prestadores";"953cc56f-108b-4818-9ffc-cc522cd1b62d";"/sites/Equipe.Obras/Lists/Lista 06  Fornecedores e Prestadores";"Tipo de Arquivo HTML";"HTML_x0020_File_x0020_Type";"Computed";"False";"True";"True";"";""
"Lista 06 - Fornecedores e Prestadores";"953cc56f-108b-4818-9ffc-cc522cd1b62d";"/sites/Equipe.Obras/Lists/Lista 06  Fornecedores e Prestadores";"Início da Tabela do Menu de Edição";"_EditMenuTableStart";"Computed";"False";"True";"True";"";""
"Lista 06 - Fornecedores e Prestadores";"953cc56f-108b-4818-9ffc-cc522cd1b62d";"/sites/Equipe.Obras/Lists/Lista 06  Fornecedores e Prestadores";"Início da Tabela do Menu de Edição";"_EditMenuTableStart2";"Computed";"False";"True";"True";"";""
"Lista 06 - Fornecedores e Prestadores";"953cc56f-108b-4818-9ffc-cc522cd1b62d";"/sites/Equipe.Obras/Lists/Lista 06  Fornecedores e Prestadores";"Fim da Tabela do Menu de Edição";"_EditMenuTableEnd";"Computed";"False";"True";"True";"";""
"Lista 06 - Fornecedores e Prestadores";"953cc56f-108b-4818-9ffc-cc522cd1b62d";"/sites/Equipe.Obras/Lists/Lista 06  Fornecedores e Prestadores";"Nome";"LinkFilenameNoMenu";"Computed";"False";"True";"True";"";""
"Lista 06 - Fornecedores e Prestadores";"953cc56f-108b-4818-9ffc-cc522cd1b62d";"/sites/Equipe.Obras/Lists/Lista 06  Fornecedores e Prestadores";"Nome";"LinkFilename";"Computed";"False";"True";"True";"";""
"Lista 06 - Fornecedores e Prestadores";"953cc56f-108b-4818-9ffc-cc522cd1b62d";"/sites/Equipe.Obras/Lists/Lista 06  Fornecedores e Prestadores";"Nome";"LinkFilename2";"Computed";"False";"True";"True";"";""
"Lista 06 - Fornecedores e Prestadores";"953cc56f-108b-4818-9ffc-cc522cd1b62d";"/sites/Equipe.Obras/Lists/Lista 06  Fornecedores e Prestadores";"Tipo";"DocIcon";"Computed";"False";"False";"True";"";""
"Lista 06 - Fornecedores e Prestadores";"953cc56f-108b-4818-9ffc-cc522cd1b62d";"/sites/Equipe.Obras/Lists/Lista 06  Fornecedores e Prestadores";"URL Relativa do Servidor";"ServerUrl";"Computed";"False";"True";"True";"";""
"Lista 06 - Fornecedores e Prestadores";"953cc56f-108b-4818-9ffc-cc522cd1b62d";"/sites/Equipe.Obras/Lists/Lista 06  Fornecedores e Prestadores";"URL Absoluta Codificada";"EncodedAbsUrl";"Computed";"False";"True";"True";"";""
"Lista 06 - Fornecedores e Prestadores";"953cc56f-108b-4818-9ffc-cc522cd1b62d";"/sites/Equipe.Obras/Lists/Lista 06  Fornecedores e Prestadores";"Nome do Arquivo";"BaseName";"Computed";"False";"True";"True";"";""
"Lista 06 - Fornecedores e Prestadores";"953cc56f-108b-4818-9ffc-cc522cd1b62d";"/sites/Equipe.Obras/Lists/Lista 06  Fornecedores e Prestadores";"Conjunto de Propriedades";"MetaInfo";"Lookup";"False";"True";"False";"";"MetaInfo"
"Lista 06 - Fornecedores e Prestadores";"953cc56f-108b-4818-9ffc-cc522cd1b62d";"/sites/Equipe.Obras/Lists/Lista 06  Fornecedores e Prestadores";"Nível";"_Level";"Integer";"False";"True";"True";"";""
"Lista 06 - Fornecedores e Prestadores";"953cc56f-108b-4818-9ffc-cc522cd1b62d";"/sites/Equipe.Obras/Lists/Lista 06  Fornecedores e Prestadores";"É a Versão Atual";"_IsCurrentVersion";"Boolean";"False";"True";"True";"";""
"Lista 06 - Fornecedores e Prestadores";"953cc56f-108b-4818-9ffc-cc522cd1b62d";"/sites/Equipe.Obras/Lists/Lista 06  Fornecedores e Prestadores";"Contagem de Itens Filhos";"ItemChildCount";"Lookup";"False";"False";"True";"";"ItemChildCount"
"Lista 06 - Fornecedores e Prestadores";"953cc56f-108b-4818-9ffc-cc522cd1b62d";"/sites/Equipe.Obras/Lists/Lista 06  Fornecedores e Prestadores";"Contagem de Elementos Filho da Pasta";"FolderChildCount";"Lookup";"False";"False";"True";"";"FolderChildCount"
"Lista 06 - Fornecedores e Prestadores";"953cc56f-108b-4818-9ffc-cc522cd1b62d";"/sites/Equipe.Obras/Lists/Lista 06  Fornecedores e Prestadores";"Restrito";"Restricted";"Lookup";"False";"True";"True";"";"Restricted"
"Lista 06 - Fornecedores e Prestadores";"953cc56f-108b-4818-9ffc-cc522cd1b62d";"/sites/Equipe.Obras/Lists/Lista 06  Fornecedores e Prestadores";"ID do Originador";"OriginatorId";"Lookup";"False";"True";"True";"";"OriginatorId"
"Lista 06 - Fornecedores e Prestadores";"953cc56f-108b-4818-9ffc-cc522cd1b62d";"/sites/Equipe.Obras/Lists/Lista 06  Fornecedores e Prestadores";"NãoExecutar";"NoExecute";"Lookup";"False";"True";"True";"";"DocFlags"
"Lista 06 - Fornecedores e Prestadores";"953cc56f-108b-4818-9ffc-cc522cd1b62d";"/sites/Equipe.Obras/Lists/Lista 06  Fornecedores e Prestadores";"Versão do Conteúdo";"ContentVersion";"Lookup";"False";"True";"True";"";"ContentVersion"
"Lista 06 - Fornecedores e Prestadores";"953cc56f-108b-4818-9ffc-cc522cd1b62d";"/sites/Equipe.Obras/Lists/Lista 06  Fornecedores e Prestadores";"Configuração do rótulo";"_ComplianceFlags";"Lookup";"False";"False";"True";"";"ComplianceFlags"
"Lista 06 - Fornecedores e Prestadores";"953cc56f-108b-4818-9ffc-cc522cd1b62d";"/sites/Equipe.Obras/Lists/Lista 06  Fornecedores e Prestadores";"Rótulo de retenção";"_ComplianceTag";"Lookup";"False";"False";"True";"";"ComplianceTag"
"Lista 06 - Fornecedores e Prestadores";"953cc56f-108b-4818-9ffc-cc522cd1b62d";"/sites/Equipe.Obras/Lists/Lista 06  Fornecedores e Prestadores";"Rótulo de retenção Aplicado";"_ComplianceTagWrittenTime";"Lookup";"False";"False";"True";"";"ComplianceTagWrittenTime"
"Lista 06 - Fornecedores e Prestadores";"953cc56f-108b-4818-9ffc-cc522cd1b62d";"/sites/Equipe.Obras/Lists/Lista 06  Fornecedores e Prestadores";"Rótulo aplicado por";"_ComplianceTagUserId";"Lookup";"False";"False";"True";"";"ComplianceTagUserId"
"Lista 06 - Fornecedores e Prestadores";"953cc56f-108b-4818-9ffc-cc522cd1b62d";"/sites/Equipe.Obras/Lists/Lista 06  Fornecedores e Prestadores";"O item é um Registro";"_IsRecord";"Computed";"False";"False";"True";"";""
"Lista 06 - Fornecedores e Prestadores";"953cc56f-108b-4818-9ffc-cc522cd1b62d";"/sites/Equipe.Obras/Lists/Lista 06  Fornecedores e Prestadores";"Política de Acesso";"AccessPolicy";"Lookup";"False";"True";"True";"";"AccessPolicy"
"Lista 06 - Fornecedores e Prestadores";"953cc56f-108b-4818-9ffc-cc522cd1b62d";"/sites/Equipe.Obras/Lists/Lista 06  Fornecedores e Prestadores";"VirusStatus";"_VirusStatus";"Lookup";"False";"True";"True";"";"VirusStatus"
"Lista 06 - Fornecedores e Prestadores";"953cc56f-108b-4818-9ffc-cc522cd1b62d";"/sites/Equipe.Obras/Lists/Lista 06  Fornecedores e Prestadores";"VirusVendorID";"_VirusVendorID";"Lookup";"False";"True";"True";"";"VirusVendorID"
"Lista 06 - Fornecedores e Prestadores";"953cc56f-108b-4818-9ffc-cc522cd1b62d";"/sites/Equipe.Obras/Lists/Lista 06  Fornecedores e Prestadores";"VirusInfo";"_VirusInfo";"Lookup";"False";"True";"True";"";"VirusInfo"
"Lista 06 - Fornecedores e Prestadores";"953cc56f-108b-4818-9ffc-cc522cd1b62d";"/sites/Equipe.Obras/Lists/Lista 06  Fornecedores e Prestadores";"RansomwareAnomalyMetaInfo";"_RansomwareAnomalyMetaInfo";"Lookup";"False";"True";"True";"";"RansomwareAnomalyMetaInfo"
"Lista 06 - Fornecedores e Prestadores";"953cc56f-108b-4818-9ffc-cc522cd1b62d";"/sites/Equipe.Obras/Lists/Lista 06  Fornecedores e Prestadores";"ID do Proprietário do Rascunho";"_DraftOwnerId";"Lookup";"False";"True";"True";"";"DraftOwnerId"
"Lista 06 - Fornecedores e Prestadores";"953cc56f-108b-4818-9ffc-cc522cd1b62d";"/sites/Equipe.Obras/Lists/Lista 06  Fornecedores e Prestadores";"Configurações do Link principal";"MainLinkSettings";"Computed";"False";"True";"True";"";""
"Lista 06 - Fornecedores e Prestadores";"953cc56f-108b-4818-9ffc-cc522cd1b62d";"/sites/Equipe.Obras/Lists/Lista 06  Fornecedores e Prestadores";"Aplicativo Criado por";"AppAuthor";"Lookup";"False";"False";"True";"AppPrincipals";"Title"
"Lista 06 - Fornecedores e Prestadores";"953cc56f-108b-4818-9ffc-cc522cd1b62d";"/sites/Equipe.Obras/Lists/Lista 06  Fornecedores e Prestadores";"Aplicativo Modificado por";"AppEditor";"Lookup";"False";"False";"True";"AppPrincipals";"Title"
"Lista 06 - Fornecedores e Prestadores";"953cc56f-108b-4818-9ffc-cc522cd1b62d";"/sites/Equipe.Obras/Lists/Lista 06  Fornecedores e Prestadores";"Tamanho Total";"SMTotalSize";"Lookup";"False";"True";"True";"";"SMTotalSize"
"Lista 06 - Fornecedores e Prestadores";"953cc56f-108b-4818-9ffc-cc522cd1b62d";"/sites/Equipe.Obras/Lists/Lista 06  Fornecedores e Prestadores";"Data da Última Modificação";"SMLastModifiedDate";"Lookup";"False";"True";"True";"";"SMLastModifiedDate"
"Lista 06 - Fornecedores e Prestadores";"953cc56f-108b-4818-9ffc-cc522cd1b62d";"/sites/Equipe.Obras/Lists/Lista 06  Fornecedores e Prestadores";"Tamanho Total do Fluxo de Arquivos";"SMTotalFileStreamSize";"Lookup";"False";"True";"True";"";"SMTotalFileStreamSize"
"Lista 06 - Fornecedores e Prestadores";"953cc56f-108b-4818-9ffc-cc522cd1b62d";"/sites/Equipe.Obras/Lists/Lista 06  Fornecedores e Prestadores";"Contagem Total de Arquivos";"SMTotalFileCount";"Lookup";"False";"True";"True";"";"SMTotalFileCount"
"Lista 06 - Fornecedores e Prestadores";"953cc56f-108b-4818-9ffc-cc522cd1b62d";"/sites/Equipe.Obras/Lists/Lista 06  Fornecedores e Prestadores";"Configurações de comentários";"_CommentFlags";"Lookup";"False";"True";"True";"";"CommentFlags"
"Lista 06 - Fornecedores e Prestadores";"953cc56f-108b-4818-9ffc-cc522cd1b62d";"/sites/Equipe.Obras/Lists/Lista 06  Fornecedores e Prestadores";"Contagem de comentário";"_CommentCount";"Lookup";"False";"True";"True";"";"CommentCount"
"Lista 07 — Medições da Obra";"894faa02-cc30-406f-8101-96e4a0277e06";"/sites/Equipe.Obras/Lists/Lista 07  Medies da Obra";"ID do Tipo de Conteúdo";"ContentTypeId";"ContentTypeId";"False";"True";"True";"";""
"Lista 07 — Medições da Obra";"894faa02-cc30-406f-8101-96e4a0277e06";"/sites/Equipe.Obras/Lists/Lista 07  Medies da Obra";"Título";"Title";"Text";"False";"False";"False";"";""
"Lista 07 — Medições da Obra";"894faa02-cc30-406f-8101-96e4a0277e06";"/sites/Equipe.Obras/Lists/Lista 07  Medies da Obra";"Comentários do Aprovador";"_ModerationComments";"Note";"False";"True";"True";"";""
"Lista 07 — Medições da Obra";"894faa02-cc30-406f-8101-96e4a0277e06";"/sites/Equipe.Obras/Lists/Lista 07  Medies da Obra";"Nº da Medição";"LinkTitle";"Computed";"False";"False";"True";"";""
"Lista 07 — Medições da Obra";"894faa02-cc30-406f-8101-96e4a0277e06";"/sites/Equipe.Obras/Lists/Lista 07  Medies da Obra";"Tipo de Arquivo";"File_x0020_Type";"Text";"False";"True";"True";"";""
"Lista 07 — Medições da Obra";"894faa02-cc30-406f-8101-96e4a0277e06";"/sites/Equipe.Obras/Lists/Lista 07  Medies da Obra";"Cor";"_ColorHex";"Text";"False";"True";"True";"";""
"Lista 07 — Medições da Obra";"894faa02-cc30-406f-8101-96e4a0277e06";"/sites/Equipe.Obras/Lists/Lista 07  Medies da Obra";"Pressione Delete para excluir o ícone.";"_ColorTag";"Text";"False";"False";"True";"";""
"Lista 07 — Medições da Obra";"894faa02-cc30-406f-8101-96e4a0277e06";"/sites/Equipe.Obras/Lists/Lista 07  Medies da Obra";"Emoji";"_Emoji";"Text";"False";"True";"True";"";""
"Lista 07 — Medições da Obra";"894faa02-cc30-406f-8101-96e4a0277e06";"/sites/Equipe.Obras/Lists/Lista 07  Medies da Obra";"ID de Ativo de Conformidade";"ComplianceAssetId";"Text";"False";"False";"True";"";""
"Lista 07 — Medições da Obra";"894faa02-cc30-406f-8101-96e4a0277e06";"/sites/Equipe.Obras/Lists/Lista 07  Medies da Obra";"Obra";"Obra";"Lookup";"True";"False";"False";"a9afadc1-f843-45c0-a628-4f49a8716832";"NomedaObra"
"Lista 07 — Medições da Obra";"894faa02-cc30-406f-8101-96e4a0277e06";"/sites/Equipe.Obras/Lists/Lista 07  Medies da Obra";"Código da Obra";"C_x00f3_digodaObra";"Lookup";"False";"False";"False";"a9afadc1-f843-45c0-a628-4f49a8716832";"Title"
"Lista 07 — Medições da Obra";"894faa02-cc30-406f-8101-96e4a0277e06";"/sites/Equipe.Obras/Lists/Lista 07  Medies da Obra";"Centro de Custo";"CentrodeCusto";"Text";"False";"False";"False";"";""
"Lista 07 — Medições da Obra";"894faa02-cc30-406f-8101-96e4a0277e06";"/sites/Equipe.Obras/Lists/Lista 07  Medies da Obra";"Cliente";"Cliente";"Text";"False";"False";"False";"";""
"Lista 07 — Medições da Obra";"894faa02-cc30-406f-8101-96e4a0277e06";"/sites/Equipe.Obras/Lists/Lista 07  Medies da Obra";"Período Medido";"Per_x00ed_odoMedido";"Text";"False";"False";"False";"";""
"Lista 07 — Medições da Obra";"894faa02-cc30-406f-8101-96e4a0277e06";"/sites/Equipe.Obras/Lists/Lista 07  Medies da Obra";"Data Inicial da Medição";"DataInicialdaMedi_x00e7__x00e3_o";"DateTime";"False";"False";"False";"";""
"Lista 07 — Medições da Obra";"894faa02-cc30-406f-8101-96e4a0277e06";"/sites/Equipe.Obras/Lists/Lista 07  Medies da Obra";"Data Final da Medição";"DataFinaldaMedi_x00e7__x00e3_o";"DateTime";"False";"False";"False";"";""
"Lista 07 — Medições da Obra";"894faa02-cc30-406f-8101-96e4a0277e06";"/sites/Equipe.Obras/Lists/Lista 07  Medies da Obra";"Valor Medido Bruto";"ValorMedidoBruto";"Currency";"False";"False";"False";"";""
"Lista 07 — Medições da Obra";"894faa02-cc30-406f-8101-96e4a0277e06";"/sites/Equipe.Obras/Lists/Lista 07  Medies da Obra";"Retenções / Descontos";"Reten_x00e7__x00f5_es_x002f_Desc";"Currency";"False";"False";"False";"";""
"Lista 07 — Medições da Obra";"894faa02-cc30-406f-8101-96e4a0277e06";"/sites/Equipe.Obras/Lists/Lista 07  Medies da Obra";"Valor Líquido Medido";"ValorL_x00ed_quidoMedido";"Currency";"False";"False";"False";"";""
"Lista 07 — Medições da Obra";"894faa02-cc30-406f-8101-96e4a0277e06";"/sites/Equipe.Obras/Lists/Lista 07  Medies da Obra";"Responsável pela Medição";"Respons_x00e1_velpelaMedi_x00e7_";"User";"False";"False";"False";"{ebc81507-41be-46f3-9eac-dafe1234a71d}";""
"Lista 07 — Medições da Obra";"894faa02-cc30-406f-8101-96e4a0277e06";"/sites/Equipe.Obras/Lists/Lista 07  Medies da Obra";"Aprovador Interno";"AprovadorInterno";"User";"True";"False";"False";"{ebc81507-41be-46f3-9eac-dafe1234a71d}";""
"Lista 07 — Medições da Obra";"894faa02-cc30-406f-8101-96e4a0277e06";"/sites/Equipe.Obras/Lists/Lista 07  Medies da Obra";"Status da Medição";"StatusdaMedi_x00e7__x00e3_o";"Choice";"True";"False";"False";"";""
"Lista 07 — Medições da Obra";"894faa02-cc30-406f-8101-96e4a0277e06";"/sites/Equipe.Obras/Lists/Lista 07  Medies da Obra";"Data de Envio ao Cliente";"DatadeEnvioaoCliente";"DateTime";"False";"False";"False";"";""
"Lista 07 — Medições da Obra";"894faa02-cc30-406f-8101-96e4a0277e06";"/sites/Equipe.Obras/Lists/Lista 07  Medies da Obra";"Data de Aprovação do Cliente";"DatadeAprova_x00e7__x00e3_odoCli";"DateTime";"False";"False";"False";"";""
"Lista 07 — Medições da Obra";"894faa02-cc30-406f-8101-96e4a0277e06";"/sites/Equipe.Obras/Lists/Lista 07  Medies da Obra";"Link da Medição no SharePoint";"LinkdaMedi_x00e7__x00e3_onoShare";"URL";"False";"False";"False";"";""
"Lista 07 — Medições da Obra";"894faa02-cc30-406f-8101-96e4a0277e06";"/sites/Equipe.Obras/Lists/Lista 07  Medies da Obra";"Observações";"Observa_x00e7__x00f5_es";"Note";"False";"False";"False";"";""
"Lista 07 — Medições da Obra";"894faa02-cc30-406f-8101-96e4a0277e06";"/sites/Equipe.Obras/Lists/Lista 07  Medies da Obra";"Prazo da Próxima Ação";"PrazodaPr_x00f3_ximaA_x00e7__x00";"DateTime";"False";"False";"False";"";""
"Lista 07 — Medições da Obra";"894faa02-cc30-406f-8101-96e4a0277e06";"/sites/Equipe.Obras/Lists/Lista 07  Medies da Obra";"Created Via";"_FormSourceId_0";"Text";"False";"False";"True";"";""
"Lista 07 — Medições da Obra";"894faa02-cc30-406f-8101-96e4a0277e06";"/sites/Equipe.Obras/Lists/Lista 07  Medies da Obra";"Obra: Título";"Obra_x003a__x0020_T_x00ed_tulo";"Lookup";"True";"False";"True";"a9afadc1-f843-45c0-a628-4f49a8716832";"Title"
"Lista 07 — Medições da Obra";"894faa02-cc30-406f-8101-96e4a0277e06";"/sites/Equipe.Obras/Lists/Lista 07  Medies da Obra";"Obra: Nome da Obra";"Obra_x003a__x0020_Nome_x0020_da_";"Lookup";"True";"False";"True";"a9afadc1-f843-45c0-a628-4f49a8716832";"NomedaObra"
"Lista 07 — Medições da Obra";"894faa02-cc30-406f-8101-96e4a0277e06";"/sites/Equipe.Obras/Lists/Lista 07  Medies da Obra";"Valor Líquido Medido Calculado";"Valor_x0020_L_x00ed_quido_x0020_";"Calculated";"False";"False";"True";"";""
"Lista 07 — Medições da Obra";"894faa02-cc30-406f-8101-96e4a0277e06";"/sites/Equipe.Obras/Lists/Lista 07  Medies da Obra";"ID";"ID";"Counter";"False";"False";"True";"";""
"Lista 07 — Medições da Obra";"894faa02-cc30-406f-8101-96e4a0277e06";"/sites/Equipe.Obras/Lists/Lista 07  Medies da Obra";"Tipo de Conteúdo";"ContentType";"Computed";"False";"False";"False";"";""
"Lista 07 — Medições da Obra";"894faa02-cc30-406f-8101-96e4a0277e06";"/sites/Equipe.Obras/Lists/Lista 07  Medies da Obra";"Modificado";"Modified";"DateTime";"False";"False";"True";"";""
"Lista 07 — Medições da Obra";"894faa02-cc30-406f-8101-96e4a0277e06";"/sites/Equipe.Obras/Lists/Lista 07  Medies da Obra";"Criado";"Created";"DateTime";"False";"False";"True";"";""
"Lista 07 — Medições da Obra";"894faa02-cc30-406f-8101-96e4a0277e06";"/sites/Equipe.Obras/Lists/Lista 07  Medies da Obra";"Criado por";"Author";"User";"False";"False";"True";"{ebc81507-41be-46f3-9eac-dafe1234a71d}";""
"Lista 07 — Medições da Obra";"894faa02-cc30-406f-8101-96e4a0277e06";"/sites/Equipe.Obras/Lists/Lista 07  Medies da Obra";"Modificado por";"Editor";"User";"False";"False";"True";"{ebc81507-41be-46f3-9eac-dafe1234a71d}";""
"Lista 07 — Medições da Obra";"894faa02-cc30-406f-8101-96e4a0277e06";"/sites/Equipe.Obras/Lists/Lista 07  Medies da Obra";"Tem Destinos de Cópia";"_HasCopyDestinations";"Boolean";"False";"True";"True";"";""
"Lista 07 — Medições da Obra";"894faa02-cc30-406f-8101-96e4a0277e06";"/sites/Equipe.Obras/Lists/Lista 07  Medies da Obra";"Origem da Cópia";"_CopySource";"Text";"False";"True";"True";"";""
"Lista 07 — Medições da Obra";"894faa02-cc30-406f-8101-96e4a0277e06";"/sites/Equipe.Obras/Lists/Lista 07  Medies da Obra";"owshiddenversion";"owshiddenversion";"Integer";"False";"True";"True";"";""
"Lista 07 — Medições da Obra";"894faa02-cc30-406f-8101-96e4a0277e06";"/sites/Equipe.Obras/Lists/Lista 07  Medies da Obra";"Versão do Fluxo de Trabalho";"WorkflowVersion";"Integer";"False";"True";"True";"";""
"Lista 07 — Medições da Obra";"894faa02-cc30-406f-8101-96e4a0277e06";"/sites/Equipe.Obras/Lists/Lista 07  Medies da Obra";"Versão da UI";"_UIVersion";"Integer";"False";"True";"True";"";""
"Lista 07 — Medições da Obra";"894faa02-cc30-406f-8101-96e4a0277e06";"/sites/Equipe.Obras/Lists/Lista 07  Medies da Obra";"Versão";"_UIVersionString";"Text";"False";"False";"True";"";""
"Lista 07 — Medições da Obra";"894faa02-cc30-406f-8101-96e4a0277e06";"/sites/Equipe.Obras/Lists/Lista 07  Medies da Obra";"Anexos";"Attachments";"Attachments";"False";"False";"False";"";""
"Lista 07 — Medições da Obra";"894faa02-cc30-406f-8101-96e4a0277e06";"/sites/Equipe.Obras/Lists/Lista 07  Medies da Obra";"Status de Aprovação";"_ModerationStatus";"ModStat";"False";"True";"True";"";""
"Lista 07 — Medições da Obra";"894faa02-cc30-406f-8101-96e4a0277e06";"/sites/Equipe.Obras/Lists/Lista 07  Medies da Obra";"Editar";"Edit";"Computed";"False";"False";"True";"";""
"Lista 07 — Medições da Obra";"894faa02-cc30-406f-8101-96e4a0277e06";"/sites/Equipe.Obras/Lists/Lista 07  Medies da Obra";"Título";"LinkTitleNoMenu";"Computed";"False";"False";"True";"";""
"Lista 07 — Medições da Obra";"894faa02-cc30-406f-8101-96e4a0277e06";"/sites/Equipe.Obras/Lists/Lista 07  Medies da Obra";"Título";"LinkTitle2";"Computed";"False";"True";"True";"";""
"Lista 07 — Medições da Obra";"894faa02-cc30-406f-8101-96e4a0277e06";"/sites/Equipe.Obras/Lists/Lista 07  Medies da Obra";"Selecionar";"SelectTitle";"Computed";"False";"True";"True";"";""
"Lista 07 — Medições da Obra";"894faa02-cc30-406f-8101-96e4a0277e06";"/sites/Equipe.Obras/Lists/Lista 07  Medies da Obra";"ID da Instância";"InstanceID";"Integer";"False";"True";"True";"";""
"Lista 07 — Medições da Obra";"894faa02-cc30-406f-8101-96e4a0277e06";"/sites/Equipe.Obras/Lists/Lista 07  Medies da Obra";"Ordem";"Order";"Number";"False";"True";"False";"";""
"Lista 07 — Medições da Obra";"894faa02-cc30-406f-8101-96e4a0277e06";"/sites/Equipe.Obras/Lists/Lista 07  Medies da Obra";"GUID";"GUID";"Guid";"False";"True";"True";"";""
"Lista 07 — Medições da Obra";"894faa02-cc30-406f-8101-96e4a0277e06";"/sites/Equipe.Obras/Lists/Lista 07  Medies da Obra";"ID da Instância do Fluxo de Trabalho";"WorkflowInstanceID";"Guid";"False";"True";"True";"";""
"Lista 07 — Medições da Obra";"894faa02-cc30-406f-8101-96e4a0277e06";"/sites/Equipe.Obras/Lists/Lista 07  Medies da Obra";"Caminho da URL";"FileRef";"Lookup";"False";"True";"True";"";"FullUrl"
"Lista 07 — Medições da Obra";"894faa02-cc30-406f-8101-96e4a0277e06";"/sites/Equipe.Obras/Lists/Lista 07  Medies da Obra";"Caminho";"FileDirRef";"Lookup";"False";"True";"True";"";"DirName"
"Lista 07 — Medições da Obra";"894faa02-cc30-406f-8101-96e4a0277e06";"/sites/Equipe.Obras/Lists/Lista 07  Medies da Obra";"Modificado";"Last_x0020_Modified";"Lookup";"False";"True";"True";"";"TimeLastModified"
"Lista 07 — Medições da Obra";"894faa02-cc30-406f-8101-96e4a0277e06";"/sites/Equipe.Obras/Lists/Lista 07  Medies da Obra";"Criado";"Created_x0020_Date";"Lookup";"False";"True";"True";"";"TimeCreated"
"Lista 07 — Medições da Obra";"894faa02-cc30-406f-8101-96e4a0277e06";"/sites/Equipe.Obras/Lists/Lista 07  Medies da Obra";"Tipo de Item";"FSObjType";"Lookup";"False";"True";"True";"";"FSType"
"Lista 07 — Medições da Obra";"894faa02-cc30-406f-8101-96e4a0277e06";"/sites/Equipe.Obras/Lists/Lista 07  Medies da Obra";"Tipo de Classificação";"SortBehavior";"Lookup";"False";"True";"True";"";"SortBehavior"
"Lista 07 — Medições da Obra";"894faa02-cc30-406f-8101-96e4a0277e06";"/sites/Equipe.Obras/Lists/Lista 07  Medies da Obra";"Máscara de Permissões Efetivas";"PermMask";"Computed";"False";"True";"True";"";""
"Lista 07 — Medições da Obra";"894faa02-cc30-406f-8101-96e4a0277e06";"/sites/Equipe.Obras/Lists/Lista 07  Medies da Obra";"Contagem de principais";"PrincipalCount";"Computed";"False";"True";"True";"";""
"Lista 07 — Medições da Obra";"894faa02-cc30-406f-8101-96e4a0277e06";"/sites/Equipe.Obras/Lists/Lista 07  Medies da Obra";"Nome";"FileLeafRef";"File";"False";"True";"False";"";""
"Lista 07 — Medições da Obra";"894faa02-cc30-406f-8101-96e4a0277e06";"/sites/Equipe.Obras/Lists/Lista 07  Medies da Obra";"Id Exclusiva";"UniqueId";"Lookup";"False";"True";"True";"";"UniqueId"
"Lista 07 — Medições da Obra";"894faa02-cc30-406f-8101-96e4a0277e06";"/sites/Equipe.Obras/Lists/Lista 07  Medies da Obra";"Identificador Pai do Documento";"ParentUniqueId";"Lookup";"False";"True";"True";"";"ParentUniqueId"
"Lista 07 — Medições da Obra";"894faa02-cc30-406f-8101-96e4a0277e06";"/sites/Equipe.Obras/Lists/Lista 07  Medies da Obra";"ID de Cliente";"SyncClientId";"Lookup";"False";"True";"True";"";"SyncClientId"
"Lista 07 — Medições da Obra";"894faa02-cc30-406f-8101-96e4a0277e06";"/sites/Equipe.Obras/Lists/Lista 07  Medies da Obra";"ProgId";"ProgId";"Lookup";"False";"True";"True";"";"ProgId"
"Lista 07 — Medições da Obra";"894faa02-cc30-406f-8101-96e4a0277e06";"/sites/Equipe.Obras/Lists/Lista 07  Medies da Obra";"ScopeId";"ScopeId";"Lookup";"False";"True";"True";"";"ScopeId"
"Lista 07 — Medições da Obra";"894faa02-cc30-406f-8101-96e4a0277e06";"/sites/Equipe.Obras/Lists/Lista 07  Medies da Obra";"Tipo de Arquivo HTML";"HTML_x0020_File_x0020_Type";"Computed";"False";"True";"True";"";""
"Lista 07 — Medições da Obra";"894faa02-cc30-406f-8101-96e4a0277e06";"/sites/Equipe.Obras/Lists/Lista 07  Medies da Obra";"Início da Tabela do Menu de Edição";"_EditMenuTableStart";"Computed";"False";"True";"True";"";""
"Lista 07 — Medições da Obra";"894faa02-cc30-406f-8101-96e4a0277e06";"/sites/Equipe.Obras/Lists/Lista 07  Medies da Obra";"Início da Tabela do Menu de Edição";"_EditMenuTableStart2";"Computed";"False";"True";"True";"";""
"Lista 07 — Medições da Obra";"894faa02-cc30-406f-8101-96e4a0277e06";"/sites/Equipe.Obras/Lists/Lista 07  Medies da Obra";"Fim da Tabela do Menu de Edição";"_EditMenuTableEnd";"Computed";"False";"True";"True";"";""
"Lista 07 — Medições da Obra";"894faa02-cc30-406f-8101-96e4a0277e06";"/sites/Equipe.Obras/Lists/Lista 07  Medies da Obra";"Nome";"LinkFilenameNoMenu";"Computed";"False";"True";"True";"";""
"Lista 07 — Medições da Obra";"894faa02-cc30-406f-8101-96e4a0277e06";"/sites/Equipe.Obras/Lists/Lista 07  Medies da Obra";"Nome";"LinkFilename";"Computed";"False";"True";"True";"";""
"Lista 07 — Medições da Obra";"894faa02-cc30-406f-8101-96e4a0277e06";"/sites/Equipe.Obras/Lists/Lista 07  Medies da Obra";"Nome";"LinkFilename2";"Computed";"False";"True";"True";"";""
"Lista 07 — Medições da Obra";"894faa02-cc30-406f-8101-96e4a0277e06";"/sites/Equipe.Obras/Lists/Lista 07  Medies da Obra";"Tipo";"DocIcon";"Computed";"False";"False";"True";"";""
"Lista 07 — Medições da Obra";"894faa02-cc30-406f-8101-96e4a0277e06";"/sites/Equipe.Obras/Lists/Lista 07  Medies da Obra";"URL Relativa do Servidor";"ServerUrl";"Computed";"False";"True";"True";"";""
"Lista 07 — Medições da Obra";"894faa02-cc30-406f-8101-96e4a0277e06";"/sites/Equipe.Obras/Lists/Lista 07  Medies da Obra";"URL Absoluta Codificada";"EncodedAbsUrl";"Computed";"False";"True";"True";"";""
"Lista 07 — Medições da Obra";"894faa02-cc30-406f-8101-96e4a0277e06";"/sites/Equipe.Obras/Lists/Lista 07  Medies da Obra";"Nome do Arquivo";"BaseName";"Computed";"False";"True";"True";"";""
"Lista 07 — Medições da Obra";"894faa02-cc30-406f-8101-96e4a0277e06";"/sites/Equipe.Obras/Lists/Lista 07  Medies da Obra";"Conjunto de Propriedades";"MetaInfo";"Lookup";"False";"True";"False";"";"MetaInfo"
"Lista 07 — Medições da Obra";"894faa02-cc30-406f-8101-96e4a0277e06";"/sites/Equipe.Obras/Lists/Lista 07  Medies da Obra";"Nível";"_Level";"Integer";"False";"True";"True";"";""
"Lista 07 — Medições da Obra";"894faa02-cc30-406f-8101-96e4a0277e06";"/sites/Equipe.Obras/Lists/Lista 07  Medies da Obra";"É a Versão Atual";"_IsCurrentVersion";"Boolean";"False";"True";"True";"";""
"Lista 07 — Medições da Obra";"894faa02-cc30-406f-8101-96e4a0277e06";"/sites/Equipe.Obras/Lists/Lista 07  Medies da Obra";"Contagem de Itens Filhos";"ItemChildCount";"Lookup";"False";"False";"True";"";"ItemChildCount"
"Lista 07 — Medições da Obra";"894faa02-cc30-406f-8101-96e4a0277e06";"/sites/Equipe.Obras/Lists/Lista 07  Medies da Obra";"Contagem de Elementos Filho da Pasta";"FolderChildCount";"Lookup";"False";"False";"True";"";"FolderChildCount"
"Lista 07 — Medições da Obra";"894faa02-cc30-406f-8101-96e4a0277e06";"/sites/Equipe.Obras/Lists/Lista 07  Medies da Obra";"Restrito";"Restricted";"Lookup";"False";"True";"True";"";"Restricted"
"Lista 07 — Medições da Obra";"894faa02-cc30-406f-8101-96e4a0277e06";"/sites/Equipe.Obras/Lists/Lista 07  Medies da Obra";"ID do Originador";"OriginatorId";"Lookup";"False";"True";"True";"";"OriginatorId"
"Lista 07 — Medições da Obra";"894faa02-cc30-406f-8101-96e4a0277e06";"/sites/Equipe.Obras/Lists/Lista 07  Medies da Obra";"NãoExecutar";"NoExecute";"Lookup";"False";"True";"True";"";"DocFlags"
"Lista 07 — Medições da Obra";"894faa02-cc30-406f-8101-96e4a0277e06";"/sites/Equipe.Obras/Lists/Lista 07  Medies da Obra";"Versão do Conteúdo";"ContentVersion";"Lookup";"False";"True";"True";"";"ContentVersion"
"Lista 07 — Medições da Obra";"894faa02-cc30-406f-8101-96e4a0277e06";"/sites/Equipe.Obras/Lists/Lista 07  Medies da Obra";"Configuração do rótulo";"_ComplianceFlags";"Lookup";"False";"False";"True";"";"ComplianceFlags"
"Lista 07 — Medições da Obra";"894faa02-cc30-406f-8101-96e4a0277e06";"/sites/Equipe.Obras/Lists/Lista 07  Medies da Obra";"Rótulo de retenção";"_ComplianceTag";"Lookup";"False";"False";"True";"";"ComplianceTag"
"Lista 07 — Medições da Obra";"894faa02-cc30-406f-8101-96e4a0277e06";"/sites/Equipe.Obras/Lists/Lista 07  Medies da Obra";"Rótulo de retenção Aplicado";"_ComplianceTagWrittenTime";"Lookup";"False";"False";"True";"";"ComplianceTagWrittenTime"
"Lista 07 — Medições da Obra";"894faa02-cc30-406f-8101-96e4a0277e06";"/sites/Equipe.Obras/Lists/Lista 07  Medies da Obra";"Rótulo aplicado por";"_ComplianceTagUserId";"Lookup";"False";"False";"True";"";"ComplianceTagUserId"
"Lista 07 — Medições da Obra";"894faa02-cc30-406f-8101-96e4a0277e06";"/sites/Equipe.Obras/Lists/Lista 07  Medies da Obra";"O item é um Registro";"_IsRecord";"Computed";"False";"False";"True";"";""
"Lista 07 — Medições da Obra";"894faa02-cc30-406f-8101-96e4a0277e06";"/sites/Equipe.Obras/Lists/Lista 07  Medies da Obra";"Política de Acesso";"AccessPolicy";"Lookup";"False";"True";"True";"";"AccessPolicy"
"Lista 07 — Medições da Obra";"894faa02-cc30-406f-8101-96e4a0277e06";"/sites/Equipe.Obras/Lists/Lista 07  Medies da Obra";"VirusStatus";"_VirusStatus";"Lookup";"False";"True";"True";"";"VirusStatus"
"Lista 07 — Medições da Obra";"894faa02-cc30-406f-8101-96e4a0277e06";"/sites/Equipe.Obras/Lists/Lista 07  Medies da Obra";"VirusVendorID";"_VirusVendorID";"Lookup";"False";"True";"True";"";"VirusVendorID"
"Lista 07 — Medições da Obra";"894faa02-cc30-406f-8101-96e4a0277e06";"/sites/Equipe.Obras/Lists/Lista 07  Medies da Obra";"VirusInfo";"_VirusInfo";"Lookup";"False";"True";"True";"";"VirusInfo"
"Lista 07 — Medições da Obra";"894faa02-cc30-406f-8101-96e4a0277e06";"/sites/Equipe.Obras/Lists/Lista 07  Medies da Obra";"RansomwareAnomalyMetaInfo";"_RansomwareAnomalyMetaInfo";"Lookup";"False";"True";"True";"";"RansomwareAnomalyMetaInfo"
"Lista 07 — Medições da Obra";"894faa02-cc30-406f-8101-96e4a0277e06";"/sites/Equipe.Obras/Lists/Lista 07  Medies da Obra";"ID do Proprietário do Rascunho";"_DraftOwnerId";"Lookup";"False";"True";"True";"";"DraftOwnerId"
"Lista 07 — Medições da Obra";"894faa02-cc30-406f-8101-96e4a0277e06";"/sites/Equipe.Obras/Lists/Lista 07  Medies da Obra";"Configurações do Link principal";"MainLinkSettings";"Computed";"False";"True";"True";"";""
"Lista 07 — Medições da Obra";"894faa02-cc30-406f-8101-96e4a0277e06";"/sites/Equipe.Obras/Lists/Lista 07  Medies da Obra";"Aplicativo Criado por";"AppAuthor";"Lookup";"False";"False";"True";"AppPrincipals";"Title"
"Lista 07 — Medições da Obra";"894faa02-cc30-406f-8101-96e4a0277e06";"/sites/Equipe.Obras/Lists/Lista 07  Medies da Obra";"Aplicativo Modificado por";"AppEditor";"Lookup";"False";"False";"True";"AppPrincipals";"Title"
"Lista 07 — Medições da Obra";"894faa02-cc30-406f-8101-96e4a0277e06";"/sites/Equipe.Obras/Lists/Lista 07  Medies da Obra";"Tamanho Total";"SMTotalSize";"Lookup";"False";"True";"True";"";"SMTotalSize"
"Lista 07 — Medições da Obra";"894faa02-cc30-406f-8101-96e4a0277e06";"/sites/Equipe.Obras/Lists/Lista 07  Medies da Obra";"Data da Última Modificação";"SMLastModifiedDate";"Lookup";"False";"True";"True";"";"SMLastModifiedDate"
"Lista 07 — Medições da Obra";"894faa02-cc30-406f-8101-96e4a0277e06";"/sites/Equipe.Obras/Lists/Lista 07  Medies da Obra";"Tamanho Total do Fluxo de Arquivos";"SMTotalFileStreamSize";"Lookup";"False";"True";"True";"";"SMTotalFileStreamSize"
"Lista 07 — Medições da Obra";"894faa02-cc30-406f-8101-96e4a0277e06";"/sites/Equipe.Obras/Lists/Lista 07  Medies da Obra";"Contagem Total de Arquivos";"SMTotalFileCount";"Lookup";"False";"True";"True";"";"SMTotalFileCount"
"Lista 07 — Medições da Obra";"894faa02-cc30-406f-8101-96e4a0277e06";"/sites/Equipe.Obras/Lists/Lista 07  Medies da Obra";"Configurações de comentários";"_CommentFlags";"Lookup";"False";"True";"True";"";"CommentFlags"
"Lista 07 — Medições da Obra";"894faa02-cc30-406f-8101-96e4a0277e06";"/sites/Equipe.Obras/Lists/Lista 07  Medies da Obra";"Contagem de comentário";"_CommentCount";"Lookup";"False";"True";"True";"";"CommentCount"
"Lista 08 — Contratos de Prestadores / Serviços";"43125331-ff6c-48ef-a374-95909eed19bc";"/sites/Equipe.Obras/Lists/Lista 08  Contratos de Prestadores  Servios";"ID do Tipo de Conteúdo";"ContentTypeId";"ContentTypeId";"False";"True";"True";"";""
"Lista 08 — Contratos de Prestadores / Serviços";"43125331-ff6c-48ef-a374-95909eed19bc";"/sites/Equipe.Obras/Lists/Lista 08  Contratos de Prestadores  Servios";"Título";"Title";"Text";"False";"False";"False";"";""
"Lista 08 — Contratos de Prestadores / Serviços";"43125331-ff6c-48ef-a374-95909eed19bc";"/sites/Equipe.Obras/Lists/Lista 08  Contratos de Prestadores  Servios";"Comentários do Aprovador";"_ModerationComments";"Note";"False";"True";"True";"";""
"Lista 08 — Contratos de Prestadores / Serviços";"43125331-ff6c-48ef-a374-95909eed19bc";"/sites/Equipe.Obras/Lists/Lista 08  Contratos de Prestadores  Servios";"Nº do Contrato";"LinkTitle";"Computed";"False";"False";"True";"";""
"Lista 08 — Contratos de Prestadores / Serviços";"43125331-ff6c-48ef-a374-95909eed19bc";"/sites/Equipe.Obras/Lists/Lista 08  Contratos de Prestadores  Servios";"Tipo de Arquivo";"File_x0020_Type";"Text";"False";"True";"True";"";""
"Lista 08 — Contratos de Prestadores / Serviços";"43125331-ff6c-48ef-a374-95909eed19bc";"/sites/Equipe.Obras/Lists/Lista 08  Contratos de Prestadores  Servios";"Cor";"_ColorHex";"Text";"False";"True";"True";"";""
"Lista 08 — Contratos de Prestadores / Serviços";"43125331-ff6c-48ef-a374-95909eed19bc";"/sites/Equipe.Obras/Lists/Lista 08  Contratos de Prestadores  Servios";"Pressione Delete para excluir o ícone.";"_ColorTag";"Text";"False";"False";"True";"";""
"Lista 08 — Contratos de Prestadores / Serviços";"43125331-ff6c-48ef-a374-95909eed19bc";"/sites/Equipe.Obras/Lists/Lista 08  Contratos de Prestadores  Servios";"Emoji";"_Emoji";"Text";"False";"True";"True";"";""
"Lista 08 — Contratos de Prestadores / Serviços";"43125331-ff6c-48ef-a374-95909eed19bc";"/sites/Equipe.Obras/Lists/Lista 08  Contratos de Prestadores  Servios";"ID de Ativo de Conformidade";"ComplianceAssetId";"Text";"False";"False";"True";"";""
"Lista 08 — Contratos de Prestadores / Serviços";"43125331-ff6c-48ef-a374-95909eed19bc";"/sites/Equipe.Obras/Lists/Lista 08  Contratos de Prestadores  Servios";"Obra";"Obra";"Lookup";"True";"False";"False";"a9afadc1-f843-45c0-a628-4f49a8716832";"NomedaObra"
"Lista 08 — Contratos de Prestadores / Serviços";"43125331-ff6c-48ef-a374-95909eed19bc";"/sites/Equipe.Obras/Lists/Lista 08  Contratos de Prestadores  Servios";"Código da Obra";"C_x00f3_digodaObra";"Lookup";"False";"False";"False";"a9afadc1-f843-45c0-a628-4f49a8716832";"Title"
"Lista 08 — Contratos de Prestadores / Serviços";"43125331-ff6c-48ef-a374-95909eed19bc";"/sites/Equipe.Obras/Lists/Lista 08  Contratos de Prestadores  Servios";"Centro de Custo";"CentrodeCusto";"Text";"False";"False";"False";"";""
"Lista 08 — Contratos de Prestadores / Serviços";"43125331-ff6c-48ef-a374-95909eed19bc";"/sites/Equipe.Obras/Lists/Lista 08  Contratos de Prestadores  Servios";"Prestador / Fornecedor";"Prestador_x002f_Fornecedor";"Lookup";"True";"False";"False";"953cc56f-108b-4818-9ffc-cc522cd1b62d";"NomeFantasia"
"Lista 08 — Contratos de Prestadores / Serviços";"43125331-ff6c-48ef-a374-95909eed19bc";"/sites/Equipe.Obras/Lists/Lista 08  Contratos de Prestadores  Servios";"CNPJ / CPF";"CNPJ_x002f_CPF";"Lookup";"False";"False";"False";"953cc56f-108b-4818-9ffc-cc522cd1b62d";"CNPJ_x002f_CPF"
"Lista 08 — Contratos de Prestadores / Serviços";"43125331-ff6c-48ef-a374-95909eed19bc";"/sites/Equipe.Obras/Lists/Lista 08  Contratos de Prestadores  Servios";"Tipo de Serviço";"TipodeServi_x00e7_o";"Choice";"False";"False";"False";"";""
"Lista 08 — Contratos de Prestadores / Serviços";"43125331-ff6c-48ef-a374-95909eed19bc";"/sites/Equipe.Obras/Lists/Lista 08  Contratos de Prestadores  Servios";"Escopo Contratado";"EscopoContratado";"Note";"False";"False";"False";"";""
"Lista 08 — Contratos de Prestadores / Serviços";"43125331-ff6c-48ef-a374-95909eed19bc";"/sites/Equipe.Obras/Lists/Lista 08  Contratos de Prestadores  Servios";"Valor Contratado";"ValorContratado";"Currency";"False";"False";"False";"";""
"Lista 08 — Contratos de Prestadores / Serviços";"43125331-ff6c-48ef-a374-95909eed19bc";"/sites/Equipe.Obras/Lists/Lista 08  Contratos de Prestadores  Servios";"Valor Medido / Executado";"ValorMedido_x002f_Executado";"Currency";"False";"False";"False";"";""
"Lista 08 — Contratos de Prestadores / Serviços";"43125331-ff6c-48ef-a374-95909eed19bc";"/sites/Equipe.Obras/Lists/Lista 08  Contratos de Prestadores  Servios";"Saldo Contratual";"SaldoContratual";"Currency";"False";"False";"False";"";""
"Lista 08 — Contratos de Prestadores / Serviços";"43125331-ff6c-48ef-a374-95909eed19bc";"/sites/Equipe.Obras/Lists/Lista 08  Contratos de Prestadores  Servios";"Data de Início";"DatadeIn_x00ed_cio";"DateTime";"False";"False";"False";"";""
"Lista 08 — Contratos de Prestadores / Serviços";"43125331-ff6c-48ef-a374-95909eed19bc";"/sites/Equipe.Obras/Lists/Lista 08  Contratos de Prestadores  Servios";"Data de Término Prevista";"DatadeT_x00e9_rminoPrevista";"DateTime";"False";"False";"False";"";""
"Lista 08 — Contratos de Prestadores / Serviços";"43125331-ff6c-48ef-a374-95909eed19bc";"/sites/Equipe.Obras/Lists/Lista 08  Contratos de Prestadores  Servios";"Prazo da Próxima Ação";"PrazodaPr_x00f3_ximaA_x00e7__x00";"DateTime";"False";"False";"False";"";""
"Lista 08 — Contratos de Prestadores / Serviços";"43125331-ff6c-48ef-a374-95909eed19bc";"/sites/Equipe.Obras/Lists/Lista 08  Contratos de Prestadores  Servios";"Responsável Interno";"Respons_x00e1_velInterno";"User";"False";"False";"False";"{ebc81507-41be-46f3-9eac-dafe1234a71d}";""
"Lista 08 — Contratos de Prestadores / Serviços";"43125331-ff6c-48ef-a374-95909eed19bc";"/sites/Equipe.Obras/Lists/Lista 08  Contratos de Prestadores  Servios";"Aprovador";"Aprovador";"User";"False";"False";"False";"{ebc81507-41be-46f3-9eac-dafe1234a71d}";""
"Lista 08 — Contratos de Prestadores / Serviços";"43125331-ff6c-48ef-a374-95909eed19bc";"/sites/Equipe.Obras/Lists/Lista 08  Contratos de Prestadores  Servios";"Status do Contrato";"StatusdoContrato";"Choice";"False";"False";"False";"";""
"Lista 08 — Contratos de Prestadores / Serviços";"43125331-ff6c-48ef-a374-95909eed19bc";"/sites/Equipe.Obras/Lists/Lista 08  Contratos de Prestadores  Servios";"Link do Contrato";"LinkdoContrato";"URL";"False";"False";"False";"";""
"Lista 08 — Contratos de Prestadores / Serviços";"43125331-ff6c-48ef-a374-95909eed19bc";"/sites/Equipe.Obras/Lists/Lista 08  Contratos de Prestadores  Servios";"Link dos Documentos";"LinkdosDocumentos";"URL";"False";"False";"False";"";""
"Lista 08 — Contratos de Prestadores / Serviços";"43125331-ff6c-48ef-a374-95909eed19bc";"/sites/Equipe.Obras/Lists/Lista 08  Contratos de Prestadores  Servios";"Observações";"Observa_x00e7__x00f5_es";"Note";"False";"False";"False";"";""
"Lista 08 — Contratos de Prestadores / Serviços";"43125331-ff6c-48ef-a374-95909eed19bc";"/sites/Equipe.Obras/Lists/Lista 08  Contratos de Prestadores  Servios";"Obra: Título";"Obra_x003a__x0020_T_x00ed_tulo";"Lookup";"True";"False";"True";"a9afadc1-f843-45c0-a628-4f49a8716832";"Title"
"Lista 08 — Contratos de Prestadores / Serviços";"43125331-ff6c-48ef-a374-95909eed19bc";"/sites/Equipe.Obras/Lists/Lista 08  Contratos de Prestadores  Servios";"Obra: Nome da Obra";"Obra_x003a__x0020_Nome_x0020_da_";"Lookup";"True";"False";"True";"a9afadc1-f843-45c0-a628-4f49a8716832";"NomedaObra"
"Lista 08 — Contratos de Prestadores / Serviços";"43125331-ff6c-48ef-a374-95909eed19bc";"/sites/Equipe.Obras/Lists/Lista 08  Contratos de Prestadores  Servios";"Prestador / Fornecedor: Título";"Prestador_x0020__x002f__x0020_Fo";"Lookup";"True";"False";"True";"953cc56f-108b-4818-9ffc-cc522cd1b62d";"Title"
"Lista 08 — Contratos de Prestadores / Serviços";"43125331-ff6c-48ef-a374-95909eed19bc";"/sites/Equipe.Obras/Lists/Lista 08  Contratos de Prestadores  Servios";"Prestador / Fornecedor: Nome Fantasia";"Prestador_x0020__x002f__x0020_Fo0";"Lookup";"True";"False";"True";"953cc56f-108b-4818-9ffc-cc522cd1b62d";"NomeFantasia"
"Lista 08 — Contratos de Prestadores / Serviços";"43125331-ff6c-48ef-a374-95909eed19bc";"/sites/Equipe.Obras/Lists/Lista 08  Contratos de Prestadores  Servios";"Saldo Contratual Calculado";"Saldo_x0020_Contratual_x0020_Cal";"Calculated";"False";"False";"True";"";""
"Lista 08 — Contratos de Prestadores / Serviços";"43125331-ff6c-48ef-a374-95909eed19bc";"/sites/Equipe.Obras/Lists/Lista 08  Contratos de Prestadores  Servios";"ID";"ID";"Counter";"False";"False";"True";"";""
"Lista 08 — Contratos de Prestadores / Serviços";"43125331-ff6c-48ef-a374-95909eed19bc";"/sites/Equipe.Obras/Lists/Lista 08  Contratos de Prestadores  Servios";"Tipo de Conteúdo";"ContentType";"Computed";"False";"False";"False";"";""
"Lista 08 — Contratos de Prestadores / Serviços";"43125331-ff6c-48ef-a374-95909eed19bc";"/sites/Equipe.Obras/Lists/Lista 08  Contratos de Prestadores  Servios";"Modificado";"Modified";"DateTime";"False";"False";"True";"";""
"Lista 08 — Contratos de Prestadores / Serviços";"43125331-ff6c-48ef-a374-95909eed19bc";"/sites/Equipe.Obras/Lists/Lista 08  Contratos de Prestadores  Servios";"Criado";"Created";"DateTime";"False";"False";"True";"";""
"Lista 08 — Contratos de Prestadores / Serviços";"43125331-ff6c-48ef-a374-95909eed19bc";"/sites/Equipe.Obras/Lists/Lista 08  Contratos de Prestadores  Servios";"Criado por";"Author";"User";"False";"False";"True";"{ebc81507-41be-46f3-9eac-dafe1234a71d}";""
"Lista 08 — Contratos de Prestadores / Serviços";"43125331-ff6c-48ef-a374-95909eed19bc";"/sites/Equipe.Obras/Lists/Lista 08  Contratos de Prestadores  Servios";"Modificado por";"Editor";"User";"False";"False";"True";"{ebc81507-41be-46f3-9eac-dafe1234a71d}";""
"Lista 08 — Contratos de Prestadores / Serviços";"43125331-ff6c-48ef-a374-95909eed19bc";"/sites/Equipe.Obras/Lists/Lista 08  Contratos de Prestadores  Servios";"Tem Destinos de Cópia";"_HasCopyDestinations";"Boolean";"False";"True";"True";"";""
"Lista 08 — Contratos de Prestadores / Serviços";"43125331-ff6c-48ef-a374-95909eed19bc";"/sites/Equipe.Obras/Lists/Lista 08  Contratos de Prestadores  Servios";"Origem da Cópia";"_CopySource";"Text";"False";"True";"True";"";""
"Lista 08 — Contratos de Prestadores / Serviços";"43125331-ff6c-48ef-a374-95909eed19bc";"/sites/Equipe.Obras/Lists/Lista 08  Contratos de Prestadores  Servios";"owshiddenversion";"owshiddenversion";"Integer";"False";"True";"True";"";""
"Lista 08 — Contratos de Prestadores / Serviços";"43125331-ff6c-48ef-a374-95909eed19bc";"/sites/Equipe.Obras/Lists/Lista 08  Contratos de Prestadores  Servios";"Versão do Fluxo de Trabalho";"WorkflowVersion";"Integer";"False";"True";"True";"";""
"Lista 08 — Contratos de Prestadores / Serviços";"43125331-ff6c-48ef-a374-95909eed19bc";"/sites/Equipe.Obras/Lists/Lista 08  Contratos de Prestadores  Servios";"Versão da UI";"_UIVersion";"Integer";"False";"True";"True";"";""
"Lista 08 — Contratos de Prestadores / Serviços";"43125331-ff6c-48ef-a374-95909eed19bc";"/sites/Equipe.Obras/Lists/Lista 08  Contratos de Prestadores  Servios";"Versão";"_UIVersionString";"Text";"False";"False";"True";"";""
"Lista 08 — Contratos de Prestadores / Serviços";"43125331-ff6c-48ef-a374-95909eed19bc";"/sites/Equipe.Obras/Lists/Lista 08  Contratos de Prestadores  Servios";"Anexos";"Attachments";"Attachments";"False";"False";"False";"";""
"Lista 08 — Contratos de Prestadores / Serviços";"43125331-ff6c-48ef-a374-95909eed19bc";"/sites/Equipe.Obras/Lists/Lista 08  Contratos de Prestadores  Servios";"Status de Aprovação";"_ModerationStatus";"ModStat";"False";"True";"True";"";""
"Lista 08 — Contratos de Prestadores / Serviços";"43125331-ff6c-48ef-a374-95909eed19bc";"/sites/Equipe.Obras/Lists/Lista 08  Contratos de Prestadores  Servios";"Editar";"Edit";"Computed";"False";"False";"True";"";""
"Lista 08 — Contratos de Prestadores / Serviços";"43125331-ff6c-48ef-a374-95909eed19bc";"/sites/Equipe.Obras/Lists/Lista 08  Contratos de Prestadores  Servios";"Título";"LinkTitleNoMenu";"Computed";"False";"False";"True";"";""
"Lista 08 — Contratos de Prestadores / Serviços";"43125331-ff6c-48ef-a374-95909eed19bc";"/sites/Equipe.Obras/Lists/Lista 08  Contratos de Prestadores  Servios";"Título";"LinkTitle2";"Computed";"False";"True";"True";"";""
"Lista 08 — Contratos de Prestadores / Serviços";"43125331-ff6c-48ef-a374-95909eed19bc";"/sites/Equipe.Obras/Lists/Lista 08  Contratos de Prestadores  Servios";"Selecionar";"SelectTitle";"Computed";"False";"True";"True";"";""
"Lista 08 — Contratos de Prestadores / Serviços";"43125331-ff6c-48ef-a374-95909eed19bc";"/sites/Equipe.Obras/Lists/Lista 08  Contratos de Prestadores  Servios";"ID da Instância";"InstanceID";"Integer";"False";"True";"True";"";""
"Lista 08 — Contratos de Prestadores / Serviços";"43125331-ff6c-48ef-a374-95909eed19bc";"/sites/Equipe.Obras/Lists/Lista 08  Contratos de Prestadores  Servios";"Ordem";"Order";"Number";"False";"True";"False";"";""
"Lista 08 — Contratos de Prestadores / Serviços";"43125331-ff6c-48ef-a374-95909eed19bc";"/sites/Equipe.Obras/Lists/Lista 08  Contratos de Prestadores  Servios";"GUID";"GUID";"Guid";"False";"True";"True";"";""
"Lista 08 — Contratos de Prestadores / Serviços";"43125331-ff6c-48ef-a374-95909eed19bc";"/sites/Equipe.Obras/Lists/Lista 08  Contratos de Prestadores  Servios";"ID da Instância do Fluxo de Trabalho";"WorkflowInstanceID";"Guid";"False";"True";"True";"";""
"Lista 08 — Contratos de Prestadores / Serviços";"43125331-ff6c-48ef-a374-95909eed19bc";"/sites/Equipe.Obras/Lists/Lista 08  Contratos de Prestadores  Servios";"Caminho da URL";"FileRef";"Lookup";"False";"True";"True";"";"FullUrl"
"Lista 08 — Contratos de Prestadores / Serviços";"43125331-ff6c-48ef-a374-95909eed19bc";"/sites/Equipe.Obras/Lists/Lista 08  Contratos de Prestadores  Servios";"Caminho";"FileDirRef";"Lookup";"False";"True";"True";"";"DirName"
"Lista 08 — Contratos de Prestadores / Serviços";"43125331-ff6c-48ef-a374-95909eed19bc";"/sites/Equipe.Obras/Lists/Lista 08  Contratos de Prestadores  Servios";"Modificado";"Last_x0020_Modified";"Lookup";"False";"True";"True";"";"TimeLastModified"
"Lista 08 — Contratos de Prestadores / Serviços";"43125331-ff6c-48ef-a374-95909eed19bc";"/sites/Equipe.Obras/Lists/Lista 08  Contratos de Prestadores  Servios";"Criado";"Created_x0020_Date";"Lookup";"False";"True";"True";"";"TimeCreated"
"Lista 08 — Contratos de Prestadores / Serviços";"43125331-ff6c-48ef-a374-95909eed19bc";"/sites/Equipe.Obras/Lists/Lista 08  Contratos de Prestadores  Servios";"Tipo de Item";"FSObjType";"Lookup";"False";"True";"True";"";"FSType"
"Lista 08 — Contratos de Prestadores / Serviços";"43125331-ff6c-48ef-a374-95909eed19bc";"/sites/Equipe.Obras/Lists/Lista 08  Contratos de Prestadores  Servios";"Tipo de Classificação";"SortBehavior";"Lookup";"False";"True";"True";"";"SortBehavior"
"Lista 08 — Contratos de Prestadores / Serviços";"43125331-ff6c-48ef-a374-95909eed19bc";"/sites/Equipe.Obras/Lists/Lista 08  Contratos de Prestadores  Servios";"Máscara de Permissões Efetivas";"PermMask";"Computed";"False";"True";"True";"";""
"Lista 08 — Contratos de Prestadores / Serviços";"43125331-ff6c-48ef-a374-95909eed19bc";"/sites/Equipe.Obras/Lists/Lista 08  Contratos de Prestadores  Servios";"Contagem de principais";"PrincipalCount";"Computed";"False";"True";"True";"";""
"Lista 08 — Contratos de Prestadores / Serviços";"43125331-ff6c-48ef-a374-95909eed19bc";"/sites/Equipe.Obras/Lists/Lista 08  Contratos de Prestadores  Servios";"Nome";"FileLeafRef";"File";"False";"True";"False";"";""
"Lista 08 — Contratos de Prestadores / Serviços";"43125331-ff6c-48ef-a374-95909eed19bc";"/sites/Equipe.Obras/Lists/Lista 08  Contratos de Prestadores  Servios";"Id Exclusiva";"UniqueId";"Lookup";"False";"True";"True";"";"UniqueId"
"Lista 08 — Contratos de Prestadores / Serviços";"43125331-ff6c-48ef-a374-95909eed19bc";"/sites/Equipe.Obras/Lists/Lista 08  Contratos de Prestadores  Servios";"Identificador Pai do Documento";"ParentUniqueId";"Lookup";"False";"True";"True";"";"ParentUniqueId"
"Lista 08 — Contratos de Prestadores / Serviços";"43125331-ff6c-48ef-a374-95909eed19bc";"/sites/Equipe.Obras/Lists/Lista 08  Contratos de Prestadores  Servios";"ID de Cliente";"SyncClientId";"Lookup";"False";"True";"True";"";"SyncClientId"
"Lista 08 — Contratos de Prestadores / Serviços";"43125331-ff6c-48ef-a374-95909eed19bc";"/sites/Equipe.Obras/Lists/Lista 08  Contratos de Prestadores  Servios";"ProgId";"ProgId";"Lookup";"False";"True";"True";"";"ProgId"
"Lista 08 — Contratos de Prestadores / Serviços";"43125331-ff6c-48ef-a374-95909eed19bc";"/sites/Equipe.Obras/Lists/Lista 08  Contratos de Prestadores  Servios";"ScopeId";"ScopeId";"Lookup";"False";"True";"True";"";"ScopeId"
"Lista 08 — Contratos de Prestadores / Serviços";"43125331-ff6c-48ef-a374-95909eed19bc";"/sites/Equipe.Obras/Lists/Lista 08  Contratos de Prestadores  Servios";"Tipo de Arquivo HTML";"HTML_x0020_File_x0020_Type";"Computed";"False";"True";"True";"";""
"Lista 08 — Contratos de Prestadores / Serviços";"43125331-ff6c-48ef-a374-95909eed19bc";"/sites/Equipe.Obras/Lists/Lista 08  Contratos de Prestadores  Servios";"Início da Tabela do Menu de Edição";"_EditMenuTableStart";"Computed";"False";"True";"True";"";""
"Lista 08 — Contratos de Prestadores / Serviços";"43125331-ff6c-48ef-a374-95909eed19bc";"/sites/Equipe.Obras/Lists/Lista 08  Contratos de Prestadores  Servios";"Início da Tabela do Menu de Edição";"_EditMenuTableStart2";"Computed";"False";"True";"True";"";""
"Lista 08 — Contratos de Prestadores / Serviços";"43125331-ff6c-48ef-a374-95909eed19bc";"/sites/Equipe.Obras/Lists/Lista 08  Contratos de Prestadores  Servios";"Fim da Tabela do Menu de Edição";"_EditMenuTableEnd";"Computed";"False";"True";"True";"";""
"Lista 08 — Contratos de Prestadores / Serviços";"43125331-ff6c-48ef-a374-95909eed19bc";"/sites/Equipe.Obras/Lists/Lista 08  Contratos de Prestadores  Servios";"Nome";"LinkFilenameNoMenu";"Computed";"False";"True";"True";"";""
"Lista 08 — Contratos de Prestadores / Serviços";"43125331-ff6c-48ef-a374-95909eed19bc";"/sites/Equipe.Obras/Lists/Lista 08  Contratos de Prestadores  Servios";"Nome";"LinkFilename";"Computed";"False";"True";"True";"";""
"Lista 08 — Contratos de Prestadores / Serviços";"43125331-ff6c-48ef-a374-95909eed19bc";"/sites/Equipe.Obras/Lists/Lista 08  Contratos de Prestadores  Servios";"Nome";"LinkFilename2";"Computed";"False";"True";"True";"";""
"Lista 08 — Contratos de Prestadores / Serviços";"43125331-ff6c-48ef-a374-95909eed19bc";"/sites/Equipe.Obras/Lists/Lista 08  Contratos de Prestadores  Servios";"Tipo";"DocIcon";"Computed";"False";"False";"True";"";""
"Lista 08 — Contratos de Prestadores / Serviços";"43125331-ff6c-48ef-a374-95909eed19bc";"/sites/Equipe.Obras/Lists/Lista 08  Contratos de Prestadores  Servios";"URL Relativa do Servidor";"ServerUrl";"Computed";"False";"True";"True";"";""
"Lista 08 — Contratos de Prestadores / Serviços";"43125331-ff6c-48ef-a374-95909eed19bc";"/sites/Equipe.Obras/Lists/Lista 08  Contratos de Prestadores  Servios";"URL Absoluta Codificada";"EncodedAbsUrl";"Computed";"False";"True";"True";"";""
"Lista 08 — Contratos de Prestadores / Serviços";"43125331-ff6c-48ef-a374-95909eed19bc";"/sites/Equipe.Obras/Lists/Lista 08  Contratos de Prestadores  Servios";"Nome do Arquivo";"BaseName";"Computed";"False";"True";"True";"";""
"Lista 08 — Contratos de Prestadores / Serviços";"43125331-ff6c-48ef-a374-95909eed19bc";"/sites/Equipe.Obras/Lists/Lista 08  Contratos de Prestadores  Servios";"Conjunto de Propriedades";"MetaInfo";"Lookup";"False";"True";"False";"";"MetaInfo"
"Lista 08 — Contratos de Prestadores / Serviços";"43125331-ff6c-48ef-a374-95909eed19bc";"/sites/Equipe.Obras/Lists/Lista 08  Contratos de Prestadores  Servios";"Nível";"_Level";"Integer";"False";"True";"True";"";""
"Lista 08 — Contratos de Prestadores / Serviços";"43125331-ff6c-48ef-a374-95909eed19bc";"/sites/Equipe.Obras/Lists/Lista 08  Contratos de Prestadores  Servios";"É a Versão Atual";"_IsCurrentVersion";"Boolean";"False";"True";"True";"";""
"Lista 08 — Contratos de Prestadores / Serviços";"43125331-ff6c-48ef-a374-95909eed19bc";"/sites/Equipe.Obras/Lists/Lista 08  Contratos de Prestadores  Servios";"Contagem de Itens Filhos";"ItemChildCount";"Lookup";"False";"False";"True";"";"ItemChildCount"
"Lista 08 — Contratos de Prestadores / Serviços";"43125331-ff6c-48ef-a374-95909eed19bc";"/sites/Equipe.Obras/Lists/Lista 08  Contratos de Prestadores  Servios";"Contagem de Elementos Filho da Pasta";"FolderChildCount";"Lookup";"False";"False";"True";"";"FolderChildCount"
"Lista 08 — Contratos de Prestadores / Serviços";"43125331-ff6c-48ef-a374-95909eed19bc";"/sites/Equipe.Obras/Lists/Lista 08  Contratos de Prestadores  Servios";"Restrito";"Restricted";"Lookup";"False";"True";"True";"";"Restricted"
"Lista 08 — Contratos de Prestadores / Serviços";"43125331-ff6c-48ef-a374-95909eed19bc";"/sites/Equipe.Obras/Lists/Lista 08  Contratos de Prestadores  Servios";"ID do Originador";"OriginatorId";"Lookup";"False";"True";"True";"";"OriginatorId"
"Lista 08 — Contratos de Prestadores / Serviços";"43125331-ff6c-48ef-a374-95909eed19bc";"/sites/Equipe.Obras/Lists/Lista 08  Contratos de Prestadores  Servios";"NãoExecutar";"NoExecute";"Lookup";"False";"True";"True";"";"DocFlags"
"Lista 08 — Contratos de Prestadores / Serviços";"43125331-ff6c-48ef-a374-95909eed19bc";"/sites/Equipe.Obras/Lists/Lista 08  Contratos de Prestadores  Servios";"Versão do Conteúdo";"ContentVersion";"Lookup";"False";"True";"True";"";"ContentVersion"
"Lista 08 — Contratos de Prestadores / Serviços";"43125331-ff6c-48ef-a374-95909eed19bc";"/sites/Equipe.Obras/Lists/Lista 08  Contratos de Prestadores  Servios";"Configuração do rótulo";"_ComplianceFlags";"Lookup";"False";"False";"True";"";"ComplianceFlags"
"Lista 08 — Contratos de Prestadores / Serviços";"43125331-ff6c-48ef-a374-95909eed19bc";"/sites/Equipe.Obras/Lists/Lista 08  Contratos de Prestadores  Servios";"Rótulo de retenção";"_ComplianceTag";"Lookup";"False";"False";"True";"";"ComplianceTag"
"Lista 08 — Contratos de Prestadores / Serviços";"43125331-ff6c-48ef-a374-95909eed19bc";"/sites/Equipe.Obras/Lists/Lista 08  Contratos de Prestadores  Servios";"Rótulo de retenção Aplicado";"_ComplianceTagWrittenTime";"Lookup";"False";"False";"True";"";"ComplianceTagWrittenTime"
"Lista 08 — Contratos de Prestadores / Serviços";"43125331-ff6c-48ef-a374-95909eed19bc";"/sites/Equipe.Obras/Lists/Lista 08  Contratos de Prestadores  Servios";"Rótulo aplicado por";"_ComplianceTagUserId";"Lookup";"False";"False";"True";"";"ComplianceTagUserId"
"Lista 08 — Contratos de Prestadores / Serviços";"43125331-ff6c-48ef-a374-95909eed19bc";"/sites/Equipe.Obras/Lists/Lista 08  Contratos de Prestadores  Servios";"O item é um Registro";"_IsRecord";"Computed";"False";"False";"True";"";""
"Lista 08 — Contratos de Prestadores / Serviços";"43125331-ff6c-48ef-a374-95909eed19bc";"/sites/Equipe.Obras/Lists/Lista 08  Contratos de Prestadores  Servios";"Política de Acesso";"AccessPolicy";"Lookup";"False";"True";"True";"";"AccessPolicy"
"Lista 08 — Contratos de Prestadores / Serviços";"43125331-ff6c-48ef-a374-95909eed19bc";"/sites/Equipe.Obras/Lists/Lista 08  Contratos de Prestadores  Servios";"VirusStatus";"_VirusStatus";"Lookup";"False";"True";"True";"";"VirusStatus"
"Lista 08 — Contratos de Prestadores / Serviços";"43125331-ff6c-48ef-a374-95909eed19bc";"/sites/Equipe.Obras/Lists/Lista 08  Contratos de Prestadores  Servios";"VirusVendorID";"_VirusVendorID";"Lookup";"False";"True";"True";"";"VirusVendorID"
"Lista 08 — Contratos de Prestadores / Serviços";"43125331-ff6c-48ef-a374-95909eed19bc";"/sites/Equipe.Obras/Lists/Lista 08  Contratos de Prestadores  Servios";"VirusInfo";"_VirusInfo";"Lookup";"False";"True";"True";"";"VirusInfo"
"Lista 08 — Contratos de Prestadores / Serviços";"43125331-ff6c-48ef-a374-95909eed19bc";"/sites/Equipe.Obras/Lists/Lista 08  Contratos de Prestadores  Servios";"RansomwareAnomalyMetaInfo";"_RansomwareAnomalyMetaInfo";"Lookup";"False";"True";"True";"";"RansomwareAnomalyMetaInfo"
"Lista 08 — Contratos de Prestadores / Serviços";"43125331-ff6c-48ef-a374-95909eed19bc";"/sites/Equipe.Obras/Lists/Lista 08  Contratos de Prestadores  Servios";"ID do Proprietário do Rascunho";"_DraftOwnerId";"Lookup";"False";"True";"True";"";"DraftOwnerId"
"Lista 08 — Contratos de Prestadores / Serviços";"43125331-ff6c-48ef-a374-95909eed19bc";"/sites/Equipe.Obras/Lists/Lista 08  Contratos de Prestadores  Servios";"Configurações do Link principal";"MainLinkSettings";"Computed";"False";"True";"True";"";""
"Lista 08 — Contratos de Prestadores / Serviços";"43125331-ff6c-48ef-a374-95909eed19bc";"/sites/Equipe.Obras/Lists/Lista 08  Contratos de Prestadores  Servios";"Aplicativo Criado por";"AppAuthor";"Lookup";"False";"False";"True";"AppPrincipals";"Title"
"Lista 08 — Contratos de Prestadores / Serviços";"43125331-ff6c-48ef-a374-95909eed19bc";"/sites/Equipe.Obras/Lists/Lista 08  Contratos de Prestadores  Servios";"Aplicativo Modificado por";"AppEditor";"Lookup";"False";"False";"True";"AppPrincipals";"Title"
"Lista 08 — Contratos de Prestadores / Serviços";"43125331-ff6c-48ef-a374-95909eed19bc";"/sites/Equipe.Obras/Lists/Lista 08  Contratos de Prestadores  Servios";"Tamanho Total";"SMTotalSize";"Lookup";"False";"True";"True";"";"SMTotalSize"
"Lista 08 — Contratos de Prestadores / Serviços";"43125331-ff6c-48ef-a374-95909eed19bc";"/sites/Equipe.Obras/Lists/Lista 08  Contratos de Prestadores  Servios";"Data da Última Modificação";"SMLastModifiedDate";"Lookup";"False";"True";"True";"";"SMLastModifiedDate"
"Lista 08 — Contratos de Prestadores / Serviços";"43125331-ff6c-48ef-a374-95909eed19bc";"/sites/Equipe.Obras/Lists/Lista 08  Contratos de Prestadores  Servios";"Tamanho Total do Fluxo de Arquivos";"SMTotalFileStreamSize";"Lookup";"False";"True";"True";"";"SMTotalFileStreamSize"
"Lista 08 — Contratos de Prestadores / Serviços";"43125331-ff6c-48ef-a374-95909eed19bc";"/sites/Equipe.Obras/Lists/Lista 08  Contratos de Prestadores  Servios";"Contagem Total de Arquivos";"SMTotalFileCount";"Lookup";"False";"True";"True";"";"SMTotalFileCount"
"Lista 08 — Contratos de Prestadores / Serviços";"43125331-ff6c-48ef-a374-95909eed19bc";"/sites/Equipe.Obras/Lists/Lista 08  Contratos de Prestadores  Servios";"Configurações de comentários";"_CommentFlags";"Lookup";"False";"True";"True";"";"CommentFlags"
"Lista 08 — Contratos de Prestadores / Serviços";"43125331-ff6c-48ef-a374-95909eed19bc";"/sites/Equipe.Obras/Lists/Lista 08  Contratos de Prestadores  Servios";"Contagem de comentário";"_CommentCount";"Lookup";"False";"True";"True";"";"CommentCount"
"Lista 09 — Medições de Prestadores / Liberação de Pagamento";"7c48906c-69d1-4caa-a343-7f8b618bfd2c";"/sites/Equipe.Obras/Lists/Lista 09  Medies de Prestadores  Liberao de Pagamento";"ID do Tipo de Conteúdo";"ContentTypeId";"ContentTypeId";"False";"True";"True";"";""
"Lista 09 — Medições de Prestadores / Liberação de Pagamento";"7c48906c-69d1-4caa-a343-7f8b618bfd2c";"/sites/Equipe.Obras/Lists/Lista 09  Medies de Prestadores  Liberao de Pagamento";"Título";"Title";"Text";"False";"False";"False";"";""
"Lista 09 — Medições de Prestadores / Liberação de Pagamento";"7c48906c-69d1-4caa-a343-7f8b618bfd2c";"/sites/Equipe.Obras/Lists/Lista 09  Medies de Prestadores  Liberao de Pagamento";"Comentários do Aprovador";"_ModerationComments";"Note";"False";"True";"True";"";""
"Lista 09 — Medições de Prestadores / Liberação de Pagamento";"7c48906c-69d1-4caa-a343-7f8b618bfd2c";"/sites/Equipe.Obras/Lists/Lista 09  Medies de Prestadores  Liberao de Pagamento";"Nº da Medição do Prestador";"LinkTitle";"Computed";"False";"False";"True";"";""
"Lista 09 — Medições de Prestadores / Liberação de Pagamento";"7c48906c-69d1-4caa-a343-7f8b618bfd2c";"/sites/Equipe.Obras/Lists/Lista 09  Medies de Prestadores  Liberao de Pagamento";"Tipo de Arquivo";"File_x0020_Type";"Text";"False";"True";"True";"";""
"Lista 09 — Medições de Prestadores / Liberação de Pagamento";"7c48906c-69d1-4caa-a343-7f8b618bfd2c";"/sites/Equipe.Obras/Lists/Lista 09  Medies de Prestadores  Liberao de Pagamento";"Cor";"_ColorHex";"Text";"False";"True";"True";"";""
"Lista 09 — Medições de Prestadores / Liberação de Pagamento";"7c48906c-69d1-4caa-a343-7f8b618bfd2c";"/sites/Equipe.Obras/Lists/Lista 09  Medies de Prestadores  Liberao de Pagamento";"Pressione Delete para excluir o ícone.";"_ColorTag";"Text";"False";"False";"True";"";""
"Lista 09 — Medições de Prestadores / Liberação de Pagamento";"7c48906c-69d1-4caa-a343-7f8b618bfd2c";"/sites/Equipe.Obras/Lists/Lista 09  Medies de Prestadores  Liberao de Pagamento";"Emoji";"_Emoji";"Text";"False";"True";"True";"";""
"Lista 09 — Medições de Prestadores / Liberação de Pagamento";"7c48906c-69d1-4caa-a343-7f8b618bfd2c";"/sites/Equipe.Obras/Lists/Lista 09  Medies de Prestadores  Liberao de Pagamento";"ID de Ativo de Conformidade";"ComplianceAssetId";"Text";"False";"False";"True";"";""
"Lista 09 — Medições de Prestadores / Liberação de Pagamento";"7c48906c-69d1-4caa-a343-7f8b618bfd2c";"/sites/Equipe.Obras/Lists/Lista 09  Medies de Prestadores  Liberao de Pagamento";"Obra";"Obra";"Lookup";"True";"False";"False";"a9afadc1-f843-45c0-a628-4f49a8716832";"NomedaObra"
"Lista 09 — Medições de Prestadores / Liberação de Pagamento";"7c48906c-69d1-4caa-a343-7f8b618bfd2c";"/sites/Equipe.Obras/Lists/Lista 09  Medies de Prestadores  Liberao de Pagamento";"Código da Obra";"C_x00f3_digodaObra";"Lookup";"False";"False";"False";"a9afadc1-f843-45c0-a628-4f49a8716832";"Title"
"Lista 09 — Medições de Prestadores / Liberação de Pagamento";"7c48906c-69d1-4caa-a343-7f8b618bfd2c";"/sites/Equipe.Obras/Lists/Lista 09  Medies de Prestadores  Liberao de Pagamento";"Centro de Custo";"CentrodeCusto";"Text";"False";"False";"False";"";""
"Lista 09 — Medições de Prestadores / Liberação de Pagamento";"7c48906c-69d1-4caa-a343-7f8b618bfd2c";"/sites/Equipe.Obras/Lists/Lista 09  Medies de Prestadores  Liberao de Pagamento";"Prestador / Fornecedor";"Prestador_x002f_Fornecedor";"Lookup";"True";"False";"False";"953cc56f-108b-4818-9ffc-cc522cd1b62d";"NomeFantasia"
"Lista 09 — Medições de Prestadores / Liberação de Pagamento";"7c48906c-69d1-4caa-a343-7f8b618bfd2c";"/sites/Equipe.Obras/Lists/Lista 09  Medies de Prestadores  Liberao de Pagamento";"Nº do Contrato";"N_x00ba_doContrato";"Lookup";"True";"False";"False";"43125331-ff6c-48ef-a374-95909eed19bc";"Title"
"Lista 09 — Medições de Prestadores / Liberação de Pagamento";"7c48906c-69d1-4caa-a343-7f8b618bfd2c";"/sites/Equipe.Obras/Lists/Lista 09  Medies de Prestadores  Liberao de Pagamento";"Tipo de Serviço";"TipodeServi_x00e7_o";"Choice";"False";"False";"False";"";""
"Lista 09 — Medições de Prestadores / Liberação de Pagamento";"7c48906c-69d1-4caa-a343-7f8b618bfd2c";"/sites/Equipe.Obras/Lists/Lista 09  Medies de Prestadores  Liberao de Pagamento";"Período Medido";"Per_x00ed_odoMedido";"Text";"False";"False";"False";"";""
"Lista 09 — Medições de Prestadores / Liberação de Pagamento";"7c48906c-69d1-4caa-a343-7f8b618bfd2c";"/sites/Equipe.Obras/Lists/Lista 09  Medies de Prestadores  Liberao de Pagamento";"Data Inicial da Medição";"DataInicialdaMedi_x00e7__x00e3_o";"DateTime";"False";"False";"False";"";""
"Lista 09 — Medições de Prestadores / Liberação de Pagamento";"7c48906c-69d1-4caa-a343-7f8b618bfd2c";"/sites/Equipe.Obras/Lists/Lista 09  Medies de Prestadores  Liberao de Pagamento";"Data Final da Medição";"DataFinaldaMedi_x00e7__x00e3_o";"DateTime";"False";"False";"False";"";""
"Lista 09 — Medições de Prestadores / Liberação de Pagamento";"7c48906c-69d1-4caa-a343-7f8b618bfd2c";"/sites/Equipe.Obras/Lists/Lista 09  Medies de Prestadores  Liberao de Pagamento";"Valor Solicitado pelo Prestador";"ValorSolicitadopeloPrestador";"Currency";"False";"False";"False";"";""
"Lista 09 — Medições de Prestadores / Liberação de Pagamento";"7c48906c-69d1-4caa-a343-7f8b618bfd2c";"/sites/Equipe.Obras/Lists/Lista 09  Medies de Prestadores  Liberao de Pagamento";"Retenções / Descontos";"Reten_x00e7__x00f5_es_x002f_Desc";"Currency";"False";"False";"False";"";""
"Lista 09 — Medições de Prestadores / Liberação de Pagamento";"7c48906c-69d1-4caa-a343-7f8b618bfd2c";"/sites/Equipe.Obras/Lists/Lista 09  Medies de Prestadores  Liberao de Pagamento";"Valor Aprovado para Pagamento";"ValorAprovadoparaPagamento";"Currency";"False";"False";"False";"";""
"Lista 09 — Medições de Prestadores / Liberação de Pagamento";"7c48906c-69d1-4caa-a343-7f8b618bfd2c";"/sites/Equipe.Obras/Lists/Lista 09  Medies de Prestadores  Liberao de Pagamento";"Responsável pela Conferência";"Respons_x00e1_velpelaConfer_x00e";"User";"False";"False";"False";"{ebc81507-41be-46f3-9eac-dafe1234a71d}";""
"Lista 09 — Medições de Prestadores / Liberação de Pagamento";"7c48906c-69d1-4caa-a343-7f8b618bfd2c";"/sites/Equipe.Obras/Lists/Lista 09  Medies de Prestadores  Liberao de Pagamento";"Aprovador Interno";"AprovadorInterno";"User";"False";"False";"False";"{ebc81507-41be-46f3-9eac-dafe1234a71d}";""
"Lista 09 — Medições de Prestadores / Liberação de Pagamento";"7c48906c-69d1-4caa-a343-7f8b618bfd2c";"/sites/Equipe.Obras/Lists/Lista 09  Medies de Prestadores  Liberao de Pagamento";"Status da Medição do Prestador";"StatusdaMedi_x00e7__x00e3_odoPre";"Choice";"False";"False";"False";"";""
"Lista 09 — Medições de Prestadores / Liberação de Pagamento";"7c48906c-69d1-4caa-a343-7f8b618bfd2c";"/sites/Equipe.Obras/Lists/Lista 09  Medies de Prestadores  Liberao de Pagamento";"Data de Recebimento da Medição";"DatadeRecebimentodaMedi_x00e7__x";"DateTime";"False";"False";"False";"";""
"Lista 09 — Medições de Prestadores / Liberação de Pagamento";"7c48906c-69d1-4caa-a343-7f8b618bfd2c";"/sites/Equipe.Obras/Lists/Lista 09  Medies de Prestadores  Liberao de Pagamento";"Data de Aprovação Interna";"DatadeAprova_x00e7__x00e3_oInter";"DateTime";"False";"False";"False";"";""
"Lista 09 — Medições de Prestadores / Liberação de Pagamento";"7c48906c-69d1-4caa-a343-7f8b618bfd2c";"/sites/Equipe.Obras/Lists/Lista 09  Medies de Prestadores  Liberao de Pagamento";"Prazo da Próxima Ação";"PrazodaPr_x00f3_ximaA_x00e7__x00";"DateTime";"False";"False";"False";"";""
"Lista 09 — Medições de Prestadores / Liberação de Pagamento";"7c48906c-69d1-4caa-a343-7f8b618bfd2c";"/sites/Equipe.Obras/Lists/Lista 09  Medies de Prestadores  Liberao de Pagamento";"NF Recebida?";"NFRecebida_x003f_";"Choice";"False";"False";"False";"";""
"Lista 09 — Medições de Prestadores / Liberação de Pagamento";"7c48906c-69d1-4caa-a343-7f8b618bfd2c";"/sites/Equipe.Obras/Lists/Lista 09  Medies de Prestadores  Liberao de Pagamento";"Nº da Nota Fiscal";"N_x00ba_daNotaFiscal";"Text";"False";"False";"False";"";""
"Lista 09 — Medições de Prestadores / Liberação de Pagamento";"7c48906c-69d1-4caa-a343-7f8b618bfd2c";"/sites/Equipe.Obras/Lists/Lista 09  Medies de Prestadores  Liberao de Pagamento";"Status do Pagamento";"StatusdoPagamento";"Choice";"False";"False";"False";"";""
"Lista 09 — Medições de Prestadores / Liberação de Pagamento";"7c48906c-69d1-4caa-a343-7f8b618bfd2c";"/sites/Equipe.Obras/Lists/Lista 09  Medies de Prestadores  Liberao de Pagamento";"Link da Medição";"LinkdaMedi_x00e7__x00e3_o";"URL";"False";"False";"False";"";""
"Lista 09 — Medições de Prestadores / Liberação de Pagamento";"7c48906c-69d1-4caa-a343-7f8b618bfd2c";"/sites/Equipe.Obras/Lists/Lista 09  Medies de Prestadores  Liberao de Pagamento";"Link da Nota Fiscal";"LinkdaNotaFiscal";"URL";"False";"False";"False";"";""
"Lista 09 — Medições de Prestadores / Liberação de Pagamento";"7c48906c-69d1-4caa-a343-7f8b618bfd2c";"/sites/Equipe.Obras/Lists/Lista 09  Medies de Prestadores  Liberao de Pagamento";"Observações";"Observa_x00e7__x00f5_es";"Note";"False";"False";"False";"";""
"Lista 09 — Medições de Prestadores / Liberação de Pagamento";"7c48906c-69d1-4caa-a343-7f8b618bfd2c";"/sites/Equipe.Obras/Lists/Lista 09  Medies de Prestadores  Liberao de Pagamento";"Created Via";"_FormSourceId_0";"Text";"False";"False";"True";"";""
"Lista 09 — Medições de Prestadores / Liberação de Pagamento";"7c48906c-69d1-4caa-a343-7f8b618bfd2c";"/sites/Equipe.Obras/Lists/Lista 09  Medies de Prestadores  Liberao de Pagamento";"Obra: Título";"Obra_x003a__x0020_T_x00ed_tulo";"Lookup";"True";"False";"True";"a9afadc1-f843-45c0-a628-4f49a8716832";"Title"
"Lista 09 — Medições de Prestadores / Liberação de Pagamento";"7c48906c-69d1-4caa-a343-7f8b618bfd2c";"/sites/Equipe.Obras/Lists/Lista 09  Medies de Prestadores  Liberao de Pagamento";"Obra: Nome da Obra";"Obra_x003a__x0020_Nome_x0020_da_";"Lookup";"True";"False";"True";"a9afadc1-f843-45c0-a628-4f49a8716832";"NomedaObra"
"Lista 09 — Medições de Prestadores / Liberação de Pagamento";"7c48906c-69d1-4caa-a343-7f8b618bfd2c";"/sites/Equipe.Obras/Lists/Lista 09  Medies de Prestadores  Liberao de Pagamento";"Prestador / Fornecedor: Título";"Prestador_x0020__x002f__x0020_Fo";"Lookup";"True";"False";"True";"953cc56f-108b-4818-9ffc-cc522cd1b62d";"Title"
"Lista 09 — Medições de Prestadores / Liberação de Pagamento";"7c48906c-69d1-4caa-a343-7f8b618bfd2c";"/sites/Equipe.Obras/Lists/Lista 09  Medies de Prestadores  Liberao de Pagamento";"Prestador / Fornecedor: Nome Fantasia";"Prestador_x0020__x002f__x0020_Fo0";"Lookup";"True";"False";"True";"953cc56f-108b-4818-9ffc-cc522cd1b62d";"NomeFantasia"
"Lista 09 — Medições de Prestadores / Liberação de Pagamento";"7c48906c-69d1-4caa-a343-7f8b618bfd2c";"/sites/Equipe.Obras/Lists/Lista 09  Medies de Prestadores  Liberao de Pagamento";"Prestador / Fornecedor: CNPJ / CPF";"Prestador_x0020__x002f__x0020_Fo1";"Lookup";"True";"False";"True";"953cc56f-108b-4818-9ffc-cc522cd1b62d";"CNPJ_x002f_CPF"
"Lista 09 — Medições de Prestadores / Liberação de Pagamento";"7c48906c-69d1-4caa-a343-7f8b618bfd2c";"/sites/Equipe.Obras/Lists/Lista 09  Medies de Prestadores  Liberao de Pagamento";"Prestador / Fornecedor: Inscrição Estadual";"Prestador_x0020__x002f__x0020_Fo2";"Lookup";"True";"False";"True";"953cc56f-108b-4818-9ffc-cc522cd1b62d";"Inscri_x00e7__x00e3_oEstadual"
"Lista 09 — Medições de Prestadores / Liberação de Pagamento";"7c48906c-69d1-4caa-a343-7f8b618bfd2c";"/sites/Equipe.Obras/Lists/Lista 09  Medies de Prestadores  Liberao de Pagamento";"Nº do Contrato: Título";"N_x00ba__x0020_do_x0020_Contrato";"Lookup";"True";"False";"True";"43125331-ff6c-48ef-a374-95909eed19bc";"Title"
"Lista 09 — Medições de Prestadores / Liberação de Pagamento";"7c48906c-69d1-4caa-a343-7f8b618bfd2c";"/sites/Equipe.Obras/Lists/Lista 09  Medies de Prestadores  Liberao de Pagamento";"Nº do Contrato: Centro de Custo";"N_x00ba__x0020_do_x0020_Contrato0";"Lookup";"True";"False";"True";"43125331-ff6c-48ef-a374-95909eed19bc";"CentrodeCusto"
"Lista 09 — Medições de Prestadores / Liberação de Pagamento";"7c48906c-69d1-4caa-a343-7f8b618bfd2c";"/sites/Equipe.Obras/Lists/Lista 09  Medies de Prestadores  Liberao de Pagamento";"Nº do Contrato: Data de Início";"N_x00ba__x0020_do_x0020_Contrato1";"Lookup";"True";"False";"True";"43125331-ff6c-48ef-a374-95909eed19bc";"DatadeIn_x00ed_cio"
"Lista 09 — Medições de Prestadores / Liberação de Pagamento";"7c48906c-69d1-4caa-a343-7f8b618bfd2c";"/sites/Equipe.Obras/Lists/Lista 09  Medies de Prestadores  Liberao de Pagamento";"Nº do Contrato: Data de Término Prevista";"N_x00ba__x0020_do_x0020_Contrato2";"Lookup";"True";"False";"True";"43125331-ff6c-48ef-a374-95909eed19bc";"DatadeT_x00e9_rminoPrevista"
"Lista 09 — Medições de Prestadores / Liberação de Pagamento";"7c48906c-69d1-4caa-a343-7f8b618bfd2c";"/sites/Equipe.Obras/Lists/Lista 09  Medies de Prestadores  Liberao de Pagamento";"Valor Aprovado Líquido";"Valor_x0020_Aprovado_x0020_L_x00";"Calculated";"False";"False";"True";"";""
"Lista 09 — Medições de Prestadores / Liberação de Pagamento";"7c48906c-69d1-4caa-a343-7f8b618bfd2c";"/sites/Equipe.Obras/Lists/Lista 09  Medies de Prestadores  Liberao de Pagamento";"ID";"ID";"Counter";"False";"False";"True";"";""
"Lista 09 — Medições de Prestadores / Liberação de Pagamento";"7c48906c-69d1-4caa-a343-7f8b618bfd2c";"/sites/Equipe.Obras/Lists/Lista 09  Medies de Prestadores  Liberao de Pagamento";"Tipo de Conteúdo";"ContentType";"Computed";"False";"False";"False";"";""
"Lista 09 — Medições de Prestadores / Liberação de Pagamento";"7c48906c-69d1-4caa-a343-7f8b618bfd2c";"/sites/Equipe.Obras/Lists/Lista 09  Medies de Prestadores  Liberao de Pagamento";"Modificado";"Modified";"DateTime";"False";"False";"True";"";""
"Lista 09 — Medições de Prestadores / Liberação de Pagamento";"7c48906c-69d1-4caa-a343-7f8b618bfd2c";"/sites/Equipe.Obras/Lists/Lista 09  Medies de Prestadores  Liberao de Pagamento";"Criado";"Created";"DateTime";"False";"False";"True";"";""
"Lista 09 — Medições de Prestadores / Liberação de Pagamento";"7c48906c-69d1-4caa-a343-7f8b618bfd2c";"/sites/Equipe.Obras/Lists/Lista 09  Medies de Prestadores  Liberao de Pagamento";"Criado por";"Author";"User";"False";"False";"True";"{ebc81507-41be-46f3-9eac-dafe1234a71d}";""
"Lista 09 — Medições de Prestadores / Liberação de Pagamento";"7c48906c-69d1-4caa-a343-7f8b618bfd2c";"/sites/Equipe.Obras/Lists/Lista 09  Medies de Prestadores  Liberao de Pagamento";"Modificado por";"Editor";"User";"False";"False";"True";"{ebc81507-41be-46f3-9eac-dafe1234a71d}";""
"Lista 09 — Medições de Prestadores / Liberação de Pagamento";"7c48906c-69d1-4caa-a343-7f8b618bfd2c";"/sites/Equipe.Obras/Lists/Lista 09  Medies de Prestadores  Liberao de Pagamento";"Tem Destinos de Cópia";"_HasCopyDestinations";"Boolean";"False";"True";"True";"";""
"Lista 09 — Medições de Prestadores / Liberação de Pagamento";"7c48906c-69d1-4caa-a343-7f8b618bfd2c";"/sites/Equipe.Obras/Lists/Lista 09  Medies de Prestadores  Liberao de Pagamento";"Origem da Cópia";"_CopySource";"Text";"False";"True";"True";"";""
"Lista 09 — Medições de Prestadores / Liberação de Pagamento";"7c48906c-69d1-4caa-a343-7f8b618bfd2c";"/sites/Equipe.Obras/Lists/Lista 09  Medies de Prestadores  Liberao de Pagamento";"owshiddenversion";"owshiddenversion";"Integer";"False";"True";"True";"";""
"Lista 09 — Medições de Prestadores / Liberação de Pagamento";"7c48906c-69d1-4caa-a343-7f8b618bfd2c";"/sites/Equipe.Obras/Lists/Lista 09  Medies de Prestadores  Liberao de Pagamento";"Versão do Fluxo de Trabalho";"WorkflowVersion";"Integer";"False";"True";"True";"";""
"Lista 09 — Medições de Prestadores / Liberação de Pagamento";"7c48906c-69d1-4caa-a343-7f8b618bfd2c";"/sites/Equipe.Obras/Lists/Lista 09  Medies de Prestadores  Liberao de Pagamento";"Versão da UI";"_UIVersion";"Integer";"False";"True";"True";"";""
"Lista 09 — Medições de Prestadores / Liberação de Pagamento";"7c48906c-69d1-4caa-a343-7f8b618bfd2c";"/sites/Equipe.Obras/Lists/Lista 09  Medies de Prestadores  Liberao de Pagamento";"Versão";"_UIVersionString";"Text";"False";"False";"True";"";""
"Lista 09 — Medições de Prestadores / Liberação de Pagamento";"7c48906c-69d1-4caa-a343-7f8b618bfd2c";"/sites/Equipe.Obras/Lists/Lista 09  Medies de Prestadores  Liberao de Pagamento";"Anexos";"Attachments";"Attachments";"False";"False";"False";"";""
"Lista 09 — Medições de Prestadores / Liberação de Pagamento";"7c48906c-69d1-4caa-a343-7f8b618bfd2c";"/sites/Equipe.Obras/Lists/Lista 09  Medies de Prestadores  Liberao de Pagamento";"Status de Aprovação";"_ModerationStatus";"ModStat";"False";"True";"True";"";""
"Lista 09 — Medições de Prestadores / Liberação de Pagamento";"7c48906c-69d1-4caa-a343-7f8b618bfd2c";"/sites/Equipe.Obras/Lists/Lista 09  Medies de Prestadores  Liberao de Pagamento";"Editar";"Edit";"Computed";"False";"False";"True";"";""
"Lista 09 — Medições de Prestadores / Liberação de Pagamento";"7c48906c-69d1-4caa-a343-7f8b618bfd2c";"/sites/Equipe.Obras/Lists/Lista 09  Medies de Prestadores  Liberao de Pagamento";"Título";"LinkTitleNoMenu";"Computed";"False";"False";"True";"";""
"Lista 09 — Medições de Prestadores / Liberação de Pagamento";"7c48906c-69d1-4caa-a343-7f8b618bfd2c";"/sites/Equipe.Obras/Lists/Lista 09  Medies de Prestadores  Liberao de Pagamento";"Título";"LinkTitle2";"Computed";"False";"True";"True";"";""
"Lista 09 — Medições de Prestadores / Liberação de Pagamento";"7c48906c-69d1-4caa-a343-7f8b618bfd2c";"/sites/Equipe.Obras/Lists/Lista 09  Medies de Prestadores  Liberao de Pagamento";"Selecionar";"SelectTitle";"Computed";"False";"True";"True";"";""
"Lista 09 — Medições de Prestadores / Liberação de Pagamento";"7c48906c-69d1-4caa-a343-7f8b618bfd2c";"/sites/Equipe.Obras/Lists/Lista 09  Medies de Prestadores  Liberao de Pagamento";"ID da Instância";"InstanceID";"Integer";"False";"True";"True";"";""
"Lista 09 — Medições de Prestadores / Liberação de Pagamento";"7c48906c-69d1-4caa-a343-7f8b618bfd2c";"/sites/Equipe.Obras/Lists/Lista 09  Medies de Prestadores  Liberao de Pagamento";"Ordem";"Order";"Number";"False";"True";"False";"";""
"Lista 09 — Medições de Prestadores / Liberação de Pagamento";"7c48906c-69d1-4caa-a343-7f8b618bfd2c";"/sites/Equipe.Obras/Lists/Lista 09  Medies de Prestadores  Liberao de Pagamento";"GUID";"GUID";"Guid";"False";"True";"True";"";""
"Lista 09 — Medições de Prestadores / Liberação de Pagamento";"7c48906c-69d1-4caa-a343-7f8b618bfd2c";"/sites/Equipe.Obras/Lists/Lista 09  Medies de Prestadores  Liberao de Pagamento";"ID da Instância do Fluxo de Trabalho";"WorkflowInstanceID";"Guid";"False";"True";"True";"";""
"Lista 09 — Medições de Prestadores / Liberação de Pagamento";"7c48906c-69d1-4caa-a343-7f8b618bfd2c";"/sites/Equipe.Obras/Lists/Lista 09  Medies de Prestadores  Liberao de Pagamento";"Caminho da URL";"FileRef";"Lookup";"False";"True";"True";"";"FullUrl"
"Lista 09 — Medições de Prestadores / Liberação de Pagamento";"7c48906c-69d1-4caa-a343-7f8b618bfd2c";"/sites/Equipe.Obras/Lists/Lista 09  Medies de Prestadores  Liberao de Pagamento";"Caminho";"FileDirRef";"Lookup";"False";"True";"True";"";"DirName"
"Lista 09 — Medições de Prestadores / Liberação de Pagamento";"7c48906c-69d1-4caa-a343-7f8b618bfd2c";"/sites/Equipe.Obras/Lists/Lista 09  Medies de Prestadores  Liberao de Pagamento";"Modificado";"Last_x0020_Modified";"Lookup";"False";"True";"True";"";"TimeLastModified"
"Lista 09 — Medições de Prestadores / Liberação de Pagamento";"7c48906c-69d1-4caa-a343-7f8b618bfd2c";"/sites/Equipe.Obras/Lists/Lista 09  Medies de Prestadores  Liberao de Pagamento";"Criado";"Created_x0020_Date";"Lookup";"False";"True";"True";"";"TimeCreated"
"Lista 09 — Medições de Prestadores / Liberação de Pagamento";"7c48906c-69d1-4caa-a343-7f8b618bfd2c";"/sites/Equipe.Obras/Lists/Lista 09  Medies de Prestadores  Liberao de Pagamento";"Tipo de Item";"FSObjType";"Lookup";"False";"True";"True";"";"FSType"
"Lista 09 — Medições de Prestadores / Liberação de Pagamento";"7c48906c-69d1-4caa-a343-7f8b618bfd2c";"/sites/Equipe.Obras/Lists/Lista 09  Medies de Prestadores  Liberao de Pagamento";"Tipo de Classificação";"SortBehavior";"Lookup";"False";"True";"True";"";"SortBehavior"
"Lista 09 — Medições de Prestadores / Liberação de Pagamento";"7c48906c-69d1-4caa-a343-7f8b618bfd2c";"/sites/Equipe.Obras/Lists/Lista 09  Medies de Prestadores  Liberao de Pagamento";"Máscara de Permissões Efetivas";"PermMask";"Computed";"False";"True";"True";"";""
"Lista 09 — Medições de Prestadores / Liberação de Pagamento";"7c48906c-69d1-4caa-a343-7f8b618bfd2c";"/sites/Equipe.Obras/Lists/Lista 09  Medies de Prestadores  Liberao de Pagamento";"Contagem de principais";"PrincipalCount";"Computed";"False";"True";"True";"";""
"Lista 09 — Medições de Prestadores / Liberação de Pagamento";"7c48906c-69d1-4caa-a343-7f8b618bfd2c";"/sites/Equipe.Obras/Lists/Lista 09  Medies de Prestadores  Liberao de Pagamento";"Nome";"FileLeafRef";"File";"False";"True";"False";"";""
"Lista 09 — Medições de Prestadores / Liberação de Pagamento";"7c48906c-69d1-4caa-a343-7f8b618bfd2c";"/sites/Equipe.Obras/Lists/Lista 09  Medies de Prestadores  Liberao de Pagamento";"Id Exclusiva";"UniqueId";"Lookup";"False";"True";"True";"";"UniqueId"
"Lista 09 — Medições de Prestadores / Liberação de Pagamento";"7c48906c-69d1-4caa-a343-7f8b618bfd2c";"/sites/Equipe.Obras/Lists/Lista 09  Medies de Prestadores  Liberao de Pagamento";"Identificador Pai do Documento";"ParentUniqueId";"Lookup";"False";"True";"True";"";"ParentUniqueId"
"Lista 09 — Medições de Prestadores / Liberação de Pagamento";"7c48906c-69d1-4caa-a343-7f8b618bfd2c";"/sites/Equipe.Obras/Lists/Lista 09  Medies de Prestadores  Liberao de Pagamento";"ID de Cliente";"SyncClientId";"Lookup";"False";"True";"True";"";"SyncClientId"
"Lista 09 — Medições de Prestadores / Liberação de Pagamento";"7c48906c-69d1-4caa-a343-7f8b618bfd2c";"/sites/Equipe.Obras/Lists/Lista 09  Medies de Prestadores  Liberao de Pagamento";"ProgId";"ProgId";"Lookup";"False";"True";"True";"";"ProgId"
"Lista 09 — Medições de Prestadores / Liberação de Pagamento";"7c48906c-69d1-4caa-a343-7f8b618bfd2c";"/sites/Equipe.Obras/Lists/Lista 09  Medies de Prestadores  Liberao de Pagamento";"ScopeId";"ScopeId";"Lookup";"False";"True";"True";"";"ScopeId"
"Lista 09 — Medições de Prestadores / Liberação de Pagamento";"7c48906c-69d1-4caa-a343-7f8b618bfd2c";"/sites/Equipe.Obras/Lists/Lista 09  Medies de Prestadores  Liberao de Pagamento";"Tipo de Arquivo HTML";"HTML_x0020_File_x0020_Type";"Computed";"False";"True";"True";"";""
"Lista 09 — Medições de Prestadores / Liberação de Pagamento";"7c48906c-69d1-4caa-a343-7f8b618bfd2c";"/sites/Equipe.Obras/Lists/Lista 09  Medies de Prestadores  Liberao de Pagamento";"Início da Tabela do Menu de Edição";"_EditMenuTableStart";"Computed";"False";"True";"True";"";""
"Lista 09 — Medições de Prestadores / Liberação de Pagamento";"7c48906c-69d1-4caa-a343-7f8b618bfd2c";"/sites/Equipe.Obras/Lists/Lista 09  Medies de Prestadores  Liberao de Pagamento";"Início da Tabela do Menu de Edição";"_EditMenuTableStart2";"Computed";"False";"True";"True";"";""
"Lista 09 — Medições de Prestadores / Liberação de Pagamento";"7c48906c-69d1-4caa-a343-7f8b618bfd2c";"/sites/Equipe.Obras/Lists/Lista 09  Medies de Prestadores  Liberao de Pagamento";"Fim da Tabela do Menu de Edição";"_EditMenuTableEnd";"Computed";"False";"True";"True";"";""
"Lista 09 — Medições de Prestadores / Liberação de Pagamento";"7c48906c-69d1-4caa-a343-7f8b618bfd2c";"/sites/Equipe.Obras/Lists/Lista 09  Medies de Prestadores  Liberao de Pagamento";"Nome";"LinkFilenameNoMenu";"Computed";"False";"True";"True";"";""
"Lista 09 — Medições de Prestadores / Liberação de Pagamento";"7c48906c-69d1-4caa-a343-7f8b618bfd2c";"/sites/Equipe.Obras/Lists/Lista 09  Medies de Prestadores  Liberao de Pagamento";"Nome";"LinkFilename";"Computed";"False";"True";"True";"";""
"Lista 09 — Medições de Prestadores / Liberação de Pagamento";"7c48906c-69d1-4caa-a343-7f8b618bfd2c";"/sites/Equipe.Obras/Lists/Lista 09  Medies de Prestadores  Liberao de Pagamento";"Nome";"LinkFilename2";"Computed";"False";"True";"True";"";""
"Lista 09 — Medições de Prestadores / Liberação de Pagamento";"7c48906c-69d1-4caa-a343-7f8b618bfd2c";"/sites/Equipe.Obras/Lists/Lista 09  Medies de Prestadores  Liberao de Pagamento";"Tipo";"DocIcon";"Computed";"False";"False";"True";"";""
"Lista 09 — Medições de Prestadores / Liberação de Pagamento";"7c48906c-69d1-4caa-a343-7f8b618bfd2c";"/sites/Equipe.Obras/Lists/Lista 09  Medies de Prestadores  Liberao de Pagamento";"URL Relativa do Servidor";"ServerUrl";"Computed";"False";"True";"True";"";""
"Lista 09 — Medições de Prestadores / Liberação de Pagamento";"7c48906c-69d1-4caa-a343-7f8b618bfd2c";"/sites/Equipe.Obras/Lists/Lista 09  Medies de Prestadores  Liberao de Pagamento";"URL Absoluta Codificada";"EncodedAbsUrl";"Computed";"False";"True";"True";"";""
"Lista 09 — Medições de Prestadores / Liberação de Pagamento";"7c48906c-69d1-4caa-a343-7f8b618bfd2c";"/sites/Equipe.Obras/Lists/Lista 09  Medies de Prestadores  Liberao de Pagamento";"Nome do Arquivo";"BaseName";"Computed";"False";"True";"True";"";""
"Lista 09 — Medições de Prestadores / Liberação de Pagamento";"7c48906c-69d1-4caa-a343-7f8b618bfd2c";"/sites/Equipe.Obras/Lists/Lista 09  Medies de Prestadores  Liberao de Pagamento";"Conjunto de Propriedades";"MetaInfo";"Lookup";"False";"True";"False";"";"MetaInfo"
"Lista 09 — Medições de Prestadores / Liberação de Pagamento";"7c48906c-69d1-4caa-a343-7f8b618bfd2c";"/sites/Equipe.Obras/Lists/Lista 09  Medies de Prestadores  Liberao de Pagamento";"Nível";"_Level";"Integer";"False";"True";"True";"";""
"Lista 09 — Medições de Prestadores / Liberação de Pagamento";"7c48906c-69d1-4caa-a343-7f8b618bfd2c";"/sites/Equipe.Obras/Lists/Lista 09  Medies de Prestadores  Liberao de Pagamento";"É a Versão Atual";"_IsCurrentVersion";"Boolean";"False";"True";"True";"";""
"Lista 09 — Medições de Prestadores / Liberação de Pagamento";"7c48906c-69d1-4caa-a343-7f8b618bfd2c";"/sites/Equipe.Obras/Lists/Lista 09  Medies de Prestadores  Liberao de Pagamento";"Contagem de Itens Filhos";"ItemChildCount";"Lookup";"False";"False";"True";"";"ItemChildCount"
"Lista 09 — Medições de Prestadores / Liberação de Pagamento";"7c48906c-69d1-4caa-a343-7f8b618bfd2c";"/sites/Equipe.Obras/Lists/Lista 09  Medies de Prestadores  Liberao de Pagamento";"Contagem de Elementos Filho da Pasta";"FolderChildCount";"Lookup";"False";"False";"True";"";"FolderChildCount"
"Lista 09 — Medições de Prestadores / Liberação de Pagamento";"7c48906c-69d1-4caa-a343-7f8b618bfd2c";"/sites/Equipe.Obras/Lists/Lista 09  Medies de Prestadores  Liberao de Pagamento";"Restrito";"Restricted";"Lookup";"False";"True";"True";"";"Restricted"
"Lista 09 — Medições de Prestadores / Liberação de Pagamento";"7c48906c-69d1-4caa-a343-7f8b618bfd2c";"/sites/Equipe.Obras/Lists/Lista 09  Medies de Prestadores  Liberao de Pagamento";"ID do Originador";"OriginatorId";"Lookup";"False";"True";"True";"";"OriginatorId"
"Lista 09 — Medições de Prestadores / Liberação de Pagamento";"7c48906c-69d1-4caa-a343-7f8b618bfd2c";"/sites/Equipe.Obras/Lists/Lista 09  Medies de Prestadores  Liberao de Pagamento";"NãoExecutar";"NoExecute";"Lookup";"False";"True";"True";"";"DocFlags"
"Lista 09 — Medições de Prestadores / Liberação de Pagamento";"7c48906c-69d1-4caa-a343-7f8b618bfd2c";"/sites/Equipe.Obras/Lists/Lista 09  Medies de Prestadores  Liberao de Pagamento";"Versão do Conteúdo";"ContentVersion";"Lookup";"False";"True";"True";"";"ContentVersion"
"Lista 09 — Medições de Prestadores / Liberação de Pagamento";"7c48906c-69d1-4caa-a343-7f8b618bfd2c";"/sites/Equipe.Obras/Lists/Lista 09  Medies de Prestadores  Liberao de Pagamento";"Configuração do rótulo";"_ComplianceFlags";"Lookup";"False";"False";"True";"";"ComplianceFlags"
"Lista 09 — Medições de Prestadores / Liberação de Pagamento";"7c48906c-69d1-4caa-a343-7f8b618bfd2c";"/sites/Equipe.Obras/Lists/Lista 09  Medies de Prestadores  Liberao de Pagamento";"Rótulo de retenção";"_ComplianceTag";"Lookup";"False";"False";"True";"";"ComplianceTag"
"Lista 09 — Medições de Prestadores / Liberação de Pagamento";"7c48906c-69d1-4caa-a343-7f8b618bfd2c";"/sites/Equipe.Obras/Lists/Lista 09  Medies de Prestadores  Liberao de Pagamento";"Rótulo de retenção Aplicado";"_ComplianceTagWrittenTime";"Lookup";"False";"False";"True";"";"ComplianceTagWrittenTime"
"Lista 09 — Medições de Prestadores / Liberação de Pagamento";"7c48906c-69d1-4caa-a343-7f8b618bfd2c";"/sites/Equipe.Obras/Lists/Lista 09  Medies de Prestadores  Liberao de Pagamento";"Rótulo aplicado por";"_ComplianceTagUserId";"Lookup";"False";"False";"True";"";"ComplianceTagUserId"
"Lista 09 — Medições de Prestadores / Liberação de Pagamento";"7c48906c-69d1-4caa-a343-7f8b618bfd2c";"/sites/Equipe.Obras/Lists/Lista 09  Medies de Prestadores  Liberao de Pagamento";"O item é um Registro";"_IsRecord";"Computed";"False";"False";"True";"";""
"Lista 09 — Medições de Prestadores / Liberação de Pagamento";"7c48906c-69d1-4caa-a343-7f8b618bfd2c";"/sites/Equipe.Obras/Lists/Lista 09  Medies de Prestadores  Liberao de Pagamento";"Política de Acesso";"AccessPolicy";"Lookup";"False";"True";"True";"";"AccessPolicy"
"Lista 09 — Medições de Prestadores / Liberação de Pagamento";"7c48906c-69d1-4caa-a343-7f8b618bfd2c";"/sites/Equipe.Obras/Lists/Lista 09  Medies de Prestadores  Liberao de Pagamento";"VirusStatus";"_VirusStatus";"Lookup";"False";"True";"True";"";"VirusStatus"
"Lista 09 — Medições de Prestadores / Liberação de Pagamento";"7c48906c-69d1-4caa-a343-7f8b618bfd2c";"/sites/Equipe.Obras/Lists/Lista 09  Medies de Prestadores  Liberao de Pagamento";"VirusVendorID";"_VirusVendorID";"Lookup";"False";"True";"True";"";"VirusVendorID"
"Lista 09 — Medições de Prestadores / Liberação de Pagamento";"7c48906c-69d1-4caa-a343-7f8b618bfd2c";"/sites/Equipe.Obras/Lists/Lista 09  Medies de Prestadores  Liberao de Pagamento";"VirusInfo";"_VirusInfo";"Lookup";"False";"True";"True";"";"VirusInfo"
"Lista 09 — Medições de Prestadores / Liberação de Pagamento";"7c48906c-69d1-4caa-a343-7f8b618bfd2c";"/sites/Equipe.Obras/Lists/Lista 09  Medies de Prestadores  Liberao de Pagamento";"RansomwareAnomalyMetaInfo";"_RansomwareAnomalyMetaInfo";"Lookup";"False";"True";"True";"";"RansomwareAnomalyMetaInfo"
"Lista 09 — Medições de Prestadores / Liberação de Pagamento";"7c48906c-69d1-4caa-a343-7f8b618bfd2c";"/sites/Equipe.Obras/Lists/Lista 09  Medies de Prestadores  Liberao de Pagamento";"ID do Proprietário do Rascunho";"_DraftOwnerId";"Lookup";"False";"True";"True";"";"DraftOwnerId"
"Lista 09 — Medições de Prestadores / Liberação de Pagamento";"7c48906c-69d1-4caa-a343-7f8b618bfd2c";"/sites/Equipe.Obras/Lists/Lista 09  Medies de Prestadores  Liberao de Pagamento";"Configurações do Link principal";"MainLinkSettings";"Computed";"False";"True";"True";"";""
"Lista 09 — Medições de Prestadores / Liberação de Pagamento";"7c48906c-69d1-4caa-a343-7f8b618bfd2c";"/sites/Equipe.Obras/Lists/Lista 09  Medies de Prestadores  Liberao de Pagamento";"Aplicativo Criado por";"AppAuthor";"Lookup";"False";"False";"True";"AppPrincipals";"Title"
"Lista 09 — Medições de Prestadores / Liberação de Pagamento";"7c48906c-69d1-4caa-a343-7f8b618bfd2c";"/sites/Equipe.Obras/Lists/Lista 09  Medies de Prestadores  Liberao de Pagamento";"Aplicativo Modificado por";"AppEditor";"Lookup";"False";"False";"True";"AppPrincipals";"Title"
"Lista 09 — Medições de Prestadores / Liberação de Pagamento";"7c48906c-69d1-4caa-a343-7f8b618bfd2c";"/sites/Equipe.Obras/Lists/Lista 09  Medies de Prestadores  Liberao de Pagamento";"Tamanho Total";"SMTotalSize";"Lookup";"False";"True";"True";"";"SMTotalSize"
"Lista 09 — Medições de Prestadores / Liberação de Pagamento";"7c48906c-69d1-4caa-a343-7f8b618bfd2c";"/sites/Equipe.Obras/Lists/Lista 09  Medies de Prestadores  Liberao de Pagamento";"Data da Última Modificação";"SMLastModifiedDate";"Lookup";"False";"True";"True";"";"SMLastModifiedDate"
"Lista 09 — Medições de Prestadores / Liberação de Pagamento";"7c48906c-69d1-4caa-a343-7f8b618bfd2c";"/sites/Equipe.Obras/Lists/Lista 09  Medies de Prestadores  Liberao de Pagamento";"Tamanho Total do Fluxo de Arquivos";"SMTotalFileStreamSize";"Lookup";"False";"True";"True";"";"SMTotalFileStreamSize"
"Lista 09 — Medições de Prestadores / Liberação de Pagamento";"7c48906c-69d1-4caa-a343-7f8b618bfd2c";"/sites/Equipe.Obras/Lists/Lista 09  Medies de Prestadores  Liberao de Pagamento";"Contagem Total de Arquivos";"SMTotalFileCount";"Lookup";"False";"True";"True";"";"SMTotalFileCount"
"Lista 09 — Medições de Prestadores / Liberação de Pagamento";"7c48906c-69d1-4caa-a343-7f8b618bfd2c";"/sites/Equipe.Obras/Lists/Lista 09  Medies de Prestadores  Liberao de Pagamento";"Configurações de comentários";"_CommentFlags";"Lookup";"False";"True";"True";"";"CommentFlags"
"Lista 09 — Medições de Prestadores / Liberação de Pagamento";"7c48906c-69d1-4caa-a343-7f8b618bfd2c";"/sites/Equipe.Obras/Lists/Lista 09  Medies de Prestadores  Liberao de Pagamento";"Contagem de comentário";"_CommentCount";"Lookup";"False";"True";"True";"";"CommentCount"
"Lista 10 — Contas a Pagar / Programação Financeira";"f0d253cc-3f42-46b8-bfd6-9dcb6fe9a680";"/sites/Equipe.Obras/Lists/Lista 10  Contas a Pagar  Programao Financeira";"ID do Tipo de Conteúdo";"ContentTypeId";"ContentTypeId";"False";"True";"True";"";""
"Lista 10 — Contas a Pagar / Programação Financeira";"f0d253cc-3f42-46b8-bfd6-9dcb6fe9a680";"/sites/Equipe.Obras/Lists/Lista 10  Contas a Pagar  Programao Financeira";"Título";"Title";"Text";"False";"False";"False";"";""
"Lista 10 — Contas a Pagar / Programação Financeira";"f0d253cc-3f42-46b8-bfd6-9dcb6fe9a680";"/sites/Equipe.Obras/Lists/Lista 10  Contas a Pagar  Programao Financeira";"Comentários do Aprovador";"_ModerationComments";"Note";"False";"True";"True";"";""
"Lista 10 — Contas a Pagar / Programação Financeira";"f0d253cc-3f42-46b8-bfd6-9dcb6fe9a680";"/sites/Equipe.Obras/Lists/Lista 10  Contas a Pagar  Programao Financeira";"Título do Pagamento";"LinkTitle";"Computed";"False";"False";"True";"";""
"Lista 10 — Contas a Pagar / Programação Financeira";"f0d253cc-3f42-46b8-bfd6-9dcb6fe9a680";"/sites/Equipe.Obras/Lists/Lista 10  Contas a Pagar  Programao Financeira";"Tipo de Arquivo";"File_x0020_Type";"Text";"False";"True";"True";"";""
"Lista 10 — Contas a Pagar / Programação Financeira";"f0d253cc-3f42-46b8-bfd6-9dcb6fe9a680";"/sites/Equipe.Obras/Lists/Lista 10  Contas a Pagar  Programao Financeira";"Cor";"_ColorHex";"Text";"False";"True";"True";"";""
"Lista 10 — Contas a Pagar / Programação Financeira";"f0d253cc-3f42-46b8-bfd6-9dcb6fe9a680";"/sites/Equipe.Obras/Lists/Lista 10  Contas a Pagar  Programao Financeira";"Pressione Delete para excluir o ícone.";"_ColorTag";"Text";"False";"False";"True";"";""
"Lista 10 — Contas a Pagar / Programação Financeira";"f0d253cc-3f42-46b8-bfd6-9dcb6fe9a680";"/sites/Equipe.Obras/Lists/Lista 10  Contas a Pagar  Programao Financeira";"Emoji";"_Emoji";"Text";"False";"True";"True";"";""
"Lista 10 — Contas a Pagar / Programação Financeira";"f0d253cc-3f42-46b8-bfd6-9dcb6fe9a680";"/sites/Equipe.Obras/Lists/Lista 10  Contas a Pagar  Programao Financeira";"ID de Ativo de Conformidade";"ComplianceAssetId";"Text";"False";"False";"True";"";""
"Lista 10 — Contas a Pagar / Programação Financeira";"f0d253cc-3f42-46b8-bfd6-9dcb6fe9a680";"/sites/Equipe.Obras/Lists/Lista 10  Contas a Pagar  Programao Financeira";"Fornecedor / Prestador";"Fornecedor_x002f_Prestador";"Lookup";"True";"False";"False";"953cc56f-108b-4818-9ffc-cc522cd1b62d";"NomeFantasia"
"Lista 10 — Contas a Pagar / Programação Financeira";"f0d253cc-3f42-46b8-bfd6-9dcb6fe9a680";"/sites/Equipe.Obras/Lists/Lista 10  Contas a Pagar  Programao Financeira";"CNPJ / CPF";"CNPJ_x002f_CPF";"Text";"False";"False";"False";"";""
"Lista 10 — Contas a Pagar / Programação Financeira";"f0d253cc-3f42-46b8-bfd6-9dcb6fe9a680";"/sites/Equipe.Obras/Lists/Lista 10  Contas a Pagar  Programao Financeira";"Obra";"Obra";"Lookup";"True";"False";"False";"a9afadc1-f843-45c0-a628-4f49a8716832";"NomedaObra"
"Lista 10 — Contas a Pagar / Programação Financeira";"f0d253cc-3f42-46b8-bfd6-9dcb6fe9a680";"/sites/Equipe.Obras/Lists/Lista 10  Contas a Pagar  Programao Financeira";"Código da Obra";"C_x00f3_digodaObra";"Lookup";"False";"False";"False";"a9afadc1-f843-45c0-a628-4f49a8716832";"Title"
"Lista 10 — Contas a Pagar / Programação Financeira";"f0d253cc-3f42-46b8-bfd6-9dcb6fe9a680";"/sites/Equipe.Obras/Lists/Lista 10  Contas a Pagar  Programao Financeira";"Centro de Custo";"CentrodeCusto";"Text";"False";"False";"False";"";""
"Lista 10 — Contas a Pagar / Programação Financeira";"f0d253cc-3f42-46b8-bfd6-9dcb6fe9a680";"/sites/Equipe.Obras/Lists/Lista 10  Contas a Pagar  Programao Financeira";"Categoria do Pagamento";"CategoriadoPagamento";"Choice";"False";"False";"False";"";""
"Lista 10 — Contas a Pagar / Programação Financeira";"f0d253cc-3f42-46b8-bfd6-9dcb6fe9a680";"/sites/Equipe.Obras/Lists/Lista 10  Contas a Pagar  Programao Financeira";"Origem do Pagamento";"OrigemdoPagamento";"Choice";"False";"False";"False";"";""
"Lista 10 — Contas a Pagar / Programação Financeira";"f0d253cc-3f42-46b8-bfd6-9dcb6fe9a680";"/sites/Equipe.Obras/Lists/Lista 10  Contas a Pagar  Programao Financeira";"Nº da Nota Fiscal";"N_x00ba_daNotaFiscal";"Text";"False";"False";"False";"";""
"Lista 10 — Contas a Pagar / Programação Financeira";"f0d253cc-3f42-46b8-bfd6-9dcb6fe9a680";"/sites/Equipe.Obras/Lists/Lista 10  Contas a Pagar  Programao Financeira";"Nº da Medição do Prestador";"N_x00ba_daMedi_x00e7__x00e3_odoP";"Text";"False";"False";"False";"";""
"Lista 10 — Contas a Pagar / Programação Financeira";"f0d253cc-3f42-46b8-bfd6-9dcb6fe9a680";"/sites/Equipe.Obras/Lists/Lista 10  Contas a Pagar  Programao Financeira";"Valor Bruto";"ValorBruto";"Currency";"False";"False";"False";"";""
"Lista 10 — Contas a Pagar / Programação Financeira";"f0d253cc-3f42-46b8-bfd6-9dcb6fe9a680";"/sites/Equipe.Obras/Lists/Lista 10  Contas a Pagar  Programao Financeira";"Retenções / Descontos";"Reten_x00e7__x00f5_es_x002f_Desc";"Currency";"False";"False";"False";"";""
"Lista 10 — Contas a Pagar / Programação Financeira";"f0d253cc-3f42-46b8-bfd6-9dcb6fe9a680";"/sites/Equipe.Obras/Lists/Lista 10  Contas a Pagar  Programao Financeira";"Valor Líquido a Pagar";"ValorL_x00ed_quidoaPagar";"Currency";"False";"False";"False";"";""
"Lista 10 — Contas a Pagar / Programação Financeira";"f0d253cc-3f42-46b8-bfd6-9dcb6fe9a680";"/sites/Equipe.Obras/Lists/Lista 10  Contas a Pagar  Programao Financeira";"Data de Emissão";"DatadeEmiss_x00e3_o";"DateTime";"False";"False";"False";"";""
"Lista 10 — Contas a Pagar / Programação Financeira";"f0d253cc-3f42-46b8-bfd6-9dcb6fe9a680";"/sites/Equipe.Obras/Lists/Lista 10  Contas a Pagar  Programao Financeira";"Data de Vencimento";"DatadeVencimento";"DateTime";"False";"False";"False";"";""
"Lista 10 — Contas a Pagar / Programação Financeira";"f0d253cc-3f42-46b8-bfd6-9dcb6fe9a680";"/sites/Equipe.Obras/Lists/Lista 10  Contas a Pagar  Programao Financeira";"Data Programada para Pagamento";"DataProgramadaparaPagamento";"DateTime";"False";"False";"False";"";""
"Lista 10 — Contas a Pagar / Programação Financeira";"f0d253cc-3f42-46b8-bfd6-9dcb6fe9a680";"/sites/Equipe.Obras/Lists/Lista 10  Contas a Pagar  Programao Financeira";"Data do Pagamento";"DatadoPagamento";"DateTime";"False";"False";"False";"";""
"Lista 10 — Contas a Pagar / Programação Financeira";"f0d253cc-3f42-46b8-bfd6-9dcb6fe9a680";"/sites/Equipe.Obras/Lists/Lista 10  Contas a Pagar  Programao Financeira";"Forma de Pagamento";"FormadePagamento";"Choice";"False";"False";"False";"";""
"Lista 10 — Contas a Pagar / Programação Financeira";"f0d253cc-3f42-46b8-bfd6-9dcb6fe9a680";"/sites/Equipe.Obras/Lists/Lista 10  Contas a Pagar  Programao Financeira";"Conta de Pagamento";"ContadePagamento";"Choice";"False";"False";"False";"";""
"Lista 10 — Contas a Pagar / Programação Financeira";"f0d253cc-3f42-46b8-bfd6-9dcb6fe9a680";"/sites/Equipe.Obras/Lists/Lista 10  Contas a Pagar  Programao Financeira";"Responsável pelo Lançamento";"Respons_x00e1_velpeloLan_x00e7_a";"User";"False";"False";"False";"{ebc81507-41be-46f3-9eac-dafe1234a71d}";""
"Lista 10 — Contas a Pagar / Programação Financeira";"f0d253cc-3f42-46b8-bfd6-9dcb6fe9a680";"/sites/Equipe.Obras/Lists/Lista 10  Contas a Pagar  Programao Financeira";"Aprovador";"Aprovador";"User";"False";"False";"False";"{ebc81507-41be-46f3-9eac-dafe1234a71d}";""
"Lista 10 — Contas a Pagar / Programação Financeira";"f0d253cc-3f42-46b8-bfd6-9dcb6fe9a680";"/sites/Equipe.Obras/Lists/Lista 10  Contas a Pagar  Programao Financeira";"Status do Pagamento";"StatusdoPagamento";"Choice";"False";"False";"False";"";""
"Lista 10 — Contas a Pagar / Programação Financeira";"f0d253cc-3f42-46b8-bfd6-9dcb6fe9a680";"/sites/Equipe.Obras/Lists/Lista 10  Contas a Pagar  Programao Financeira";"Prazo da Próxima Ação";"PrazodaPr_x00f3_ximaA_x00e7__x00";"DateTime";"False";"False";"False";"";""
"Lista 10 — Contas a Pagar / Programação Financeira";"f0d253cc-3f42-46b8-bfd6-9dcb6fe9a680";"/sites/Equipe.Obras/Lists/Lista 10  Contas a Pagar  Programao Financeira";"Comprovante Anexado?";"ComprovanteAnexado_x003f_";"Choice";"False";"False";"False";"";""
"Lista 10 — Contas a Pagar / Programação Financeira";"f0d253cc-3f42-46b8-bfd6-9dcb6fe9a680";"/sites/Equipe.Obras/Lists/Lista 10  Contas a Pagar  Programao Financeira";"Link da Nota Fiscal";"LinkdaNotaFiscal";"URL";"False";"False";"False";"";""
"Lista 10 — Contas a Pagar / Programação Financeira";"f0d253cc-3f42-46b8-bfd6-9dcb6fe9a680";"/sites/Equipe.Obras/Lists/Lista 10  Contas a Pagar  Programao Financeira";"Link do Comprovante";"LinkdoComprovante";"URL";"False";"False";"False";"";""
"Lista 10 — Contas a Pagar / Programação Financeira";"f0d253cc-3f42-46b8-bfd6-9dcb6fe9a680";"/sites/Equipe.Obras/Lists/Lista 10  Contas a Pagar  Programao Financeira";"Observações";"Observa_x00e7__x00f5_es";"Note";"False";"False";"False";"";""
"Lista 10 — Contas a Pagar / Programação Financeira";"f0d253cc-3f42-46b8-bfd6-9dcb6fe9a680";"/sites/Equipe.Obras/Lists/Lista 10  Contas a Pagar  Programao Financeira";"Created Via";"_FormSourceId_0";"Text";"False";"False";"True";"";""
"Lista 10 — Contas a Pagar / Programação Financeira";"f0d253cc-3f42-46b8-bfd6-9dcb6fe9a680";"/sites/Equipe.Obras/Lists/Lista 10  Contas a Pagar  Programao Financeira";"Fornecedor / Prestador: Título";"Fornecedor_x0020__x002f__x0020_P";"Lookup";"True";"False";"True";"953cc56f-108b-4818-9ffc-cc522cd1b62d";"Title"
"Lista 10 — Contas a Pagar / Programação Financeira";"f0d253cc-3f42-46b8-bfd6-9dcb6fe9a680";"/sites/Equipe.Obras/Lists/Lista 10  Contas a Pagar  Programao Financeira";"Valor Líquido a Pagar Calculado";"Valor_x0020_L_x00ed_quido_x0020_";"Calculated";"False";"False";"True";"";""
"Lista 10 — Contas a Pagar / Programação Financeira";"f0d253cc-3f42-46b8-bfd6-9dcb6fe9a680";"/sites/Equipe.Obras/Lists/Lista 10  Contas a Pagar  Programao Financeira";"ID";"ID";"Counter";"False";"False";"True";"";""
"Lista 10 — Contas a Pagar / Programação Financeira";"f0d253cc-3f42-46b8-bfd6-9dcb6fe9a680";"/sites/Equipe.Obras/Lists/Lista 10  Contas a Pagar  Programao Financeira";"Tipo de Conteúdo";"ContentType";"Computed";"False";"False";"False";"";""
"Lista 10 — Contas a Pagar / Programação Financeira";"f0d253cc-3f42-46b8-bfd6-9dcb6fe9a680";"/sites/Equipe.Obras/Lists/Lista 10  Contas a Pagar  Programao Financeira";"Modificado";"Modified";"DateTime";"False";"False";"True";"";""
"Lista 10 — Contas a Pagar / Programação Financeira";"f0d253cc-3f42-46b8-bfd6-9dcb6fe9a680";"/sites/Equipe.Obras/Lists/Lista 10  Contas a Pagar  Programao Financeira";"Criado";"Created";"DateTime";"False";"False";"True";"";""
"Lista 10 — Contas a Pagar / Programação Financeira";"f0d253cc-3f42-46b8-bfd6-9dcb6fe9a680";"/sites/Equipe.Obras/Lists/Lista 10  Contas a Pagar  Programao Financeira";"Criado por";"Author";"User";"False";"False";"True";"{ebc81507-41be-46f3-9eac-dafe1234a71d}";""
"Lista 10 — Contas a Pagar / Programação Financeira";"f0d253cc-3f42-46b8-bfd6-9dcb6fe9a680";"/sites/Equipe.Obras/Lists/Lista 10  Contas a Pagar  Programao Financeira";"Modificado por";"Editor";"User";"False";"False";"True";"{ebc81507-41be-46f3-9eac-dafe1234a71d}";""
"Lista 10 — Contas a Pagar / Programação Financeira";"f0d253cc-3f42-46b8-bfd6-9dcb6fe9a680";"/sites/Equipe.Obras/Lists/Lista 10  Contas a Pagar  Programao Financeira";"Tem Destinos de Cópia";"_HasCopyDestinations";"Boolean";"False";"True";"True";"";""
"Lista 10 — Contas a Pagar / Programação Financeira";"f0d253cc-3f42-46b8-bfd6-9dcb6fe9a680";"/sites/Equipe.Obras/Lists/Lista 10  Contas a Pagar  Programao Financeira";"Origem da Cópia";"_CopySource";"Text";"False";"True";"True";"";""
"Lista 10 — Contas a Pagar / Programação Financeira";"f0d253cc-3f42-46b8-bfd6-9dcb6fe9a680";"/sites/Equipe.Obras/Lists/Lista 10  Contas a Pagar  Programao Financeira";"owshiddenversion";"owshiddenversion";"Integer";"False";"True";"True";"";""
"Lista 10 — Contas a Pagar / Programação Financeira";"f0d253cc-3f42-46b8-bfd6-9dcb6fe9a680";"/sites/Equipe.Obras/Lists/Lista 10  Contas a Pagar  Programao Financeira";"Versão do Fluxo de Trabalho";"WorkflowVersion";"Integer";"False";"True";"True";"";""
"Lista 10 — Contas a Pagar / Programação Financeira";"f0d253cc-3f42-46b8-bfd6-9dcb6fe9a680";"/sites/Equipe.Obras/Lists/Lista 10  Contas a Pagar  Programao Financeira";"Versão da UI";"_UIVersion";"Integer";"False";"True";"True";"";""
"Lista 10 — Contas a Pagar / Programação Financeira";"f0d253cc-3f42-46b8-bfd6-9dcb6fe9a680";"/sites/Equipe.Obras/Lists/Lista 10  Contas a Pagar  Programao Financeira";"Versão";"_UIVersionString";"Text";"False";"False";"True";"";""
"Lista 10 — Contas a Pagar / Programação Financeira";"f0d253cc-3f42-46b8-bfd6-9dcb6fe9a680";"/sites/Equipe.Obras/Lists/Lista 10  Contas a Pagar  Programao Financeira";"Anexos";"Attachments";"Attachments";"False";"False";"False";"";""
"Lista 10 — Contas a Pagar / Programação Financeira";"f0d253cc-3f42-46b8-bfd6-9dcb6fe9a680";"/sites/Equipe.Obras/Lists/Lista 10  Contas a Pagar  Programao Financeira";"Status de Aprovação";"_ModerationStatus";"ModStat";"False";"True";"True";"";""
"Lista 10 — Contas a Pagar / Programação Financeira";"f0d253cc-3f42-46b8-bfd6-9dcb6fe9a680";"/sites/Equipe.Obras/Lists/Lista 10  Contas a Pagar  Programao Financeira";"Editar";"Edit";"Computed";"False";"False";"True";"";""
"Lista 10 — Contas a Pagar / Programação Financeira";"f0d253cc-3f42-46b8-bfd6-9dcb6fe9a680";"/sites/Equipe.Obras/Lists/Lista 10  Contas a Pagar  Programao Financeira";"Título";"LinkTitleNoMenu";"Computed";"False";"False";"True";"";""
"Lista 10 — Contas a Pagar / Programação Financeira";"f0d253cc-3f42-46b8-bfd6-9dcb6fe9a680";"/sites/Equipe.Obras/Lists/Lista 10  Contas a Pagar  Programao Financeira";"Título";"LinkTitle2";"Computed";"False";"True";"True";"";""
"Lista 10 — Contas a Pagar / Programação Financeira";"f0d253cc-3f42-46b8-bfd6-9dcb6fe9a680";"/sites/Equipe.Obras/Lists/Lista 10  Contas a Pagar  Programao Financeira";"Selecionar";"SelectTitle";"Computed";"False";"True";"True";"";""
"Lista 10 — Contas a Pagar / Programação Financeira";"f0d253cc-3f42-46b8-bfd6-9dcb6fe9a680";"/sites/Equipe.Obras/Lists/Lista 10  Contas a Pagar  Programao Financeira";"ID da Instância";"InstanceID";"Integer";"False";"True";"True";"";""
"Lista 10 — Contas a Pagar / Programação Financeira";"f0d253cc-3f42-46b8-bfd6-9dcb6fe9a680";"/sites/Equipe.Obras/Lists/Lista 10  Contas a Pagar  Programao Financeira";"Ordem";"Order";"Number";"False";"True";"False";"";""
"Lista 10 — Contas a Pagar / Programação Financeira";"f0d253cc-3f42-46b8-bfd6-9dcb6fe9a680";"/sites/Equipe.Obras/Lists/Lista 10  Contas a Pagar  Programao Financeira";"GUID";"GUID";"Guid";"False";"True";"True";"";""
"Lista 10 — Contas a Pagar / Programação Financeira";"f0d253cc-3f42-46b8-bfd6-9dcb6fe9a680";"/sites/Equipe.Obras/Lists/Lista 10  Contas a Pagar  Programao Financeira";"ID da Instância do Fluxo de Trabalho";"WorkflowInstanceID";"Guid";"False";"True";"True";"";""
"Lista 10 — Contas a Pagar / Programação Financeira";"f0d253cc-3f42-46b8-bfd6-9dcb6fe9a680";"/sites/Equipe.Obras/Lists/Lista 10  Contas a Pagar  Programao Financeira";"Caminho da URL";"FileRef";"Lookup";"False";"True";"True";"";"FullUrl"
"Lista 10 — Contas a Pagar / Programação Financeira";"f0d253cc-3f42-46b8-bfd6-9dcb6fe9a680";"/sites/Equipe.Obras/Lists/Lista 10  Contas a Pagar  Programao Financeira";"Caminho";"FileDirRef";"Lookup";"False";"True";"True";"";"DirName"
"Lista 10 — Contas a Pagar / Programação Financeira";"f0d253cc-3f42-46b8-bfd6-9dcb6fe9a680";"/sites/Equipe.Obras/Lists/Lista 10  Contas a Pagar  Programao Financeira";"Modificado";"Last_x0020_Modified";"Lookup";"False";"True";"True";"";"TimeLastModified"
"Lista 10 — Contas a Pagar / Programação Financeira";"f0d253cc-3f42-46b8-bfd6-9dcb6fe9a680";"/sites/Equipe.Obras/Lists/Lista 10  Contas a Pagar  Programao Financeira";"Criado";"Created_x0020_Date";"Lookup";"False";"True";"True";"";"TimeCreated"
"Lista 10 — Contas a Pagar / Programação Financeira";"f0d253cc-3f42-46b8-bfd6-9dcb6fe9a680";"/sites/Equipe.Obras/Lists/Lista 10  Contas a Pagar  Programao Financeira";"Tipo de Item";"FSObjType";"Lookup";"False";"True";"True";"";"FSType"
"Lista 10 — Contas a Pagar / Programação Financeira";"f0d253cc-3f42-46b8-bfd6-9dcb6fe9a680";"/sites/Equipe.Obras/Lists/Lista 10  Contas a Pagar  Programao Financeira";"Tipo de Classificação";"SortBehavior";"Lookup";"False";"True";"True";"";"SortBehavior"
"Lista 10 — Contas a Pagar / Programação Financeira";"f0d253cc-3f42-46b8-bfd6-9dcb6fe9a680";"/sites/Equipe.Obras/Lists/Lista 10  Contas a Pagar  Programao Financeira";"Máscara de Permissões Efetivas";"PermMask";"Computed";"False";"True";"True";"";""
"Lista 10 — Contas a Pagar / Programação Financeira";"f0d253cc-3f42-46b8-bfd6-9dcb6fe9a680";"/sites/Equipe.Obras/Lists/Lista 10  Contas a Pagar  Programao Financeira";"Contagem de principais";"PrincipalCount";"Computed";"False";"True";"True";"";""
"Lista 10 — Contas a Pagar / Programação Financeira";"f0d253cc-3f42-46b8-bfd6-9dcb6fe9a680";"/sites/Equipe.Obras/Lists/Lista 10  Contas a Pagar  Programao Financeira";"Nome";"FileLeafRef";"File";"False";"True";"False";"";""
"Lista 10 — Contas a Pagar / Programação Financeira";"f0d253cc-3f42-46b8-bfd6-9dcb6fe9a680";"/sites/Equipe.Obras/Lists/Lista 10  Contas a Pagar  Programao Financeira";"Id Exclusiva";"UniqueId";"Lookup";"False";"True";"True";"";"UniqueId"
"Lista 10 — Contas a Pagar / Programação Financeira";"f0d253cc-3f42-46b8-bfd6-9dcb6fe9a680";"/sites/Equipe.Obras/Lists/Lista 10  Contas a Pagar  Programao Financeira";"Identificador Pai do Documento";"ParentUniqueId";"Lookup";"False";"True";"True";"";"ParentUniqueId"
"Lista 10 — Contas a Pagar / Programação Financeira";"f0d253cc-3f42-46b8-bfd6-9dcb6fe9a680";"/sites/Equipe.Obras/Lists/Lista 10  Contas a Pagar  Programao Financeira";"ID de Cliente";"SyncClientId";"Lookup";"False";"True";"True";"";"SyncClientId"
"Lista 10 — Contas a Pagar / Programação Financeira";"f0d253cc-3f42-46b8-bfd6-9dcb6fe9a680";"/sites/Equipe.Obras/Lists/Lista 10  Contas a Pagar  Programao Financeira";"ProgId";"ProgId";"Lookup";"False";"True";"True";"";"ProgId"
"Lista 10 — Contas a Pagar / Programação Financeira";"f0d253cc-3f42-46b8-bfd6-9dcb6fe9a680";"/sites/Equipe.Obras/Lists/Lista 10  Contas a Pagar  Programao Financeira";"ScopeId";"ScopeId";"Lookup";"False";"True";"True";"";"ScopeId"
"Lista 10 — Contas a Pagar / Programação Financeira";"f0d253cc-3f42-46b8-bfd6-9dcb6fe9a680";"/sites/Equipe.Obras/Lists/Lista 10  Contas a Pagar  Programao Financeira";"Tipo de Arquivo HTML";"HTML_x0020_File_x0020_Type";"Computed";"False";"True";"True";"";""
"Lista 10 — Contas a Pagar / Programação Financeira";"f0d253cc-3f42-46b8-bfd6-9dcb6fe9a680";"/sites/Equipe.Obras/Lists/Lista 10  Contas a Pagar  Programao Financeira";"Início da Tabela do Menu de Edição";"_EditMenuTableStart";"Computed";"False";"True";"True";"";""
"Lista 10 — Contas a Pagar / Programação Financeira";"f0d253cc-3f42-46b8-bfd6-9dcb6fe9a680";"/sites/Equipe.Obras/Lists/Lista 10  Contas a Pagar  Programao Financeira";"Início da Tabela do Menu de Edição";"_EditMenuTableStart2";"Computed";"False";"True";"True";"";""
"Lista 10 — Contas a Pagar / Programação Financeira";"f0d253cc-3f42-46b8-bfd6-9dcb6fe9a680";"/sites/Equipe.Obras/Lists/Lista 10  Contas a Pagar  Programao Financeira";"Fim da Tabela do Menu de Edição";"_EditMenuTableEnd";"Computed";"False";"True";"True";"";""
"Lista 10 — Contas a Pagar / Programação Financeira";"f0d253cc-3f42-46b8-bfd6-9dcb6fe9a680";"/sites/Equipe.Obras/Lists/Lista 10  Contas a Pagar  Programao Financeira";"Nome";"LinkFilenameNoMenu";"Computed";"False";"True";"True";"";""
"Lista 10 — Contas a Pagar / Programação Financeira";"f0d253cc-3f42-46b8-bfd6-9dcb6fe9a680";"/sites/Equipe.Obras/Lists/Lista 10  Contas a Pagar  Programao Financeira";"Nome";"LinkFilename";"Computed";"False";"True";"True";"";""
"Lista 10 — Contas a Pagar / Programação Financeira";"f0d253cc-3f42-46b8-bfd6-9dcb6fe9a680";"/sites/Equipe.Obras/Lists/Lista 10  Contas a Pagar  Programao Financeira";"Nome";"LinkFilename2";"Computed";"False";"True";"True";"";""
"Lista 10 — Contas a Pagar / Programação Financeira";"f0d253cc-3f42-46b8-bfd6-9dcb6fe9a680";"/sites/Equipe.Obras/Lists/Lista 10  Contas a Pagar  Programao Financeira";"Tipo";"DocIcon";"Computed";"False";"False";"True";"";""
"Lista 10 — Contas a Pagar / Programação Financeira";"f0d253cc-3f42-46b8-bfd6-9dcb6fe9a680";"/sites/Equipe.Obras/Lists/Lista 10  Contas a Pagar  Programao Financeira";"URL Relativa do Servidor";"ServerUrl";"Computed";"False";"True";"True";"";""
"Lista 10 — Contas a Pagar / Programação Financeira";"f0d253cc-3f42-46b8-bfd6-9dcb6fe9a680";"/sites/Equipe.Obras/Lists/Lista 10  Contas a Pagar  Programao Financeira";"URL Absoluta Codificada";"EncodedAbsUrl";"Computed";"False";"True";"True";"";""
"Lista 10 — Contas a Pagar / Programação Financeira";"f0d253cc-3f42-46b8-bfd6-9dcb6fe9a680";"/sites/Equipe.Obras/Lists/Lista 10  Contas a Pagar  Programao Financeira";"Nome do Arquivo";"BaseName";"Computed";"False";"True";"True";"";""
"Lista 10 — Contas a Pagar / Programação Financeira";"f0d253cc-3f42-46b8-bfd6-9dcb6fe9a680";"/sites/Equipe.Obras/Lists/Lista 10  Contas a Pagar  Programao Financeira";"Conjunto de Propriedades";"MetaInfo";"Lookup";"False";"True";"False";"";"MetaInfo"
"Lista 10 — Contas a Pagar / Programação Financeira";"f0d253cc-3f42-46b8-bfd6-9dcb6fe9a680";"/sites/Equipe.Obras/Lists/Lista 10  Contas a Pagar  Programao Financeira";"Nível";"_Level";"Integer";"False";"True";"True";"";""
"Lista 10 — Contas a Pagar / Programação Financeira";"f0d253cc-3f42-46b8-bfd6-9dcb6fe9a680";"/sites/Equipe.Obras/Lists/Lista 10  Contas a Pagar  Programao Financeira";"É a Versão Atual";"_IsCurrentVersion";"Boolean";"False";"True";"True";"";""
"Lista 10 — Contas a Pagar / Programação Financeira";"f0d253cc-3f42-46b8-bfd6-9dcb6fe9a680";"/sites/Equipe.Obras/Lists/Lista 10  Contas a Pagar  Programao Financeira";"Contagem de Itens Filhos";"ItemChildCount";"Lookup";"False";"False";"True";"";"ItemChildCount"
"Lista 10 — Contas a Pagar / Programação Financeira";"f0d253cc-3f42-46b8-bfd6-9dcb6fe9a680";"/sites/Equipe.Obras/Lists/Lista 10  Contas a Pagar  Programao Financeira";"Contagem de Elementos Filho da Pasta";"FolderChildCount";"Lookup";"False";"False";"True";"";"FolderChildCount"
"Lista 10 — Contas a Pagar / Programação Financeira";"f0d253cc-3f42-46b8-bfd6-9dcb6fe9a680";"/sites/Equipe.Obras/Lists/Lista 10  Contas a Pagar  Programao Financeira";"Restrito";"Restricted";"Lookup";"False";"True";"True";"";"Restricted"
"Lista 10 — Contas a Pagar / Programação Financeira";"f0d253cc-3f42-46b8-bfd6-9dcb6fe9a680";"/sites/Equipe.Obras/Lists/Lista 10  Contas a Pagar  Programao Financeira";"ID do Originador";"OriginatorId";"Lookup";"False";"True";"True";"";"OriginatorId"
"Lista 10 — Contas a Pagar / Programação Financeira";"f0d253cc-3f42-46b8-bfd6-9dcb6fe9a680";"/sites/Equipe.Obras/Lists/Lista 10  Contas a Pagar  Programao Financeira";"NãoExecutar";"NoExecute";"Lookup";"False";"True";"True";"";"DocFlags"
"Lista 10 — Contas a Pagar / Programação Financeira";"f0d253cc-3f42-46b8-bfd6-9dcb6fe9a680";"/sites/Equipe.Obras/Lists/Lista 10  Contas a Pagar  Programao Financeira";"Versão do Conteúdo";"ContentVersion";"Lookup";"False";"True";"True";"";"ContentVersion"
"Lista 10 — Contas a Pagar / Programação Financeira";"f0d253cc-3f42-46b8-bfd6-9dcb6fe9a680";"/sites/Equipe.Obras/Lists/Lista 10  Contas a Pagar  Programao Financeira";"Configuração do rótulo";"_ComplianceFlags";"Lookup";"False";"False";"True";"";"ComplianceFlags"
"Lista 10 — Contas a Pagar / Programação Financeira";"f0d253cc-3f42-46b8-bfd6-9dcb6fe9a680";"/sites/Equipe.Obras/Lists/Lista 10  Contas a Pagar  Programao Financeira";"Rótulo de retenção";"_ComplianceTag";"Lookup";"False";"False";"True";"";"ComplianceTag"
"Lista 10 — Contas a Pagar / Programação Financeira";"f0d253cc-3f42-46b8-bfd6-9dcb6fe9a680";"/sites/Equipe.Obras/Lists/Lista 10  Contas a Pagar  Programao Financeira";"Rótulo de retenção Aplicado";"_ComplianceTagWrittenTime";"Lookup";"False";"False";"True";"";"ComplianceTagWrittenTime"
"Lista 10 — Contas a Pagar / Programação Financeira";"f0d253cc-3f42-46b8-bfd6-9dcb6fe9a680";"/sites/Equipe.Obras/Lists/Lista 10  Contas a Pagar  Programao Financeira";"Rótulo aplicado por";"_ComplianceTagUserId";"Lookup";"False";"False";"True";"";"ComplianceTagUserId"
"Lista 10 — Contas a Pagar / Programação Financeira";"f0d253cc-3f42-46b8-bfd6-9dcb6fe9a680";"/sites/Equipe.Obras/Lists/Lista 10  Contas a Pagar  Programao Financeira";"O item é um Registro";"_IsRecord";"Computed";"False";"False";"True";"";""
"Lista 10 — Contas a Pagar / Programação Financeira";"f0d253cc-3f42-46b8-bfd6-9dcb6fe9a680";"/sites/Equipe.Obras/Lists/Lista 10  Contas a Pagar  Programao Financeira";"Política de Acesso";"AccessPolicy";"Lookup";"False";"True";"True";"";"AccessPolicy"
"Lista 10 — Contas a Pagar / Programação Financeira";"f0d253cc-3f42-46b8-bfd6-9dcb6fe9a680";"/sites/Equipe.Obras/Lists/Lista 10  Contas a Pagar  Programao Financeira";"VirusStatus";"_VirusStatus";"Lookup";"False";"True";"True";"";"VirusStatus"
"Lista 10 — Contas a Pagar / Programação Financeira";"f0d253cc-3f42-46b8-bfd6-9dcb6fe9a680";"/sites/Equipe.Obras/Lists/Lista 10  Contas a Pagar  Programao Financeira";"VirusVendorID";"_VirusVendorID";"Lookup";"False";"True";"True";"";"VirusVendorID"
"Lista 10 — Contas a Pagar / Programação Financeira";"f0d253cc-3f42-46b8-bfd6-9dcb6fe9a680";"/sites/Equipe.Obras/Lists/Lista 10  Contas a Pagar  Programao Financeira";"VirusInfo";"_VirusInfo";"Lookup";"False";"True";"True";"";"VirusInfo"
"Lista 10 — Contas a Pagar / Programação Financeira";"f0d253cc-3f42-46b8-bfd6-9dcb6fe9a680";"/sites/Equipe.Obras/Lists/Lista 10  Contas a Pagar  Programao Financeira";"RansomwareAnomalyMetaInfo";"_RansomwareAnomalyMetaInfo";"Lookup";"False";"True";"True";"";"RansomwareAnomalyMetaInfo"
"Lista 10 — Contas a Pagar / Programação Financeira";"f0d253cc-3f42-46b8-bfd6-9dcb6fe9a680";"/sites/Equipe.Obras/Lists/Lista 10  Contas a Pagar  Programao Financeira";"ID do Proprietário do Rascunho";"_DraftOwnerId";"Lookup";"False";"True";"True";"";"DraftOwnerId"
"Lista 10 — Contas a Pagar / Programação Financeira";"f0d253cc-3f42-46b8-bfd6-9dcb6fe9a680";"/sites/Equipe.Obras/Lists/Lista 10  Contas a Pagar  Programao Financeira";"Configurações do Link principal";"MainLinkSettings";"Computed";"False";"True";"True";"";""
"Lista 10 — Contas a Pagar / Programação Financeira";"f0d253cc-3f42-46b8-bfd6-9dcb6fe9a680";"/sites/Equipe.Obras/Lists/Lista 10  Contas a Pagar  Programao Financeira";"Aplicativo Criado por";"AppAuthor";"Lookup";"False";"False";"True";"AppPrincipals";"Title"
"Lista 10 — Contas a Pagar / Programação Financeira";"f0d253cc-3f42-46b8-bfd6-9dcb6fe9a680";"/sites/Equipe.Obras/Lists/Lista 10  Contas a Pagar  Programao Financeira";"Aplicativo Modificado por";"AppEditor";"Lookup";"False";"False";"True";"AppPrincipals";"Title"
"Lista 10 — Contas a Pagar / Programação Financeira";"f0d253cc-3f42-46b8-bfd6-9dcb6fe9a680";"/sites/Equipe.Obras/Lists/Lista 10  Contas a Pagar  Programao Financeira";"Tamanho Total";"SMTotalSize";"Lookup";"False";"True";"True";"";"SMTotalSize"
"Lista 10 — Contas a Pagar / Programação Financeira";"f0d253cc-3f42-46b8-bfd6-9dcb6fe9a680";"/sites/Equipe.Obras/Lists/Lista 10  Contas a Pagar  Programao Financeira";"Data da Última Modificação";"SMLastModifiedDate";"Lookup";"False";"True";"True";"";"SMLastModifiedDate"
"Lista 10 — Contas a Pagar / Programação Financeira";"f0d253cc-3f42-46b8-bfd6-9dcb6fe9a680";"/sites/Equipe.Obras/Lists/Lista 10  Contas a Pagar  Programao Financeira";"Tamanho Total do Fluxo de Arquivos";"SMTotalFileStreamSize";"Lookup";"False";"True";"True";"";"SMTotalFileStreamSize"
"Lista 10 — Contas a Pagar / Programação Financeira";"f0d253cc-3f42-46b8-bfd6-9dcb6fe9a680";"/sites/Equipe.Obras/Lists/Lista 10  Contas a Pagar  Programao Financeira";"Contagem Total de Arquivos";"SMTotalFileCount";"Lookup";"False";"True";"True";"";"SMTotalFileCount"
"Lista 10 — Contas a Pagar / Programação Financeira";"f0d253cc-3f42-46b8-bfd6-9dcb6fe9a680";"/sites/Equipe.Obras/Lists/Lista 10  Contas a Pagar  Programao Financeira";"Configurações de comentários";"_CommentFlags";"Lookup";"False";"True";"True";"";"CommentFlags"
"Lista 10 — Contas a Pagar / Programação Financeira";"f0d253cc-3f42-46b8-bfd6-9dcb6fe9a680";"/sites/Equipe.Obras/Lists/Lista 10  Contas a Pagar  Programao Financeira";"Contagem de comentário";"_CommentCount";"Lookup";"False";"True";"True";"";"CommentCount"
"Lista 11 — Contas a Receber / Faturamento";"6d7339a2-8ef7-4f2f-bae7-83e7df0c5084";"/sites/Equipe.Obras/Lists/Lista 11  Contas a Receber  Faturamento";"ID do Tipo de Conteúdo";"ContentTypeId";"ContentTypeId";"False";"True";"True";"";""
"Lista 11 — Contas a Receber / Faturamento";"6d7339a2-8ef7-4f2f-bae7-83e7df0c5084";"/sites/Equipe.Obras/Lists/Lista 11  Contas a Receber  Faturamento";"Título";"Title";"Text";"False";"False";"False";"";""
"Lista 11 — Contas a Receber / Faturamento";"6d7339a2-8ef7-4f2f-bae7-83e7df0c5084";"/sites/Equipe.Obras/Lists/Lista 11  Contas a Receber  Faturamento";"Comentários do Aprovador";"_ModerationComments";"Note";"False";"True";"True";"";""
"Lista 11 — Contas a Receber / Faturamento";"6d7339a2-8ef7-4f2f-bae7-83e7df0c5084";"/sites/Equipe.Obras/Lists/Lista 11  Contas a Receber  Faturamento";"Título do Recebimento";"LinkTitle";"Computed";"False";"False";"True";"";""
"Lista 11 — Contas a Receber / Faturamento";"6d7339a2-8ef7-4f2f-bae7-83e7df0c5084";"/sites/Equipe.Obras/Lists/Lista 11  Contas a Receber  Faturamento";"Tipo de Arquivo";"File_x0020_Type";"Text";"False";"True";"True";"";""
"Lista 11 — Contas a Receber / Faturamento";"6d7339a2-8ef7-4f2f-bae7-83e7df0c5084";"/sites/Equipe.Obras/Lists/Lista 11  Contas a Receber  Faturamento";"Cor";"_ColorHex";"Text";"False";"True";"True";"";""
"Lista 11 — Contas a Receber / Faturamento";"6d7339a2-8ef7-4f2f-bae7-83e7df0c5084";"/sites/Equipe.Obras/Lists/Lista 11  Contas a Receber  Faturamento";"Pressione Delete para excluir o ícone.";"_ColorTag";"Text";"False";"False";"True";"";""
"Lista 11 — Contas a Receber / Faturamento";"6d7339a2-8ef7-4f2f-bae7-83e7df0c5084";"/sites/Equipe.Obras/Lists/Lista 11  Contas a Receber  Faturamento";"Emoji";"_Emoji";"Text";"False";"True";"True";"";""
"Lista 11 — Contas a Receber / Faturamento";"6d7339a2-8ef7-4f2f-bae7-83e7df0c5084";"/sites/Equipe.Obras/Lists/Lista 11  Contas a Receber  Faturamento";"ID de Ativo de Conformidade";"ComplianceAssetId";"Text";"False";"False";"True";"";""
"Lista 11 — Contas a Receber / Faturamento";"6d7339a2-8ef7-4f2f-bae7-83e7df0c5084";"/sites/Equipe.Obras/Lists/Lista 11  Contas a Receber  Faturamento";"Cliente";"Cliente";"Lookup";"False";"False";"False";"a9afadc1-f843-45c0-a628-4f49a8716832";"Cliente"
"Lista 11 — Contas a Receber / Faturamento";"6d7339a2-8ef7-4f2f-bae7-83e7df0c5084";"/sites/Equipe.Obras/Lists/Lista 11  Contas a Receber  Faturamento";"CNPJ do Cliente";"CNPJdoCliente";"Text";"False";"False";"False";"";""
"Lista 11 — Contas a Receber / Faturamento";"6d7339a2-8ef7-4f2f-bae7-83e7df0c5084";"/sites/Equipe.Obras/Lists/Lista 11  Contas a Receber  Faturamento";"Obra";"Obra";"Lookup";"True";"False";"False";"a9afadc1-f843-45c0-a628-4f49a8716832";"NomedaObra"
"Lista 11 — Contas a Receber / Faturamento";"6d7339a2-8ef7-4f2f-bae7-83e7df0c5084";"/sites/Equipe.Obras/Lists/Lista 11  Contas a Receber  Faturamento";"Código da Obra";"C_x00f3_digodaObra";"Lookup";"False";"False";"False";"a9afadc1-f843-45c0-a628-4f49a8716832";"Title"
"Lista 11 — Contas a Receber / Faturamento";"6d7339a2-8ef7-4f2f-bae7-83e7df0c5084";"/sites/Equipe.Obras/Lists/Lista 11  Contas a Receber  Faturamento";"Centro de Custo";"CentrodeCusto";"Text";"False";"False";"False";"";""
"Lista 11 — Contas a Receber / Faturamento";"6d7339a2-8ef7-4f2f-bae7-83e7df0c5084";"/sites/Equipe.Obras/Lists/Lista 11  Contas a Receber  Faturamento";"Origem do Recebimento";"OrigemdoRecebimento";"Choice";"False";"False";"False";"";""
"Lista 11 — Contas a Receber / Faturamento";"6d7339a2-8ef7-4f2f-bae7-83e7df0c5084";"/sites/Equipe.Obras/Lists/Lista 11  Contas a Receber  Faturamento";"Nº da Medição da Obra 1";"N_x00ba_daMedi_x00e7__x00e3_odaO";"Text";"False";"False";"False";"";""
"Lista 11 — Contas a Receber / Faturamento";"6d7339a2-8ef7-4f2f-bae7-83e7df0c5084";"/sites/Equipe.Obras/Lists/Lista 11  Contas a Receber  Faturamento";"Nº da Nota Fiscal Emitida";"N_x00ba_daNotaFiscalEmitida";"Text";"False";"False";"False";"";""
"Lista 11 — Contas a Receber / Faturamento";"6d7339a2-8ef7-4f2f-bae7-83e7df0c5084";"/sites/Equipe.Obras/Lists/Lista 11  Contas a Receber  Faturamento";"Nº do Pedido / PO do Cliente";"N_x00ba_doPedido_x002f_POdoClien";"Text";"False";"False";"False";"";""
"Lista 11 — Contas a Receber / Faturamento";"6d7339a2-8ef7-4f2f-bae7-83e7df0c5084";"/sites/Equipe.Obras/Lists/Lista 11  Contas a Receber  Faturamento";"Valor Bruto Faturado";"ValorBrutoFaturado";"Currency";"False";"False";"False";"";""
"Lista 11 — Contas a Receber / Faturamento";"6d7339a2-8ef7-4f2f-bae7-83e7df0c5084";"/sites/Equipe.Obras/Lists/Lista 11  Contas a Receber  Faturamento";"Retenções / Descontos";"Reten_x00e7__x00f5_es_x002f_Desc";"Currency";"False";"False";"False";"";""
"Lista 11 — Contas a Receber / Faturamento";"6d7339a2-8ef7-4f2f-bae7-83e7df0c5084";"/sites/Equipe.Obras/Lists/Lista 11  Contas a Receber  Faturamento";"Valor Líquido a Receber";"ValorL_x00ed_quidoaReceber";"Currency";"False";"False";"False";"";""
"Lista 11 — Contas a Receber / Faturamento";"6d7339a2-8ef7-4f2f-bae7-83e7df0c5084";"/sites/Equipe.Obras/Lists/Lista 11  Contas a Receber  Faturamento";"Data de Aprovação da Medição";"DatadeAprova_x00e7__x00e3_odaMed";"DateTime";"False";"False";"False";"";""
"Lista 11 — Contas a Receber / Faturamento";"6d7339a2-8ef7-4f2f-bae7-83e7df0c5084";"/sites/Equipe.Obras/Lists/Lista 11  Contas a Receber  Faturamento";"Data de Emissão da NF";"DatadeEmiss_x00e3_odaNF";"DateTime";"False";"False";"False";"";""
"Lista 11 — Contas a Receber / Faturamento";"6d7339a2-8ef7-4f2f-bae7-83e7df0c5084";"/sites/Equipe.Obras/Lists/Lista 11  Contas a Receber  Faturamento";"Data de Vencimento";"DatadeVencimento";"DateTime";"False";"False";"False";"";""
"Lista 11 — Contas a Receber / Faturamento";"6d7339a2-8ef7-4f2f-bae7-83e7df0c5084";"/sites/Equipe.Obras/Lists/Lista 11  Contas a Receber  Faturamento";"Data Prevista de Recebimento";"DataPrevistadeRecebimento";"DateTime";"False";"False";"False";"";""
"Lista 11 — Contas a Receber / Faturamento";"6d7339a2-8ef7-4f2f-bae7-83e7df0c5084";"/sites/Equipe.Obras/Lists/Lista 11  Contas a Receber  Faturamento";"Data do Recebimento";"DatadoRecebimento";"DateTime";"False";"False";"False";"";""
"Lista 11 — Contas a Receber / Faturamento";"6d7339a2-8ef7-4f2f-bae7-83e7df0c5084";"/sites/Equipe.Obras/Lists/Lista 11  Contas a Receber  Faturamento";"Forma de Recebimento";"FormadeRecebimento";"Choice";"False";"False";"False";"";""
"Lista 11 — Contas a Receber / Faturamento";"6d7339a2-8ef7-4f2f-bae7-83e7df0c5084";"/sites/Equipe.Obras/Lists/Lista 11  Contas a Receber  Faturamento";"Conta de Recebimento";"ContadeRecebimento";"Choice";"False";"False";"False";"";""
"Lista 11 — Contas a Receber / Faturamento";"6d7339a2-8ef7-4f2f-bae7-83e7df0c5084";"/sites/Equipe.Obras/Lists/Lista 11  Contas a Receber  Faturamento";"Responsável pelo Faturamento";"Respons_x00e1_velpeloFaturamento";"User";"False";"False";"False";"{ebc81507-41be-46f3-9eac-dafe1234a71d}";""
"Lista 11 — Contas a Receber / Faturamento";"6d7339a2-8ef7-4f2f-bae7-83e7df0c5084";"/sites/Equipe.Obras/Lists/Lista 11  Contas a Receber  Faturamento";"Responsável pela Cobrança";"Respons_x00e1_velpelaCobran_x00e";"User";"False";"False";"False";"{ebc81507-41be-46f3-9eac-dafe1234a71d}";""
"Lista 11 — Contas a Receber / Faturamento";"6d7339a2-8ef7-4f2f-bae7-83e7df0c5084";"/sites/Equipe.Obras/Lists/Lista 11  Contas a Receber  Faturamento";"Status do Recebimento";"StatusdoRecebimento";"Choice";"False";"False";"False";"";""
"Lista 11 — Contas a Receber / Faturamento";"6d7339a2-8ef7-4f2f-bae7-83e7df0c5084";"/sites/Equipe.Obras/Lists/Lista 11  Contas a Receber  Faturamento";"Prazo da Próxima Ação";"PrazodaPr_x00f3_ximaA_x00e7__x00";"DateTime";"False";"False";"False";"";""
"Lista 11 — Contas a Receber / Faturamento";"6d7339a2-8ef7-4f2f-bae7-83e7df0c5084";"/sites/Equipe.Obras/Lists/Lista 11  Contas a Receber  Faturamento";"Boleto Enviado?";"BoletoEnviado_x003f_";"Choice";"False";"False";"False";"";""
"Lista 11 — Contas a Receber / Faturamento";"6d7339a2-8ef7-4f2f-bae7-83e7df0c5084";"/sites/Equipe.Obras/Lists/Lista 11  Contas a Receber  Faturamento";"NF Enviada ao Cliente?";"NFEnviadaaoCliente_x003f_";"Choice";"False";"False";"False";"";""
"Lista 11 — Contas a Receber / Faturamento";"6d7339a2-8ef7-4f2f-bae7-83e7df0c5084";"/sites/Equipe.Obras/Lists/Lista 11  Contas a Receber  Faturamento";"Comprovante de Recebimento Anexado?";"ComprovantedeRecebimentoAnexado_";"Choice";"False";"False";"False";"";""
"Lista 11 — Contas a Receber / Faturamento";"6d7339a2-8ef7-4f2f-bae7-83e7df0c5084";"/sites/Equipe.Obras/Lists/Lista 11  Contas a Receber  Faturamento";"Link da Medição Aprovada";"LinkdaMedi_x00e7__x00e3_oAprovad";"URL";"False";"False";"False";"";""
"Lista 11 — Contas a Receber / Faturamento";"6d7339a2-8ef7-4f2f-bae7-83e7df0c5084";"/sites/Equipe.Obras/Lists/Lista 11  Contas a Receber  Faturamento";"Link da Nota Fiscal Emitida";"LinkdaNotaFiscalEmitida";"URL";"False";"False";"False";"";""
"Lista 11 — Contas a Receber / Faturamento";"6d7339a2-8ef7-4f2f-bae7-83e7df0c5084";"/sites/Equipe.Obras/Lists/Lista 11  Contas a Receber  Faturamento";"Link do Comprovante de Recebimento";"LinkdoComprovantedeRecebimento";"URL";"False";"False";"False";"";""
"Lista 11 — Contas a Receber / Faturamento";"6d7339a2-8ef7-4f2f-bae7-83e7df0c5084";"/sites/Equipe.Obras/Lists/Lista 11  Contas a Receber  Faturamento";"Observações";"Observa_x00e7__x00f5_es";"Note";"False";"False";"False";"";""
"Lista 11 — Contas a Receber / Faturamento";"6d7339a2-8ef7-4f2f-bae7-83e7df0c5084";"/sites/Equipe.Obras/Lists/Lista 11  Contas a Receber  Faturamento";"Created Via";"_FormSourceId_0";"Text";"False";"False";"True";"";""
"Lista 11 — Contas a Receber / Faturamento";"6d7339a2-8ef7-4f2f-bae7-83e7df0c5084";"/sites/Equipe.Obras/Lists/Lista 11  Contas a Receber  Faturamento";"Obra: Título";"Obra_x003a__x0020_T_x00ed_tulo";"Lookup";"True";"False";"True";"a9afadc1-f843-45c0-a628-4f49a8716832";"Title"
"Lista 11 — Contas a Receber / Faturamento";"6d7339a2-8ef7-4f2f-bae7-83e7df0c5084";"/sites/Equipe.Obras/Lists/Lista 11  Contas a Receber  Faturamento";"Obra: Nome da Obra";"Obra_x003a__x0020_Nome_x0020_da_";"Lookup";"True";"False";"True";"a9afadc1-f843-45c0-a628-4f49a8716832";"NomedaObra"
"Lista 11 — Contas a Receber / Faturamento";"6d7339a2-8ef7-4f2f-bae7-83e7df0c5084";"/sites/Equipe.Obras/Lists/Lista 11  Contas a Receber  Faturamento";"Nº da Medição da Obra";"N_x00ba_daMedi_x00e7__x00e3_odaO0";"Lookup";"False";"False";"False";"894faa02-cc30-406f-8101-96e4a0277e06";"Title"
"Lista 11 — Contas a Receber / Faturamento";"6d7339a2-8ef7-4f2f-bae7-83e7df0c5084";"/sites/Equipe.Obras/Lists/Lista 11  Contas a Receber  Faturamento";"Nº da Medição da Obra: Centro de Custo";"N_x00ba__x0020_da_x0020_Medi_x00";"Lookup";"False";"False";"True";"894faa02-cc30-406f-8101-96e4a0277e06";"CentrodeCusto"
"Lista 11 — Contas a Receber / Faturamento";"6d7339a2-8ef7-4f2f-bae7-83e7df0c5084";"/sites/Equipe.Obras/Lists/Lista 11  Contas a Receber  Faturamento";"Nº da Medição da Obra: Cliente";"N_x00ba__x0020_da_x0020_Medi_x000";"Lookup";"False";"False";"True";"894faa02-cc30-406f-8101-96e4a0277e06";"Cliente"
"Lista 11 — Contas a Receber / Faturamento";"6d7339a2-8ef7-4f2f-bae7-83e7df0c5084";"/sites/Equipe.Obras/Lists/Lista 11  Contas a Receber  Faturamento";"Valor Líquido a Receber Calculado";"Valor_x0020_L_x00ed_quido_x0020_";"Calculated";"False";"False";"True";"";""
"Lista 11 — Contas a Receber / Faturamento";"6d7339a2-8ef7-4f2f-bae7-83e7df0c5084";"/sites/Equipe.Obras/Lists/Lista 11  Contas a Receber  Faturamento";"ID";"ID";"Counter";"False";"False";"True";"";""
"Lista 11 — Contas a Receber / Faturamento";"6d7339a2-8ef7-4f2f-bae7-83e7df0c5084";"/sites/Equipe.Obras/Lists/Lista 11  Contas a Receber  Faturamento";"Tipo de Conteúdo";"ContentType";"Computed";"False";"False";"False";"";""
"Lista 11 — Contas a Receber / Faturamento";"6d7339a2-8ef7-4f2f-bae7-83e7df0c5084";"/sites/Equipe.Obras/Lists/Lista 11  Contas a Receber  Faturamento";"Modificado";"Modified";"DateTime";"False";"False";"True";"";""
"Lista 11 — Contas a Receber / Faturamento";"6d7339a2-8ef7-4f2f-bae7-83e7df0c5084";"/sites/Equipe.Obras/Lists/Lista 11  Contas a Receber  Faturamento";"Criado";"Created";"DateTime";"False";"False";"True";"";""
"Lista 11 — Contas a Receber / Faturamento";"6d7339a2-8ef7-4f2f-bae7-83e7df0c5084";"/sites/Equipe.Obras/Lists/Lista 11  Contas a Receber  Faturamento";"Criado por";"Author";"User";"False";"False";"True";"{ebc81507-41be-46f3-9eac-dafe1234a71d}";""
"Lista 11 — Contas a Receber / Faturamento";"6d7339a2-8ef7-4f2f-bae7-83e7df0c5084";"/sites/Equipe.Obras/Lists/Lista 11  Contas a Receber  Faturamento";"Modificado por";"Editor";"User";"False";"False";"True";"{ebc81507-41be-46f3-9eac-dafe1234a71d}";""
"Lista 11 — Contas a Receber / Faturamento";"6d7339a2-8ef7-4f2f-bae7-83e7df0c5084";"/sites/Equipe.Obras/Lists/Lista 11  Contas a Receber  Faturamento";"Tem Destinos de Cópia";"_HasCopyDestinations";"Boolean";"False";"True";"True";"";""
"Lista 11 — Contas a Receber / Faturamento";"6d7339a2-8ef7-4f2f-bae7-83e7df0c5084";"/sites/Equipe.Obras/Lists/Lista 11  Contas a Receber  Faturamento";"Origem da Cópia";"_CopySource";"Text";"False";"True";"True";"";""
"Lista 11 — Contas a Receber / Faturamento";"6d7339a2-8ef7-4f2f-bae7-83e7df0c5084";"/sites/Equipe.Obras/Lists/Lista 11  Contas a Receber  Faturamento";"owshiddenversion";"owshiddenversion";"Integer";"False";"True";"True";"";""
"Lista 11 — Contas a Receber / Faturamento";"6d7339a2-8ef7-4f2f-bae7-83e7df0c5084";"/sites/Equipe.Obras/Lists/Lista 11  Contas a Receber  Faturamento";"Versão do Fluxo de Trabalho";"WorkflowVersion";"Integer";"False";"True";"True";"";""
"Lista 11 — Contas a Receber / Faturamento";"6d7339a2-8ef7-4f2f-bae7-83e7df0c5084";"/sites/Equipe.Obras/Lists/Lista 11  Contas a Receber  Faturamento";"Versão da UI";"_UIVersion";"Integer";"False";"True";"True";"";""
"Lista 11 — Contas a Receber / Faturamento";"6d7339a2-8ef7-4f2f-bae7-83e7df0c5084";"/sites/Equipe.Obras/Lists/Lista 11  Contas a Receber  Faturamento";"Versão";"_UIVersionString";"Text";"False";"False";"True";"";""
"Lista 11 — Contas a Receber / Faturamento";"6d7339a2-8ef7-4f2f-bae7-83e7df0c5084";"/sites/Equipe.Obras/Lists/Lista 11  Contas a Receber  Faturamento";"Anexos";"Attachments";"Attachments";"False";"False";"False";"";""
"Lista 11 — Contas a Receber / Faturamento";"6d7339a2-8ef7-4f2f-bae7-83e7df0c5084";"/sites/Equipe.Obras/Lists/Lista 11  Contas a Receber  Faturamento";"Status de Aprovação";"_ModerationStatus";"ModStat";"False";"True";"True";"";""
"Lista 11 — Contas a Receber / Faturamento";"6d7339a2-8ef7-4f2f-bae7-83e7df0c5084";"/sites/Equipe.Obras/Lists/Lista 11  Contas a Receber  Faturamento";"Editar";"Edit";"Computed";"False";"False";"True";"";""
"Lista 11 — Contas a Receber / Faturamento";"6d7339a2-8ef7-4f2f-bae7-83e7df0c5084";"/sites/Equipe.Obras/Lists/Lista 11  Contas a Receber  Faturamento";"Título";"LinkTitleNoMenu";"Computed";"False";"False";"True";"";""
"Lista 11 — Contas a Receber / Faturamento";"6d7339a2-8ef7-4f2f-bae7-83e7df0c5084";"/sites/Equipe.Obras/Lists/Lista 11  Contas a Receber  Faturamento";"Título";"LinkTitle2";"Computed";"False";"True";"True";"";""
"Lista 11 — Contas a Receber / Faturamento";"6d7339a2-8ef7-4f2f-bae7-83e7df0c5084";"/sites/Equipe.Obras/Lists/Lista 11  Contas a Receber  Faturamento";"Selecionar";"SelectTitle";"Computed";"False";"True";"True";"";""
"Lista 11 — Contas a Receber / Faturamento";"6d7339a2-8ef7-4f2f-bae7-83e7df0c5084";"/sites/Equipe.Obras/Lists/Lista 11  Contas a Receber  Faturamento";"ID da Instância";"InstanceID";"Integer";"False";"True";"True";"";""
"Lista 11 — Contas a Receber / Faturamento";"6d7339a2-8ef7-4f2f-bae7-83e7df0c5084";"/sites/Equipe.Obras/Lists/Lista 11  Contas a Receber  Faturamento";"Ordem";"Order";"Number";"False";"True";"False";"";""
"Lista 11 — Contas a Receber / Faturamento";"6d7339a2-8ef7-4f2f-bae7-83e7df0c5084";"/sites/Equipe.Obras/Lists/Lista 11  Contas a Receber  Faturamento";"GUID";"GUID";"Guid";"False";"True";"True";"";""
"Lista 11 — Contas a Receber / Faturamento";"6d7339a2-8ef7-4f2f-bae7-83e7df0c5084";"/sites/Equipe.Obras/Lists/Lista 11  Contas a Receber  Faturamento";"ID da Instância do Fluxo de Trabalho";"WorkflowInstanceID";"Guid";"False";"True";"True";"";""
"Lista 11 — Contas a Receber / Faturamento";"6d7339a2-8ef7-4f2f-bae7-83e7df0c5084";"/sites/Equipe.Obras/Lists/Lista 11  Contas a Receber  Faturamento";"Caminho da URL";"FileRef";"Lookup";"False";"True";"True";"";"FullUrl"
"Lista 11 — Contas a Receber / Faturamento";"6d7339a2-8ef7-4f2f-bae7-83e7df0c5084";"/sites/Equipe.Obras/Lists/Lista 11  Contas a Receber  Faturamento";"Caminho";"FileDirRef";"Lookup";"False";"True";"True";"";"DirName"
"Lista 11 — Contas a Receber / Faturamento";"6d7339a2-8ef7-4f2f-bae7-83e7df0c5084";"/sites/Equipe.Obras/Lists/Lista 11  Contas a Receber  Faturamento";"Modificado";"Last_x0020_Modified";"Lookup";"False";"True";"True";"";"TimeLastModified"
"Lista 11 — Contas a Receber / Faturamento";"6d7339a2-8ef7-4f2f-bae7-83e7df0c5084";"/sites/Equipe.Obras/Lists/Lista 11  Contas a Receber  Faturamento";"Criado";"Created_x0020_Date";"Lookup";"False";"True";"True";"";"TimeCreated"
"Lista 11 — Contas a Receber / Faturamento";"6d7339a2-8ef7-4f2f-bae7-83e7df0c5084";"/sites/Equipe.Obras/Lists/Lista 11  Contas a Receber  Faturamento";"Tipo de Item";"FSObjType";"Lookup";"False";"True";"True";"";"FSType"
"Lista 11 — Contas a Receber / Faturamento";"6d7339a2-8ef7-4f2f-bae7-83e7df0c5084";"/sites/Equipe.Obras/Lists/Lista 11  Contas a Receber  Faturamento";"Tipo de Classificação";"SortBehavior";"Lookup";"False";"True";"True";"";"SortBehavior"
"Lista 11 — Contas a Receber / Faturamento";"6d7339a2-8ef7-4f2f-bae7-83e7df0c5084";"/sites/Equipe.Obras/Lists/Lista 11  Contas a Receber  Faturamento";"Máscara de Permissões Efetivas";"PermMask";"Computed";"False";"True";"True";"";""
"Lista 11 — Contas a Receber / Faturamento";"6d7339a2-8ef7-4f2f-bae7-83e7df0c5084";"/sites/Equipe.Obras/Lists/Lista 11  Contas a Receber  Faturamento";"Contagem de principais";"PrincipalCount";"Computed";"False";"True";"True";"";""
"Lista 11 — Contas a Receber / Faturamento";"6d7339a2-8ef7-4f2f-bae7-83e7df0c5084";"/sites/Equipe.Obras/Lists/Lista 11  Contas a Receber  Faturamento";"Nome";"FileLeafRef";"File";"False";"True";"False";"";""
"Lista 11 — Contas a Receber / Faturamento";"6d7339a2-8ef7-4f2f-bae7-83e7df0c5084";"/sites/Equipe.Obras/Lists/Lista 11  Contas a Receber  Faturamento";"Id Exclusiva";"UniqueId";"Lookup";"False";"True";"True";"";"UniqueId"
"Lista 11 — Contas a Receber / Faturamento";"6d7339a2-8ef7-4f2f-bae7-83e7df0c5084";"/sites/Equipe.Obras/Lists/Lista 11  Contas a Receber  Faturamento";"Identificador Pai do Documento";"ParentUniqueId";"Lookup";"False";"True";"True";"";"ParentUniqueId"
"Lista 11 — Contas a Receber / Faturamento";"6d7339a2-8ef7-4f2f-bae7-83e7df0c5084";"/sites/Equipe.Obras/Lists/Lista 11  Contas a Receber  Faturamento";"ID de Cliente";"SyncClientId";"Lookup";"False";"True";"True";"";"SyncClientId"
"Lista 11 — Contas a Receber / Faturamento";"6d7339a2-8ef7-4f2f-bae7-83e7df0c5084";"/sites/Equipe.Obras/Lists/Lista 11  Contas a Receber  Faturamento";"ProgId";"ProgId";"Lookup";"False";"True";"True";"";"ProgId"
"Lista 11 — Contas a Receber / Faturamento";"6d7339a2-8ef7-4f2f-bae7-83e7df0c5084";"/sites/Equipe.Obras/Lists/Lista 11  Contas a Receber  Faturamento";"ScopeId";"ScopeId";"Lookup";"False";"True";"True";"";"ScopeId"
"Lista 11 — Contas a Receber / Faturamento";"6d7339a2-8ef7-4f2f-bae7-83e7df0c5084";"/sites/Equipe.Obras/Lists/Lista 11  Contas a Receber  Faturamento";"Tipo de Arquivo HTML";"HTML_x0020_File_x0020_Type";"Computed";"False";"True";"True";"";""
"Lista 11 — Contas a Receber / Faturamento";"6d7339a2-8ef7-4f2f-bae7-83e7df0c5084";"/sites/Equipe.Obras/Lists/Lista 11  Contas a Receber  Faturamento";"Início da Tabela do Menu de Edição";"_EditMenuTableStart";"Computed";"False";"True";"True";"";""
"Lista 11 — Contas a Receber / Faturamento";"6d7339a2-8ef7-4f2f-bae7-83e7df0c5084";"/sites/Equipe.Obras/Lists/Lista 11  Contas a Receber  Faturamento";"Início da Tabela do Menu de Edição";"_EditMenuTableStart2";"Computed";"False";"True";"True";"";""
"Lista 11 — Contas a Receber / Faturamento";"6d7339a2-8ef7-4f2f-bae7-83e7df0c5084";"/sites/Equipe.Obras/Lists/Lista 11  Contas a Receber  Faturamento";"Fim da Tabela do Menu de Edição";"_EditMenuTableEnd";"Computed";"False";"True";"True";"";""
"Lista 11 — Contas a Receber / Faturamento";"6d7339a2-8ef7-4f2f-bae7-83e7df0c5084";"/sites/Equipe.Obras/Lists/Lista 11  Contas a Receber  Faturamento";"Nome";"LinkFilenameNoMenu";"Computed";"False";"True";"True";"";""
"Lista 11 — Contas a Receber / Faturamento";"6d7339a2-8ef7-4f2f-bae7-83e7df0c5084";"/sites/Equipe.Obras/Lists/Lista 11  Contas a Receber  Faturamento";"Nome";"LinkFilename";"Computed";"False";"True";"True";"";""
"Lista 11 — Contas a Receber / Faturamento";"6d7339a2-8ef7-4f2f-bae7-83e7df0c5084";"/sites/Equipe.Obras/Lists/Lista 11  Contas a Receber  Faturamento";"Nome";"LinkFilename2";"Computed";"False";"True";"True";"";""
"Lista 11 — Contas a Receber / Faturamento";"6d7339a2-8ef7-4f2f-bae7-83e7df0c5084";"/sites/Equipe.Obras/Lists/Lista 11  Contas a Receber  Faturamento";"Tipo";"DocIcon";"Computed";"False";"False";"True";"";""
"Lista 11 — Contas a Receber / Faturamento";"6d7339a2-8ef7-4f2f-bae7-83e7df0c5084";"/sites/Equipe.Obras/Lists/Lista 11  Contas a Receber  Faturamento";"URL Relativa do Servidor";"ServerUrl";"Computed";"False";"True";"True";"";""
"Lista 11 — Contas a Receber / Faturamento";"6d7339a2-8ef7-4f2f-bae7-83e7df0c5084";"/sites/Equipe.Obras/Lists/Lista 11  Contas a Receber  Faturamento";"URL Absoluta Codificada";"EncodedAbsUrl";"Computed";"False";"True";"True";"";""
"Lista 11 — Contas a Receber / Faturamento";"6d7339a2-8ef7-4f2f-bae7-83e7df0c5084";"/sites/Equipe.Obras/Lists/Lista 11  Contas a Receber  Faturamento";"Nome do Arquivo";"BaseName";"Computed";"False";"True";"True";"";""
"Lista 11 — Contas a Receber / Faturamento";"6d7339a2-8ef7-4f2f-bae7-83e7df0c5084";"/sites/Equipe.Obras/Lists/Lista 11  Contas a Receber  Faturamento";"Conjunto de Propriedades";"MetaInfo";"Lookup";"False";"True";"False";"";"MetaInfo"
"Lista 11 — Contas a Receber / Faturamento";"6d7339a2-8ef7-4f2f-bae7-83e7df0c5084";"/sites/Equipe.Obras/Lists/Lista 11  Contas a Receber  Faturamento";"Nível";"_Level";"Integer";"False";"True";"True";"";""
"Lista 11 — Contas a Receber / Faturamento";"6d7339a2-8ef7-4f2f-bae7-83e7df0c5084";"/sites/Equipe.Obras/Lists/Lista 11  Contas a Receber  Faturamento";"É a Versão Atual";"_IsCurrentVersion";"Boolean";"False";"True";"True";"";""
"Lista 11 — Contas a Receber / Faturamento";"6d7339a2-8ef7-4f2f-bae7-83e7df0c5084";"/sites/Equipe.Obras/Lists/Lista 11  Contas a Receber  Faturamento";"Contagem de Itens Filhos";"ItemChildCount";"Lookup";"False";"False";"True";"";"ItemChildCount"
"Lista 11 — Contas a Receber / Faturamento";"6d7339a2-8ef7-4f2f-bae7-83e7df0c5084";"/sites/Equipe.Obras/Lists/Lista 11  Contas a Receber  Faturamento";"Contagem de Elementos Filho da Pasta";"FolderChildCount";"Lookup";"False";"False";"True";"";"FolderChildCount"
"Lista 11 — Contas a Receber / Faturamento";"6d7339a2-8ef7-4f2f-bae7-83e7df0c5084";"/sites/Equipe.Obras/Lists/Lista 11  Contas a Receber  Faturamento";"Restrito";"Restricted";"Lookup";"False";"True";"True";"";"Restricted"
"Lista 11 — Contas a Receber / Faturamento";"6d7339a2-8ef7-4f2f-bae7-83e7df0c5084";"/sites/Equipe.Obras/Lists/Lista 11  Contas a Receber  Faturamento";"ID do Originador";"OriginatorId";"Lookup";"False";"True";"True";"";"OriginatorId"
"Lista 11 — Contas a Receber / Faturamento";"6d7339a2-8ef7-4f2f-bae7-83e7df0c5084";"/sites/Equipe.Obras/Lists/Lista 11  Contas a Receber  Faturamento";"NãoExecutar";"NoExecute";"Lookup";"False";"True";"True";"";"DocFlags"
"Lista 11 — Contas a Receber / Faturamento";"6d7339a2-8ef7-4f2f-bae7-83e7df0c5084";"/sites/Equipe.Obras/Lists/Lista 11  Contas a Receber  Faturamento";"Versão do Conteúdo";"ContentVersion";"Lookup";"False";"True";"True";"";"ContentVersion"
"Lista 11 — Contas a Receber / Faturamento";"6d7339a2-8ef7-4f2f-bae7-83e7df0c5084";"/sites/Equipe.Obras/Lists/Lista 11  Contas a Receber  Faturamento";"Configuração do rótulo";"_ComplianceFlags";"Lookup";"False";"False";"True";"";"ComplianceFlags"
"Lista 11 — Contas a Receber / Faturamento";"6d7339a2-8ef7-4f2f-bae7-83e7df0c5084";"/sites/Equipe.Obras/Lists/Lista 11  Contas a Receber  Faturamento";"Rótulo de retenção";"_ComplianceTag";"Lookup";"False";"False";"True";"";"ComplianceTag"
"Lista 11 — Contas a Receber / Faturamento";"6d7339a2-8ef7-4f2f-bae7-83e7df0c5084";"/sites/Equipe.Obras/Lists/Lista 11  Contas a Receber  Faturamento";"Rótulo de retenção Aplicado";"_ComplianceTagWrittenTime";"Lookup";"False";"False";"True";"";"ComplianceTagWrittenTime"
"Lista 11 — Contas a Receber / Faturamento";"6d7339a2-8ef7-4f2f-bae7-83e7df0c5084";"/sites/Equipe.Obras/Lists/Lista 11  Contas a Receber  Faturamento";"Rótulo aplicado por";"_ComplianceTagUserId";"Lookup";"False";"False";"True";"";"ComplianceTagUserId"
"Lista 11 — Contas a Receber / Faturamento";"6d7339a2-8ef7-4f2f-bae7-83e7df0c5084";"/sites/Equipe.Obras/Lists/Lista 11  Contas a Receber  Faturamento";"O item é um Registro";"_IsRecord";"Computed";"False";"False";"True";"";""
"Lista 11 — Contas a Receber / Faturamento";"6d7339a2-8ef7-4f2f-bae7-83e7df0c5084";"/sites/Equipe.Obras/Lists/Lista 11  Contas a Receber  Faturamento";"Política de Acesso";"AccessPolicy";"Lookup";"False";"True";"True";"";"AccessPolicy"
"Lista 11 — Contas a Receber / Faturamento";"6d7339a2-8ef7-4f2f-bae7-83e7df0c5084";"/sites/Equipe.Obras/Lists/Lista 11  Contas a Receber  Faturamento";"VirusStatus";"_VirusStatus";"Lookup";"False";"True";"True";"";"VirusStatus"
"Lista 11 — Contas a Receber / Faturamento";"6d7339a2-8ef7-4f2f-bae7-83e7df0c5084";"/sites/Equipe.Obras/Lists/Lista 11  Contas a Receber  Faturamento";"VirusVendorID";"_VirusVendorID";"Lookup";"False";"True";"True";"";"VirusVendorID"
"Lista 11 — Contas a Receber / Faturamento";"6d7339a2-8ef7-4f2f-bae7-83e7df0c5084";"/sites/Equipe.Obras/Lists/Lista 11  Contas a Receber  Faturamento";"VirusInfo";"_VirusInfo";"Lookup";"False";"True";"True";"";"VirusInfo"
"Lista 11 — Contas a Receber / Faturamento";"6d7339a2-8ef7-4f2f-bae7-83e7df0c5084";"/sites/Equipe.Obras/Lists/Lista 11  Contas a Receber  Faturamento";"RansomwareAnomalyMetaInfo";"_RansomwareAnomalyMetaInfo";"Lookup";"False";"True";"True";"";"RansomwareAnomalyMetaInfo"
"Lista 11 — Contas a Receber / Faturamento";"6d7339a2-8ef7-4f2f-bae7-83e7df0c5084";"/sites/Equipe.Obras/Lists/Lista 11  Contas a Receber  Faturamento";"ID do Proprietário do Rascunho";"_DraftOwnerId";"Lookup";"False";"True";"True";"";"DraftOwnerId"
"Lista 11 — Contas a Receber / Faturamento";"6d7339a2-8ef7-4f2f-bae7-83e7df0c5084";"/sites/Equipe.Obras/Lists/Lista 11  Contas a Receber  Faturamento";"Configurações do Link principal";"MainLinkSettings";"Computed";"False";"True";"True";"";""
"Lista 11 — Contas a Receber / Faturamento";"6d7339a2-8ef7-4f2f-bae7-83e7df0c5084";"/sites/Equipe.Obras/Lists/Lista 11  Contas a Receber  Faturamento";"Aplicativo Criado por";"AppAuthor";"Lookup";"False";"False";"True";"AppPrincipals";"Title"
"Lista 11 — Contas a Receber / Faturamento";"6d7339a2-8ef7-4f2f-bae7-83e7df0c5084";"/sites/Equipe.Obras/Lists/Lista 11  Contas a Receber  Faturamento";"Aplicativo Modificado por";"AppEditor";"Lookup";"False";"False";"True";"AppPrincipals";"Title"
"Lista 11 — Contas a Receber / Faturamento";"6d7339a2-8ef7-4f2f-bae7-83e7df0c5084";"/sites/Equipe.Obras/Lists/Lista 11  Contas a Receber  Faturamento";"Tamanho Total";"SMTotalSize";"Lookup";"False";"True";"True";"";"SMTotalSize"
"Lista 11 — Contas a Receber / Faturamento";"6d7339a2-8ef7-4f2f-bae7-83e7df0c5084";"/sites/Equipe.Obras/Lists/Lista 11  Contas a Receber  Faturamento";"Data da Última Modificação";"SMLastModifiedDate";"Lookup";"False";"True";"True";"";"SMLastModifiedDate"
"Lista 11 — Contas a Receber / Faturamento";"6d7339a2-8ef7-4f2f-bae7-83e7df0c5084";"/sites/Equipe.Obras/Lists/Lista 11  Contas a Receber  Faturamento";"Tamanho Total do Fluxo de Arquivos";"SMTotalFileStreamSize";"Lookup";"False";"True";"True";"";"SMTotalFileStreamSize"
"Lista 11 — Contas a Receber / Faturamento";"6d7339a2-8ef7-4f2f-bae7-83e7df0c5084";"/sites/Equipe.Obras/Lists/Lista 11  Contas a Receber  Faturamento";"Contagem Total de Arquivos";"SMTotalFileCount";"Lookup";"False";"True";"True";"";"SMTotalFileCount"
"Lista 11 — Contas a Receber / Faturamento";"6d7339a2-8ef7-4f2f-bae7-83e7df0c5084";"/sites/Equipe.Obras/Lists/Lista 11  Contas a Receber  Faturamento";"Configurações de comentários";"_CommentFlags";"Lookup";"False";"True";"True";"";"CommentFlags"
"Lista 11 — Contas a Receber / Faturamento";"6d7339a2-8ef7-4f2f-bae7-83e7df0c5084";"/sites/Equipe.Obras/Lists/Lista 11  Contas a Receber  Faturamento";"Contagem de comentário";"_CommentCount";"Lookup";"False";"True";"True";"";"CommentCount"
"Lista 12 — Mão de Obra / Alocação de Equipe";"5b9635fc-bfcb-4123-bb34-a9a47e13b53f";"/sites/Equipe.Obras/Lists/Lista 12  Mo de Obra  Alocao de Equipe";"ID do Tipo de Conteúdo";"ContentTypeId";"ContentTypeId";"False";"True";"True";"";""
"Lista 12 — Mão de Obra / Alocação de Equipe";"5b9635fc-bfcb-4123-bb34-a9a47e13b53f";"/sites/Equipe.Obras/Lists/Lista 12  Mo de Obra  Alocao de Equipe";"Título";"Title";"Text";"False";"False";"False";"";""
"Lista 12 — Mão de Obra / Alocação de Equipe";"5b9635fc-bfcb-4123-bb34-a9a47e13b53f";"/sites/Equipe.Obras/Lists/Lista 12  Mo de Obra  Alocao de Equipe";"Comentários do Aprovador";"_ModerationComments";"Note";"False";"True";"True";"";""
"Lista 12 — Mão de Obra / Alocação de Equipe";"5b9635fc-bfcb-4123-bb34-a9a47e13b53f";"/sites/Equipe.Obras/Lists/Lista 12  Mo de Obra  Alocao de Equipe";"Nome do Colaborador / Prestador";"LinkTitle";"Computed";"False";"False";"True";"";""
"Lista 12 — Mão de Obra / Alocação de Equipe";"5b9635fc-bfcb-4123-bb34-a9a47e13b53f";"/sites/Equipe.Obras/Lists/Lista 12  Mo de Obra  Alocao de Equipe";"Tipo de Arquivo";"File_x0020_Type";"Text";"False";"True";"True";"";""
"Lista 12 — Mão de Obra / Alocação de Equipe";"5b9635fc-bfcb-4123-bb34-a9a47e13b53f";"/sites/Equipe.Obras/Lists/Lista 12  Mo de Obra  Alocao de Equipe";"Cor";"_ColorHex";"Text";"False";"True";"True";"";""
"Lista 12 — Mão de Obra / Alocação de Equipe";"5b9635fc-bfcb-4123-bb34-a9a47e13b53f";"/sites/Equipe.Obras/Lists/Lista 12  Mo de Obra  Alocao de Equipe";"Pressione Delete para excluir o ícone.";"_ColorTag";"Text";"False";"False";"True";"";""
"Lista 12 — Mão de Obra / Alocação de Equipe";"5b9635fc-bfcb-4123-bb34-a9a47e13b53f";"/sites/Equipe.Obras/Lists/Lista 12  Mo de Obra  Alocao de Equipe";"Emoji";"_Emoji";"Text";"False";"True";"True";"";""
"Lista 12 — Mão de Obra / Alocação de Equipe";"5b9635fc-bfcb-4123-bb34-a9a47e13b53f";"/sites/Equipe.Obras/Lists/Lista 12  Mo de Obra  Alocao de Equipe";"ID de Ativo de Conformidade";"ComplianceAssetId";"Text";"False";"False";"True";"";""
"Lista 12 — Mão de Obra / Alocação de Equipe";"5b9635fc-bfcb-4123-bb34-a9a47e13b53f";"/sites/Equipe.Obras/Lists/Lista 12  Mo de Obra  Alocao de Equipe";"CPF / CNPJ";"CPF_x002f_CNPJ";"Text";"False";"False";"False";"";""
"Lista 12 — Mão de Obra / Alocação de Equipe";"5b9635fc-bfcb-4123-bb34-a9a47e13b53f";"/sites/Equipe.Obras/Lists/Lista 12  Mo de Obra  Alocao de Equipe";"Tipo de Vínculo";"TipodeV_x00ed_nculo";"Choice";"False";"False";"False";"";""
"Lista 12 — Mão de Obra / Alocação de Equipe";"5b9635fc-bfcb-4123-bb34-a9a47e13b53f";"/sites/Equipe.Obras/Lists/Lista 12  Mo de Obra  Alocao de Equipe";"Função";"Fun_x00e7__x00e3_o";"Choice";"False";"False";"False";"";""
"Lista 12 — Mão de Obra / Alocação de Equipe";"5b9635fc-bfcb-4123-bb34-a9a47e13b53f";"/sites/Equipe.Obras/Lists/Lista 12  Mo de Obra  Alocao de Equipe";"Obra";"Obra";"Lookup";"True";"False";"False";"a9afadc1-f843-45c0-a628-4f49a8716832";"NomedaObra"
"Lista 12 — Mão de Obra / Alocação de Equipe";"5b9635fc-bfcb-4123-bb34-a9a47e13b53f";"/sites/Equipe.Obras/Lists/Lista 12  Mo de Obra  Alocao de Equipe";"Código da Obra";"C_x00f3_digodaObra";"Lookup";"False";"False";"False";"a9afadc1-f843-45c0-a628-4f49a8716832";"Title"
"Lista 12 — Mão de Obra / Alocação de Equipe";"5b9635fc-bfcb-4123-bb34-a9a47e13b53f";"/sites/Equipe.Obras/Lists/Lista 12  Mo de Obra  Alocao de Equipe";"Centro de Custo";"CentrodeCusto";"Text";"False";"False";"False";"";""
"Lista 12 — Mão de Obra / Alocação de Equipe";"5b9635fc-bfcb-4123-bb34-a9a47e13b53f";"/sites/Equipe.Obras/Lists/Lista 12  Mo de Obra  Alocao de Equipe";"Responsável pela Obra";"Respons_x00e1_velpelaObra";"User";"False";"False";"False";"{ebc81507-41be-46f3-9eac-dafe1234a71d}";""
"Lista 12 — Mão de Obra / Alocação de Equipe";"5b9635fc-bfcb-4123-bb34-a9a47e13b53f";"/sites/Equipe.Obras/Lists/Lista 12  Mo de Obra  Alocao de Equipe";"Data de Início na Obra";"DatadeIn_x00ed_cionaObra";"DateTime";"False";"False";"False";"";""
"Lista 12 — Mão de Obra / Alocação de Equipe";"5b9635fc-bfcb-4123-bb34-a9a47e13b53f";"/sites/Equipe.Obras/Lists/Lista 12  Mo de Obra  Alocao de Equipe";"Data Prevista de Saída";"DataPrevistadeSa_x00ed_da";"DateTime";"False";"False";"False";"";""
"Lista 12 — Mão de Obra / Alocação de Equipe";"5b9635fc-bfcb-4123-bb34-a9a47e13b53f";"/sites/Equipe.Obras/Lists/Lista 12  Mo de Obra  Alocao de Equipe";"Data Real de Saída";"DataRealdeSa_x00ed_da";"DateTime";"False";"False";"False";"";""
"Lista 12 — Mão de Obra / Alocação de Equipe";"5b9635fc-bfcb-4123-bb34-a9a47e13b53f";"/sites/Equipe.Obras/Lists/Lista 12  Mo de Obra  Alocao de Equipe";"Custo Diário Estimado";"CustoDi_x00e1_rioEstimado";"Currency";"False";"False";"False";"";""
"Lista 12 — Mão de Obra / Alocação de Equipe";"5b9635fc-bfcb-4123-bb34-a9a47e13b53f";"/sites/Equipe.Obras/Lists/Lista 12  Mo de Obra  Alocao de Equipe";"Custo Mensal / Valor Contratado";"CustoMensal_x002f_ValorContratad";"Currency";"False";"False";"False";"";""
"Lista 12 — Mão de Obra / Alocação de Equipe";"5b9635fc-bfcb-4123-bb34-a9a47e13b53f";"/sites/Equipe.Obras/Lists/Lista 12  Mo de Obra  Alocao de Equipe";"Regime de Pagamento";"RegimedePagamento";"Choice";"False";"False";"False";"";""
"Lista 12 — Mão de Obra / Alocação de Equipe";"5b9635fc-bfcb-4123-bb34-a9a47e13b53f";"/sites/Equipe.Obras/Lists/Lista 12  Mo de Obra  Alocao de Equipe";"Carga Horária / Jornada";"CargaHor_x00e1_ria_x002f_Jornada";"Text";"False";"False";"False";"";""
"Lista 12 — Mão de Obra / Alocação de Equipe";"5b9635fc-bfcb-4123-bb34-a9a47e13b53f";"/sites/Equipe.Obras/Lists/Lista 12  Mo de Obra  Alocao de Equipe";"Status da Alocação";"StatusdaAloca_x00e7__x00e3_o";"Choice";"False";"False";"False";"";""
"Lista 12 — Mão de Obra / Alocação de Equipe";"5b9635fc-bfcb-4123-bb34-a9a47e13b53f";"/sites/Equipe.Obras/Lists/Lista 12  Mo de Obra  Alocao de Equipe";"Documentação OK?";"Documenta_x00e7__x00e3_oOK_x003f";"Choice";"False";"False";"False";"";""
"Lista 12 — Mão de Obra / Alocação de Equipe";"5b9635fc-bfcb-4123-bb34-a9a47e13b53f";"/sites/Equipe.Obras/Lists/Lista 12  Mo de Obra  Alocao de Equipe";"Integração no Cliente OK?";"Integra_x00e7__x00e3_onoClienteO";"Choice";"False";"False";"False";"";""
"Lista 12 — Mão de Obra / Alocação de Equipe";"5b9635fc-bfcb-4123-bb34-a9a47e13b53f";"/sites/Equipe.Obras/Lists/Lista 12  Mo de Obra  Alocao de Equipe";"ASO Válido?";"ASOV_x00e1_lido_x003f_";"Choice";"False";"False";"False";"";""
"Lista 12 — Mão de Obra / Alocação de Equipe";"5b9635fc-bfcb-4123-bb34-a9a47e13b53f";"/sites/Equipe.Obras/Lists/Lista 12  Mo de Obra  Alocao de Equipe";"EPI Entregue?";"EPIEntregue_x003f_";"Choice";"False";"False";"False";"";""
"Lista 12 — Mão de Obra / Alocação de Equipe";"5b9635fc-bfcb-4123-bb34-a9a47e13b53f";"/sites/Equipe.Obras/Lists/Lista 12  Mo de Obra  Alocao de Equipe";"Prazo da Próxima Ação";"PrazodaPr_x00f3_ximaA_x00e7__x00";"DateTime";"False";"False";"False";"";""
"Lista 12 — Mão de Obra / Alocação de Equipe";"5b9635fc-bfcb-4123-bb34-a9a47e13b53f";"/sites/Equipe.Obras/Lists/Lista 12  Mo de Obra  Alocao de Equipe";"Responsável pelo Cadastro";"Respons_x00e1_velpeloCadastro";"User";"False";"False";"False";"{ebc81507-41be-46f3-9eac-dafe1234a71d}";""
"Lista 12 — Mão de Obra / Alocação de Equipe";"5b9635fc-bfcb-4123-bb34-a9a47e13b53f";"/sites/Equipe.Obras/Lists/Lista 12  Mo de Obra  Alocao de Equipe";"Link dos Documentos";"LinkdosDocumentos";"URL";"False";"False";"False";"";""
"Lista 12 — Mão de Obra / Alocação de Equipe";"5b9635fc-bfcb-4123-bb34-a9a47e13b53f";"/sites/Equipe.Obras/Lists/Lista 12  Mo de Obra  Alocao de Equipe";"Observações";"Observa_x00e7__x00f5_es";"Note";"False";"False";"False";"";""
"Lista 12 — Mão de Obra / Alocação de Equipe";"5b9635fc-bfcb-4123-bb34-a9a47e13b53f";"/sites/Equipe.Obras/Lists/Lista 12  Mo de Obra  Alocao de Equipe";"Created Via";"_FormSourceId_0";"Text";"False";"False";"True";"";""
"Lista 12 — Mão de Obra / Alocação de Equipe";"5b9635fc-bfcb-4123-bb34-a9a47e13b53f";"/sites/Equipe.Obras/Lists/Lista 12  Mo de Obra  Alocao de Equipe";"Obra: Título";"Obra_x003a__x0020_T_x00ed_tulo";"Lookup";"True";"False";"True";"a9afadc1-f843-45c0-a628-4f49a8716832";"Title"
"Lista 12 — Mão de Obra / Alocação de Equipe";"5b9635fc-bfcb-4123-bb34-a9a47e13b53f";"/sites/Equipe.Obras/Lists/Lista 12  Mo de Obra  Alocao de Equipe";"Obra: Nome da Obra";"Obra_x003a__x0020_Nome_x0020_da_";"Lookup";"True";"False";"True";"a9afadc1-f843-45c0-a628-4f49a8716832";"NomedaObra"
"Lista 12 — Mão de Obra / Alocação de Equipe";"5b9635fc-bfcb-4123-bb34-a9a47e13b53f";"/sites/Equipe.Obras/Lists/Lista 12  Mo de Obra  Alocao de Equipe";"Custo Diário Estimado Calculado";"Custo_x0020_Di_x00e1_rio_x0020_E";"Calculated";"False";"False";"True";"";""
"Lista 12 — Mão de Obra / Alocação de Equipe";"5b9635fc-bfcb-4123-bb34-a9a47e13b53f";"/sites/Equipe.Obras/Lists/Lista 12  Mo de Obra  Alocao de Equipe";"ID";"ID";"Counter";"False";"False";"True";"";""
"Lista 12 — Mão de Obra / Alocação de Equipe";"5b9635fc-bfcb-4123-bb34-a9a47e13b53f";"/sites/Equipe.Obras/Lists/Lista 12  Mo de Obra  Alocao de Equipe";"Tipo de Conteúdo";"ContentType";"Computed";"False";"False";"False";"";""
"Lista 12 — Mão de Obra / Alocação de Equipe";"5b9635fc-bfcb-4123-bb34-a9a47e13b53f";"/sites/Equipe.Obras/Lists/Lista 12  Mo de Obra  Alocao de Equipe";"Modificado";"Modified";"DateTime";"False";"False";"True";"";""
"Lista 12 — Mão de Obra / Alocação de Equipe";"5b9635fc-bfcb-4123-bb34-a9a47e13b53f";"/sites/Equipe.Obras/Lists/Lista 12  Mo de Obra  Alocao de Equipe";"Criado";"Created";"DateTime";"False";"False";"True";"";""
"Lista 12 — Mão de Obra / Alocação de Equipe";"5b9635fc-bfcb-4123-bb34-a9a47e13b53f";"/sites/Equipe.Obras/Lists/Lista 12  Mo de Obra  Alocao de Equipe";"Criado por";"Author";"User";"False";"False";"True";"{ebc81507-41be-46f3-9eac-dafe1234a71d}";""
"Lista 12 — Mão de Obra / Alocação de Equipe";"5b9635fc-bfcb-4123-bb34-a9a47e13b53f";"/sites/Equipe.Obras/Lists/Lista 12  Mo de Obra  Alocao de Equipe";"Modificado por";"Editor";"User";"False";"False";"True";"{ebc81507-41be-46f3-9eac-dafe1234a71d}";""
"Lista 12 — Mão de Obra / Alocação de Equipe";"5b9635fc-bfcb-4123-bb34-a9a47e13b53f";"/sites/Equipe.Obras/Lists/Lista 12  Mo de Obra  Alocao de Equipe";"Tem Destinos de Cópia";"_HasCopyDestinations";"Boolean";"False";"True";"True";"";""
"Lista 12 — Mão de Obra / Alocação de Equipe";"5b9635fc-bfcb-4123-bb34-a9a47e13b53f";"/sites/Equipe.Obras/Lists/Lista 12  Mo de Obra  Alocao de Equipe";"Origem da Cópia";"_CopySource";"Text";"False";"True";"True";"";""
"Lista 12 — Mão de Obra / Alocação de Equipe";"5b9635fc-bfcb-4123-bb34-a9a47e13b53f";"/sites/Equipe.Obras/Lists/Lista 12  Mo de Obra  Alocao de Equipe";"owshiddenversion";"owshiddenversion";"Integer";"False";"True";"True";"";""
"Lista 12 — Mão de Obra / Alocação de Equipe";"5b9635fc-bfcb-4123-bb34-a9a47e13b53f";"/sites/Equipe.Obras/Lists/Lista 12  Mo de Obra  Alocao de Equipe";"Versão do Fluxo de Trabalho";"WorkflowVersion";"Integer";"False";"True";"True";"";""
"Lista 12 — Mão de Obra / Alocação de Equipe";"5b9635fc-bfcb-4123-bb34-a9a47e13b53f";"/sites/Equipe.Obras/Lists/Lista 12  Mo de Obra  Alocao de Equipe";"Versão da UI";"_UIVersion";"Integer";"False";"True";"True";"";""
"Lista 12 — Mão de Obra / Alocação de Equipe";"5b9635fc-bfcb-4123-bb34-a9a47e13b53f";"/sites/Equipe.Obras/Lists/Lista 12  Mo de Obra  Alocao de Equipe";"Versão";"_UIVersionString";"Text";"False";"False";"True";"";""
"Lista 12 — Mão de Obra / Alocação de Equipe";"5b9635fc-bfcb-4123-bb34-a9a47e13b53f";"/sites/Equipe.Obras/Lists/Lista 12  Mo de Obra  Alocao de Equipe";"Anexos";"Attachments";"Attachments";"False";"False";"False";"";""
"Lista 12 — Mão de Obra / Alocação de Equipe";"5b9635fc-bfcb-4123-bb34-a9a47e13b53f";"/sites/Equipe.Obras/Lists/Lista 12  Mo de Obra  Alocao de Equipe";"Status de Aprovação";"_ModerationStatus";"ModStat";"False";"True";"True";"";""
"Lista 12 — Mão de Obra / Alocação de Equipe";"5b9635fc-bfcb-4123-bb34-a9a47e13b53f";"/sites/Equipe.Obras/Lists/Lista 12  Mo de Obra  Alocao de Equipe";"Editar";"Edit";"Computed";"False";"False";"True";"";""
"Lista 12 — Mão de Obra / Alocação de Equipe";"5b9635fc-bfcb-4123-bb34-a9a47e13b53f";"/sites/Equipe.Obras/Lists/Lista 12  Mo de Obra  Alocao de Equipe";"Título";"LinkTitleNoMenu";"Computed";"False";"False";"True";"";""
"Lista 12 — Mão de Obra / Alocação de Equipe";"5b9635fc-bfcb-4123-bb34-a9a47e13b53f";"/sites/Equipe.Obras/Lists/Lista 12  Mo de Obra  Alocao de Equipe";"Título";"LinkTitle2";"Computed";"False";"True";"True";"";""
"Lista 12 — Mão de Obra / Alocação de Equipe";"5b9635fc-bfcb-4123-bb34-a9a47e13b53f";"/sites/Equipe.Obras/Lists/Lista 12  Mo de Obra  Alocao de Equipe";"Selecionar";"SelectTitle";"Computed";"False";"True";"True";"";""
"Lista 12 — Mão de Obra / Alocação de Equipe";"5b9635fc-bfcb-4123-bb34-a9a47e13b53f";"/sites/Equipe.Obras/Lists/Lista 12  Mo de Obra  Alocao de Equipe";"ID da Instância";"InstanceID";"Integer";"False";"True";"True";"";""
"Lista 12 — Mão de Obra / Alocação de Equipe";"5b9635fc-bfcb-4123-bb34-a9a47e13b53f";"/sites/Equipe.Obras/Lists/Lista 12  Mo de Obra  Alocao de Equipe";"Ordem";"Order";"Number";"False";"True";"False";"";""
"Lista 12 — Mão de Obra / Alocação de Equipe";"5b9635fc-bfcb-4123-bb34-a9a47e13b53f";"/sites/Equipe.Obras/Lists/Lista 12  Mo de Obra  Alocao de Equipe";"GUID";"GUID";"Guid";"False";"True";"True";"";""
"Lista 12 — Mão de Obra / Alocação de Equipe";"5b9635fc-bfcb-4123-bb34-a9a47e13b53f";"/sites/Equipe.Obras/Lists/Lista 12  Mo de Obra  Alocao de Equipe";"ID da Instância do Fluxo de Trabalho";"WorkflowInstanceID";"Guid";"False";"True";"True";"";""
"Lista 12 — Mão de Obra / Alocação de Equipe";"5b9635fc-bfcb-4123-bb34-a9a47e13b53f";"/sites/Equipe.Obras/Lists/Lista 12  Mo de Obra  Alocao de Equipe";"Caminho da URL";"FileRef";"Lookup";"False";"True";"True";"";"FullUrl"
"Lista 12 — Mão de Obra / Alocação de Equipe";"5b9635fc-bfcb-4123-bb34-a9a47e13b53f";"/sites/Equipe.Obras/Lists/Lista 12  Mo de Obra  Alocao de Equipe";"Caminho";"FileDirRef";"Lookup";"False";"True";"True";"";"DirName"
"Lista 12 — Mão de Obra / Alocação de Equipe";"5b9635fc-bfcb-4123-bb34-a9a47e13b53f";"/sites/Equipe.Obras/Lists/Lista 12  Mo de Obra  Alocao de Equipe";"Modificado";"Last_x0020_Modified";"Lookup";"False";"True";"True";"";"TimeLastModified"
"Lista 12 — Mão de Obra / Alocação de Equipe";"5b9635fc-bfcb-4123-bb34-a9a47e13b53f";"/sites/Equipe.Obras/Lists/Lista 12  Mo de Obra  Alocao de Equipe";"Criado";"Created_x0020_Date";"Lookup";"False";"True";"True";"";"TimeCreated"
"Lista 12 — Mão de Obra / Alocação de Equipe";"5b9635fc-bfcb-4123-bb34-a9a47e13b53f";"/sites/Equipe.Obras/Lists/Lista 12  Mo de Obra  Alocao de Equipe";"Tipo de Item";"FSObjType";"Lookup";"False";"True";"True";"";"FSType"
"Lista 12 — Mão de Obra / Alocação de Equipe";"5b9635fc-bfcb-4123-bb34-a9a47e13b53f";"/sites/Equipe.Obras/Lists/Lista 12  Mo de Obra  Alocao de Equipe";"Tipo de Classificação";"SortBehavior";"Lookup";"False";"True";"True";"";"SortBehavior"
"Lista 12 — Mão de Obra / Alocação de Equipe";"5b9635fc-bfcb-4123-bb34-a9a47e13b53f";"/sites/Equipe.Obras/Lists/Lista 12  Mo de Obra  Alocao de Equipe";"Máscara de Permissões Efetivas";"PermMask";"Computed";"False";"True";"True";"";""
"Lista 12 — Mão de Obra / Alocação de Equipe";"5b9635fc-bfcb-4123-bb34-a9a47e13b53f";"/sites/Equipe.Obras/Lists/Lista 12  Mo de Obra  Alocao de Equipe";"Contagem de principais";"PrincipalCount";"Computed";"False";"True";"True";"";""
"Lista 12 — Mão de Obra / Alocação de Equipe";"5b9635fc-bfcb-4123-bb34-a9a47e13b53f";"/sites/Equipe.Obras/Lists/Lista 12  Mo de Obra  Alocao de Equipe";"Nome";"FileLeafRef";"File";"False";"True";"False";"";""
"Lista 12 — Mão de Obra / Alocação de Equipe";"5b9635fc-bfcb-4123-bb34-a9a47e13b53f";"/sites/Equipe.Obras/Lists/Lista 12  Mo de Obra  Alocao de Equipe";"Id Exclusiva";"UniqueId";"Lookup";"False";"True";"True";"";"UniqueId"
"Lista 12 — Mão de Obra / Alocação de Equipe";"5b9635fc-bfcb-4123-bb34-a9a47e13b53f";"/sites/Equipe.Obras/Lists/Lista 12  Mo de Obra  Alocao de Equipe";"Identificador Pai do Documento";"ParentUniqueId";"Lookup";"False";"True";"True";"";"ParentUniqueId"
"Lista 12 — Mão de Obra / Alocação de Equipe";"5b9635fc-bfcb-4123-bb34-a9a47e13b53f";"/sites/Equipe.Obras/Lists/Lista 12  Mo de Obra  Alocao de Equipe";"ID de Cliente";"SyncClientId";"Lookup";"False";"True";"True";"";"SyncClientId"
"Lista 12 — Mão de Obra / Alocação de Equipe";"5b9635fc-bfcb-4123-bb34-a9a47e13b53f";"/sites/Equipe.Obras/Lists/Lista 12  Mo de Obra  Alocao de Equipe";"ProgId";"ProgId";"Lookup";"False";"True";"True";"";"ProgId"
"Lista 12 — Mão de Obra / Alocação de Equipe";"5b9635fc-bfcb-4123-bb34-a9a47e13b53f";"/sites/Equipe.Obras/Lists/Lista 12  Mo de Obra  Alocao de Equipe";"ScopeId";"ScopeId";"Lookup";"False";"True";"True";"";"ScopeId"
"Lista 12 — Mão de Obra / Alocação de Equipe";"5b9635fc-bfcb-4123-bb34-a9a47e13b53f";"/sites/Equipe.Obras/Lists/Lista 12  Mo de Obra  Alocao de Equipe";"Tipo de Arquivo HTML";"HTML_x0020_File_x0020_Type";"Computed";"False";"True";"True";"";""
"Lista 12 — Mão de Obra / Alocação de Equipe";"5b9635fc-bfcb-4123-bb34-a9a47e13b53f";"/sites/Equipe.Obras/Lists/Lista 12  Mo de Obra  Alocao de Equipe";"Início da Tabela do Menu de Edição";"_EditMenuTableStart";"Computed";"False";"True";"True";"";""
"Lista 12 — Mão de Obra / Alocação de Equipe";"5b9635fc-bfcb-4123-bb34-a9a47e13b53f";"/sites/Equipe.Obras/Lists/Lista 12  Mo de Obra  Alocao de Equipe";"Início da Tabela do Menu de Edição";"_EditMenuTableStart2";"Computed";"False";"True";"True";"";""
"Lista 12 — Mão de Obra / Alocação de Equipe";"5b9635fc-bfcb-4123-bb34-a9a47e13b53f";"/sites/Equipe.Obras/Lists/Lista 12  Mo de Obra  Alocao de Equipe";"Fim da Tabela do Menu de Edição";"_EditMenuTableEnd";"Computed";"False";"True";"True";"";""
"Lista 12 — Mão de Obra / Alocação de Equipe";"5b9635fc-bfcb-4123-bb34-a9a47e13b53f";"/sites/Equipe.Obras/Lists/Lista 12  Mo de Obra  Alocao de Equipe";"Nome";"LinkFilenameNoMenu";"Computed";"False";"True";"True";"";""
"Lista 12 — Mão de Obra / Alocação de Equipe";"5b9635fc-bfcb-4123-bb34-a9a47e13b53f";"/sites/Equipe.Obras/Lists/Lista 12  Mo de Obra  Alocao de Equipe";"Nome";"LinkFilename";"Computed";"False";"True";"True";"";""
"Lista 12 — Mão de Obra / Alocação de Equipe";"5b9635fc-bfcb-4123-bb34-a9a47e13b53f";"/sites/Equipe.Obras/Lists/Lista 12  Mo de Obra  Alocao de Equipe";"Nome";"LinkFilename2";"Computed";"False";"True";"True";"";""
"Lista 12 — Mão de Obra / Alocação de Equipe";"5b9635fc-bfcb-4123-bb34-a9a47e13b53f";"/sites/Equipe.Obras/Lists/Lista 12  Mo de Obra  Alocao de Equipe";"Tipo";"DocIcon";"Computed";"False";"False";"True";"";""
"Lista 12 — Mão de Obra / Alocação de Equipe";"5b9635fc-bfcb-4123-bb34-a9a47e13b53f";"/sites/Equipe.Obras/Lists/Lista 12  Mo de Obra  Alocao de Equipe";"URL Relativa do Servidor";"ServerUrl";"Computed";"False";"True";"True";"";""
"Lista 12 — Mão de Obra / Alocação de Equipe";"5b9635fc-bfcb-4123-bb34-a9a47e13b53f";"/sites/Equipe.Obras/Lists/Lista 12  Mo de Obra  Alocao de Equipe";"URL Absoluta Codificada";"EncodedAbsUrl";"Computed";"False";"True";"True";"";""
"Lista 12 — Mão de Obra / Alocação de Equipe";"5b9635fc-bfcb-4123-bb34-a9a47e13b53f";"/sites/Equipe.Obras/Lists/Lista 12  Mo de Obra  Alocao de Equipe";"Nome do Arquivo";"BaseName";"Computed";"False";"True";"True";"";""
"Lista 12 — Mão de Obra / Alocação de Equipe";"5b9635fc-bfcb-4123-bb34-a9a47e13b53f";"/sites/Equipe.Obras/Lists/Lista 12  Mo de Obra  Alocao de Equipe";"Conjunto de Propriedades";"MetaInfo";"Lookup";"False";"True";"False";"";"MetaInfo"
"Lista 12 — Mão de Obra / Alocação de Equipe";"5b9635fc-bfcb-4123-bb34-a9a47e13b53f";"/sites/Equipe.Obras/Lists/Lista 12  Mo de Obra  Alocao de Equipe";"Nível";"_Level";"Integer";"False";"True";"True";"";""
"Lista 12 — Mão de Obra / Alocação de Equipe";"5b9635fc-bfcb-4123-bb34-a9a47e13b53f";"/sites/Equipe.Obras/Lists/Lista 12  Mo de Obra  Alocao de Equipe";"É a Versão Atual";"_IsCurrentVersion";"Boolean";"False";"True";"True";"";""
"Lista 12 — Mão de Obra / Alocação de Equipe";"5b9635fc-bfcb-4123-bb34-a9a47e13b53f";"/sites/Equipe.Obras/Lists/Lista 12  Mo de Obra  Alocao de Equipe";"Contagem de Itens Filhos";"ItemChildCount";"Lookup";"False";"False";"True";"";"ItemChildCount"
"Lista 12 — Mão de Obra / Alocação de Equipe";"5b9635fc-bfcb-4123-bb34-a9a47e13b53f";"/sites/Equipe.Obras/Lists/Lista 12  Mo de Obra  Alocao de Equipe";"Contagem de Elementos Filho da Pasta";"FolderChildCount";"Lookup";"False";"False";"True";"";"FolderChildCount"
"Lista 12 — Mão de Obra / Alocação de Equipe";"5b9635fc-bfcb-4123-bb34-a9a47e13b53f";"/sites/Equipe.Obras/Lists/Lista 12  Mo de Obra  Alocao de Equipe";"Restrito";"Restricted";"Lookup";"False";"True";"True";"";"Restricted"
"Lista 12 — Mão de Obra / Alocação de Equipe";"5b9635fc-bfcb-4123-bb34-a9a47e13b53f";"/sites/Equipe.Obras/Lists/Lista 12  Mo de Obra  Alocao de Equipe";"ID do Originador";"OriginatorId";"Lookup";"False";"True";"True";"";"OriginatorId"
"Lista 12 — Mão de Obra / Alocação de Equipe";"5b9635fc-bfcb-4123-bb34-a9a47e13b53f";"/sites/Equipe.Obras/Lists/Lista 12  Mo de Obra  Alocao de Equipe";"NãoExecutar";"NoExecute";"Lookup";"False";"True";"True";"";"DocFlags"
"Lista 12 — Mão de Obra / Alocação de Equipe";"5b9635fc-bfcb-4123-bb34-a9a47e13b53f";"/sites/Equipe.Obras/Lists/Lista 12  Mo de Obra  Alocao de Equipe";"Versão do Conteúdo";"ContentVersion";"Lookup";"False";"True";"True";"";"ContentVersion"
"Lista 12 — Mão de Obra / Alocação de Equipe";"5b9635fc-bfcb-4123-bb34-a9a47e13b53f";"/sites/Equipe.Obras/Lists/Lista 12  Mo de Obra  Alocao de Equipe";"Configuração do rótulo";"_ComplianceFlags";"Lookup";"False";"False";"True";"";"ComplianceFlags"
"Lista 12 — Mão de Obra / Alocação de Equipe";"5b9635fc-bfcb-4123-bb34-a9a47e13b53f";"/sites/Equipe.Obras/Lists/Lista 12  Mo de Obra  Alocao de Equipe";"Rótulo de retenção";"_ComplianceTag";"Lookup";"False";"False";"True";"";"ComplianceTag"
"Lista 12 — Mão de Obra / Alocação de Equipe";"5b9635fc-bfcb-4123-bb34-a9a47e13b53f";"/sites/Equipe.Obras/Lists/Lista 12  Mo de Obra  Alocao de Equipe";"Rótulo de retenção Aplicado";"_ComplianceTagWrittenTime";"Lookup";"False";"False";"True";"";"ComplianceTagWrittenTime"
"Lista 12 — Mão de Obra / Alocação de Equipe";"5b9635fc-bfcb-4123-bb34-a9a47e13b53f";"/sites/Equipe.Obras/Lists/Lista 12  Mo de Obra  Alocao de Equipe";"Rótulo aplicado por";"_ComplianceTagUserId";"Lookup";"False";"False";"True";"";"ComplianceTagUserId"
"Lista 12 — Mão de Obra / Alocação de Equipe";"5b9635fc-bfcb-4123-bb34-a9a47e13b53f";"/sites/Equipe.Obras/Lists/Lista 12  Mo de Obra  Alocao de Equipe";"O item é um Registro";"_IsRecord";"Computed";"False";"False";"True";"";""
"Lista 12 — Mão de Obra / Alocação de Equipe";"5b9635fc-bfcb-4123-bb34-a9a47e13b53f";"/sites/Equipe.Obras/Lists/Lista 12  Mo de Obra  Alocao de Equipe";"Política de Acesso";"AccessPolicy";"Lookup";"False";"True";"True";"";"AccessPolicy"
"Lista 12 — Mão de Obra / Alocação de Equipe";"5b9635fc-bfcb-4123-bb34-a9a47e13b53f";"/sites/Equipe.Obras/Lists/Lista 12  Mo de Obra  Alocao de Equipe";"VirusStatus";"_VirusStatus";"Lookup";"False";"True";"True";"";"VirusStatus"
"Lista 12 — Mão de Obra / Alocação de Equipe";"5b9635fc-bfcb-4123-bb34-a9a47e13b53f";"/sites/Equipe.Obras/Lists/Lista 12  Mo de Obra  Alocao de Equipe";"VirusVendorID";"_VirusVendorID";"Lookup";"False";"True";"True";"";"VirusVendorID"
"Lista 12 — Mão de Obra / Alocação de Equipe";"5b9635fc-bfcb-4123-bb34-a9a47e13b53f";"/sites/Equipe.Obras/Lists/Lista 12  Mo de Obra  Alocao de Equipe";"VirusInfo";"_VirusInfo";"Lookup";"False";"True";"True";"";"VirusInfo"
"Lista 12 — Mão de Obra / Alocação de Equipe";"5b9635fc-bfcb-4123-bb34-a9a47e13b53f";"/sites/Equipe.Obras/Lists/Lista 12  Mo de Obra  Alocao de Equipe";"RansomwareAnomalyMetaInfo";"_RansomwareAnomalyMetaInfo";"Lookup";"False";"True";"True";"";"RansomwareAnomalyMetaInfo"
"Lista 12 — Mão de Obra / Alocação de Equipe";"5b9635fc-bfcb-4123-bb34-a9a47e13b53f";"/sites/Equipe.Obras/Lists/Lista 12  Mo de Obra  Alocao de Equipe";"ID do Proprietário do Rascunho";"_DraftOwnerId";"Lookup";"False";"True";"True";"";"DraftOwnerId"
"Lista 12 — Mão de Obra / Alocação de Equipe";"5b9635fc-bfcb-4123-bb34-a9a47e13b53f";"/sites/Equipe.Obras/Lists/Lista 12  Mo de Obra  Alocao de Equipe";"Configurações do Link principal";"MainLinkSettings";"Computed";"False";"True";"True";"";""
"Lista 12 — Mão de Obra / Alocação de Equipe";"5b9635fc-bfcb-4123-bb34-a9a47e13b53f";"/sites/Equipe.Obras/Lists/Lista 12  Mo de Obra  Alocao de Equipe";"Aplicativo Criado por";"AppAuthor";"Lookup";"False";"False";"True";"AppPrincipals";"Title"
"Lista 12 — Mão de Obra / Alocação de Equipe";"5b9635fc-bfcb-4123-bb34-a9a47e13b53f";"/sites/Equipe.Obras/Lists/Lista 12  Mo de Obra  Alocao de Equipe";"Aplicativo Modificado por";"AppEditor";"Lookup";"False";"False";"True";"AppPrincipals";"Title"
"Lista 12 — Mão de Obra / Alocação de Equipe";"5b9635fc-bfcb-4123-bb34-a9a47e13b53f";"/sites/Equipe.Obras/Lists/Lista 12  Mo de Obra  Alocao de Equipe";"Tamanho Total";"SMTotalSize";"Lookup";"False";"True";"True";"";"SMTotalSize"
"Lista 12 — Mão de Obra / Alocação de Equipe";"5b9635fc-bfcb-4123-bb34-a9a47e13b53f";"/sites/Equipe.Obras/Lists/Lista 12  Mo de Obra  Alocao de Equipe";"Data da Última Modificação";"SMLastModifiedDate";"Lookup";"False";"True";"True";"";"SMLastModifiedDate"
"Lista 12 — Mão de Obra / Alocação de Equipe";"5b9635fc-bfcb-4123-bb34-a9a47e13b53f";"/sites/Equipe.Obras/Lists/Lista 12  Mo de Obra  Alocao de Equipe";"Tamanho Total do Fluxo de Arquivos";"SMTotalFileStreamSize";"Lookup";"False";"True";"True";"";"SMTotalFileStreamSize"
"Lista 12 — Mão de Obra / Alocação de Equipe";"5b9635fc-bfcb-4123-bb34-a9a47e13b53f";"/sites/Equipe.Obras/Lists/Lista 12  Mo de Obra  Alocao de Equipe";"Contagem Total de Arquivos";"SMTotalFileCount";"Lookup";"False";"True";"True";"";"SMTotalFileCount"
"Lista 12 — Mão de Obra / Alocação de Equipe";"5b9635fc-bfcb-4123-bb34-a9a47e13b53f";"/sites/Equipe.Obras/Lists/Lista 12  Mo de Obra  Alocao de Equipe";"Configurações de comentários";"_CommentFlags";"Lookup";"False";"True";"True";"";"CommentFlags"
"Lista 12 — Mão de Obra / Alocação de Equipe";"5b9635fc-bfcb-4123-bb34-a9a47e13b53f";"/sites/Equipe.Obras/Lists/Lista 12  Mo de Obra  Alocao de Equipe";"Contagem de comentário";"_CommentCount";"Lookup";"False";"True";"True";"";"CommentCount"
"Lista 13 — Documentos de Funcionários / Integrações";"f74b5014-8000-405c-9f0e-5eda4c17e2a4";"/sites/Equipe.Obras/Lists/Lista 13  Documentos de Funcionrios  Integraes";"ID do Tipo de Conteúdo";"ContentTypeId";"ContentTypeId";"False";"True";"True";"";""
"Lista 13 — Documentos de Funcionários / Integrações";"f74b5014-8000-405c-9f0e-5eda4c17e2a4";"/sites/Equipe.Obras/Lists/Lista 13  Documentos de Funcionrios  Integraes";"Título";"Title";"Text";"False";"False";"False";"";""
"Lista 13 — Documentos de Funcionários / Integrações";"f74b5014-8000-405c-9f0e-5eda4c17e2a4";"/sites/Equipe.Obras/Lists/Lista 13  Documentos de Funcionrios  Integraes";"Comentários do Aprovador";"_ModerationComments";"Note";"False";"True";"True";"";""
"Lista 13 — Documentos de Funcionários / Integrações";"f74b5014-8000-405c-9f0e-5eda4c17e2a4";"/sites/Equipe.Obras/Lists/Lista 13  Documentos de Funcionrios  Integraes";"Nome do Colaborador / Prestador";"LinkTitle";"Computed";"False";"False";"True";"";""
"Lista 13 — Documentos de Funcionários / Integrações";"f74b5014-8000-405c-9f0e-5eda4c17e2a4";"/sites/Equipe.Obras/Lists/Lista 13  Documentos de Funcionrios  Integraes";"Tipo de Arquivo";"File_x0020_Type";"Text";"False";"True";"True";"";""
"Lista 13 — Documentos de Funcionários / Integrações";"f74b5014-8000-405c-9f0e-5eda4c17e2a4";"/sites/Equipe.Obras/Lists/Lista 13  Documentos de Funcionrios  Integraes";"Cor";"_ColorHex";"Text";"False";"True";"True";"";""
"Lista 13 — Documentos de Funcionários / Integrações";"f74b5014-8000-405c-9f0e-5eda4c17e2a4";"/sites/Equipe.Obras/Lists/Lista 13  Documentos de Funcionrios  Integraes";"Pressione Delete para excluir o ícone.";"_ColorTag";"Text";"False";"False";"True";"";""
"Lista 13 — Documentos de Funcionários / Integrações";"f74b5014-8000-405c-9f0e-5eda4c17e2a4";"/sites/Equipe.Obras/Lists/Lista 13  Documentos de Funcionrios  Integraes";"Emoji";"_Emoji";"Text";"False";"True";"True";"";""
"Lista 13 — Documentos de Funcionários / Integrações";"f74b5014-8000-405c-9f0e-5eda4c17e2a4";"/sites/Equipe.Obras/Lists/Lista 13  Documentos de Funcionrios  Integraes";"ID de Ativo de Conformidade";"ComplianceAssetId";"Text";"False";"False";"True";"";""
"Lista 13 — Documentos de Funcionários / Integrações";"f74b5014-8000-405c-9f0e-5eda4c17e2a4";"/sites/Equipe.Obras/Lists/Lista 13  Documentos de Funcionrios  Integraes";"CPF / CNPJ";"CPF_x002f_CNPJ";"Lookup";"False";"False";"False";"b148ed6a-0f40-404a-ad31-4a7e8076f5a3";"Title"
"Lista 13 — Documentos de Funcionários / Integrações";"f74b5014-8000-405c-9f0e-5eda4c17e2a4";"/sites/Equipe.Obras/Lists/Lista 13  Documentos de Funcionrios  Integraes";"Tipo de Vínculo";"TipodeV_x00ed_nculo";"Choice";"False";"False";"False";"";""
"Lista 13 — Documentos de Funcionários / Integrações";"f74b5014-8000-405c-9f0e-5eda4c17e2a4";"/sites/Equipe.Obras/Lists/Lista 13  Documentos de Funcionrios  Integraes";"Descrição do Documento";"Descri_x00e7__x00e3_odoDocumento";"Text";"False";"False";"False";"";""
"Lista 13 — Documentos de Funcionários / Integrações";"f74b5014-8000-405c-9f0e-5eda4c17e2a4";"/sites/Equipe.Obras/Lists/Lista 13  Documentos de Funcionrios  Integraes";"Data de Emissão";"DatadeEmiss_x00e3_o";"DateTime";"False";"False";"False";"";""
"Lista 13 — Documentos de Funcionários / Integrações";"f74b5014-8000-405c-9f0e-5eda4c17e2a4";"/sites/Equipe.Obras/Lists/Lista 13  Documentos de Funcionrios  Integraes";"Data de Vencimento";"DatadeVencimento";"DateTime";"False";"False";"False";"";""
"Lista 13 — Documentos de Funcionários / Integrações";"f74b5014-8000-405c-9f0e-5eda4c17e2a4";"/sites/Equipe.Obras/Lists/Lista 13  Documentos de Funcionrios  Integraes";"Documento Obrigatório?";"DocumentoObrigat_x00f3_rio_x003f";"Choice";"False";"False";"False";"";""
"Lista 13 — Documentos de Funcionários / Integrações";"f74b5014-8000-405c-9f0e-5eda4c17e2a4";"/sites/Equipe.Obras/Lists/Lista 13  Documentos de Funcionrios  Integraes";"Documento Entregue?";"DocumentoEntregue_x003f_";"Choice";"False";"False";"False";"";""
"Lista 13 — Documentos de Funcionários / Integrações";"f74b5014-8000-405c-9f0e-5eda4c17e2a4";"/sites/Equipe.Obras/Lists/Lista 13  Documentos de Funcionrios  Integraes";"Documento Conferido?";"DocumentoConferido_x003f_";"Choice";"False";"False";"False";"";""
"Lista 13 — Documentos de Funcionários / Integrações";"f74b5014-8000-405c-9f0e-5eda4c17e2a4";"/sites/Equipe.Obras/Lists/Lista 13  Documentos de Funcionrios  Integraes";"Integração Necessária?";"Integra_x00e7__x00e3_oNecess_x00";"Choice";"False";"False";"False";"";""
"Lista 13 — Documentos de Funcionários / Integrações";"f74b5014-8000-405c-9f0e-5eda4c17e2a4";"/sites/Equipe.Obras/Lists/Lista 13  Documentos de Funcionrios  Integraes";"Integração Realizada?";"Integra_x00e7__x00e3_oRealizada_";"Choice";"False";"False";"False";"";""
"Lista 13 — Documentos de Funcionários / Integrações";"f74b5014-8000-405c-9f0e-5eda4c17e2a4";"/sites/Equipe.Obras/Lists/Lista 13  Documentos de Funcionrios  Integraes";"Status do Documento";"StatusdoDocumento";"Choice";"False";"False";"False";"";""
"Lista 13 — Documentos de Funcionários / Integrações";"f74b5014-8000-405c-9f0e-5eda4c17e2a4";"/sites/Equipe.Obras/Lists/Lista 13  Documentos de Funcionrios  Integraes";"Empresa / Prestador Vinculado";"Empresa_x002f_PrestadorVinculado";"Text";"False";"False";"False";"";""
"Lista 13 — Documentos de Funcionários / Integrações";"f74b5014-8000-405c-9f0e-5eda4c17e2a4";"/sites/Equipe.Obras/Lists/Lista 13  Documentos de Funcionrios  Integraes";"Obra";"Obra";"Lookup";"True";"False";"False";"a9afadc1-f843-45c0-a628-4f49a8716832";"NomedaObra"
"Lista 13 — Documentos de Funcionários / Integrações";"f74b5014-8000-405c-9f0e-5eda4c17e2a4";"/sites/Equipe.Obras/Lists/Lista 13  Documentos de Funcionrios  Integraes";"Cliente";"Cliente";"Lookup";"False";"False";"False";"a9afadc1-f843-45c0-a628-4f49a8716832";"Cliente"
"Lista 13 — Documentos de Funcionários / Integrações";"f74b5014-8000-405c-9f0e-5eda4c17e2a4";"/sites/Equipe.Obras/Lists/Lista 13  Documentos de Funcionrios  Integraes";"Função";"Fun_x00e7__x00e3_o";"Choice";"False";"False";"False";"";""
"Lista 13 — Documentos de Funcionários / Integrações";"f74b5014-8000-405c-9f0e-5eda4c17e2a4";"/sites/Equipe.Obras/Lists/Lista 13  Documentos de Funcionrios  Integraes";"Tipo de Documento";"TipodeDocumento";"Choice";"False";"False";"False";"";""
"Lista 13 — Documentos de Funcionários / Integrações";"f74b5014-8000-405c-9f0e-5eda4c17e2a4";"/sites/Equipe.Obras/Lists/Lista 13  Documentos de Funcionrios  Integraes";"Prazo da Próxima Ação";"PrazodaPr_x00f3_ximaA_x00e7__x00";"DateTime";"False";"False";"False";"";""
"Lista 13 — Documentos de Funcionários / Integrações";"f74b5014-8000-405c-9f0e-5eda4c17e2a4";"/sites/Equipe.Obras/Lists/Lista 13  Documentos de Funcionrios  Integraes";"Responsável pela Conferência";"Respons_x00e1_velpelaConfer_x00e";"User";"False";"False";"False";"{ebc81507-41be-46f3-9eac-dafe1234a71d}";""
"Lista 13 — Documentos de Funcionários / Integrações";"f74b5014-8000-405c-9f0e-5eda4c17e2a4";"/sites/Equipe.Obras/Lists/Lista 13  Documentos de Funcionrios  Integraes";"Responsável pela Regularização";"Respons_x00e1_velpelaRegulariza_";"User";"False";"False";"False";"{ebc81507-41be-46f3-9eac-dafe1234a71d}";""
"Lista 13 — Documentos de Funcionários / Integrações";"f74b5014-8000-405c-9f0e-5eda4c17e2a4";"/sites/Equipe.Obras/Lists/Lista 13  Documentos de Funcionrios  Integraes";"Link do Documento";"LinkdoDocumento";"URL";"False";"False";"False";"";""
"Lista 13 — Documentos de Funcionários / Integrações";"f74b5014-8000-405c-9f0e-5eda4c17e2a4";"/sites/Equipe.Obras/Lists/Lista 13  Documentos de Funcionrios  Integraes";"Observações";"Observa_x00e7__x00f5_es";"Note";"False";"False";"False";"";""
"Lista 13 — Documentos de Funcionários / Integrações";"f74b5014-8000-405c-9f0e-5eda4c17e2a4";"/sites/Equipe.Obras/Lists/Lista 13  Documentos de Funcionrios  Integraes";"Created Via";"_FormSourceId_0";"Text";"False";"False";"True";"";""
"Lista 13 — Documentos de Funcionários / Integrações";"f74b5014-8000-405c-9f0e-5eda4c17e2a4";"/sites/Equipe.Obras/Lists/Lista 13  Documentos de Funcionrios  Integraes";"Obra: Título";"Obra_x003a__x0020_T_x00ed_tulo";"Lookup";"True";"False";"True";"a9afadc1-f843-45c0-a628-4f49a8716832";"Title"
"Lista 13 — Documentos de Funcionários / Integrações";"f74b5014-8000-405c-9f0e-5eda4c17e2a4";"/sites/Equipe.Obras/Lists/Lista 13  Documentos de Funcionrios  Integraes";"ID";"ID";"Counter";"False";"False";"True";"";""
"Lista 13 — Documentos de Funcionários / Integrações";"f74b5014-8000-405c-9f0e-5eda4c17e2a4";"/sites/Equipe.Obras/Lists/Lista 13  Documentos de Funcionrios  Integraes";"Tipo de Conteúdo";"ContentType";"Computed";"False";"False";"False";"";""
"Lista 13 — Documentos de Funcionários / Integrações";"f74b5014-8000-405c-9f0e-5eda4c17e2a4";"/sites/Equipe.Obras/Lists/Lista 13  Documentos de Funcionrios  Integraes";"Modificado";"Modified";"DateTime";"False";"False";"True";"";""
"Lista 13 — Documentos de Funcionários / Integrações";"f74b5014-8000-405c-9f0e-5eda4c17e2a4";"/sites/Equipe.Obras/Lists/Lista 13  Documentos de Funcionrios  Integraes";"Criado";"Created";"DateTime";"False";"False";"True";"";""
"Lista 13 — Documentos de Funcionários / Integrações";"f74b5014-8000-405c-9f0e-5eda4c17e2a4";"/sites/Equipe.Obras/Lists/Lista 13  Documentos de Funcionrios  Integraes";"Criado por";"Author";"User";"False";"False";"True";"{ebc81507-41be-46f3-9eac-dafe1234a71d}";""
"Lista 13 — Documentos de Funcionários / Integrações";"f74b5014-8000-405c-9f0e-5eda4c17e2a4";"/sites/Equipe.Obras/Lists/Lista 13  Documentos de Funcionrios  Integraes";"Modificado por";"Editor";"User";"False";"False";"True";"{ebc81507-41be-46f3-9eac-dafe1234a71d}";""
"Lista 13 — Documentos de Funcionários / Integrações";"f74b5014-8000-405c-9f0e-5eda4c17e2a4";"/sites/Equipe.Obras/Lists/Lista 13  Documentos de Funcionrios  Integraes";"Tem Destinos de Cópia";"_HasCopyDestinations";"Boolean";"False";"True";"True";"";""
"Lista 13 — Documentos de Funcionários / Integrações";"f74b5014-8000-405c-9f0e-5eda4c17e2a4";"/sites/Equipe.Obras/Lists/Lista 13  Documentos de Funcionrios  Integraes";"Origem da Cópia";"_CopySource";"Text";"False";"True";"True";"";""
"Lista 13 — Documentos de Funcionários / Integrações";"f74b5014-8000-405c-9f0e-5eda4c17e2a4";"/sites/Equipe.Obras/Lists/Lista 13  Documentos de Funcionrios  Integraes";"owshiddenversion";"owshiddenversion";"Integer";"False";"True";"True";"";""
"Lista 13 — Documentos de Funcionários / Integrações";"f74b5014-8000-405c-9f0e-5eda4c17e2a4";"/sites/Equipe.Obras/Lists/Lista 13  Documentos de Funcionrios  Integraes";"Versão do Fluxo de Trabalho";"WorkflowVersion";"Integer";"False";"True";"True";"";""
"Lista 13 — Documentos de Funcionários / Integrações";"f74b5014-8000-405c-9f0e-5eda4c17e2a4";"/sites/Equipe.Obras/Lists/Lista 13  Documentos de Funcionrios  Integraes";"Versão da UI";"_UIVersion";"Integer";"False";"True";"True";"";""
"Lista 13 — Documentos de Funcionários / Integrações";"f74b5014-8000-405c-9f0e-5eda4c17e2a4";"/sites/Equipe.Obras/Lists/Lista 13  Documentos de Funcionrios  Integraes";"Versão";"_UIVersionString";"Text";"False";"False";"True";"";""
"Lista 13 — Documentos de Funcionários / Integrações";"f74b5014-8000-405c-9f0e-5eda4c17e2a4";"/sites/Equipe.Obras/Lists/Lista 13  Documentos de Funcionrios  Integraes";"Anexos";"Attachments";"Attachments";"False";"False";"False";"";""
"Lista 13 — Documentos de Funcionários / Integrações";"f74b5014-8000-405c-9f0e-5eda4c17e2a4";"/sites/Equipe.Obras/Lists/Lista 13  Documentos de Funcionrios  Integraes";"Status de Aprovação";"_ModerationStatus";"ModStat";"False";"True";"True";"";""
"Lista 13 — Documentos de Funcionários / Integrações";"f74b5014-8000-405c-9f0e-5eda4c17e2a4";"/sites/Equipe.Obras/Lists/Lista 13  Documentos de Funcionrios  Integraes";"Editar";"Edit";"Computed";"False";"False";"True";"";""
"Lista 13 — Documentos de Funcionários / Integrações";"f74b5014-8000-405c-9f0e-5eda4c17e2a4";"/sites/Equipe.Obras/Lists/Lista 13  Documentos de Funcionrios  Integraes";"Título";"LinkTitleNoMenu";"Computed";"False";"False";"True";"";""
"Lista 13 — Documentos de Funcionários / Integrações";"f74b5014-8000-405c-9f0e-5eda4c17e2a4";"/sites/Equipe.Obras/Lists/Lista 13  Documentos de Funcionrios  Integraes";"Título";"LinkTitle2";"Computed";"False";"True";"True";"";""
"Lista 13 — Documentos de Funcionários / Integrações";"f74b5014-8000-405c-9f0e-5eda4c17e2a4";"/sites/Equipe.Obras/Lists/Lista 13  Documentos de Funcionrios  Integraes";"Selecionar";"SelectTitle";"Computed";"False";"True";"True";"";""
"Lista 13 — Documentos de Funcionários / Integrações";"f74b5014-8000-405c-9f0e-5eda4c17e2a4";"/sites/Equipe.Obras/Lists/Lista 13  Documentos de Funcionrios  Integraes";"ID da Instância";"InstanceID";"Integer";"False";"True";"True";"";""
"Lista 13 — Documentos de Funcionários / Integrações";"f74b5014-8000-405c-9f0e-5eda4c17e2a4";"/sites/Equipe.Obras/Lists/Lista 13  Documentos de Funcionrios  Integraes";"Ordem";"Order";"Number";"False";"True";"False";"";""
"Lista 13 — Documentos de Funcionários / Integrações";"f74b5014-8000-405c-9f0e-5eda4c17e2a4";"/sites/Equipe.Obras/Lists/Lista 13  Documentos de Funcionrios  Integraes";"GUID";"GUID";"Guid";"False";"True";"True";"";""
"Lista 13 — Documentos de Funcionários / Integrações";"f74b5014-8000-405c-9f0e-5eda4c17e2a4";"/sites/Equipe.Obras/Lists/Lista 13  Documentos de Funcionrios  Integraes";"ID da Instância do Fluxo de Trabalho";"WorkflowInstanceID";"Guid";"False";"True";"True";"";""
"Lista 13 — Documentos de Funcionários / Integrações";"f74b5014-8000-405c-9f0e-5eda4c17e2a4";"/sites/Equipe.Obras/Lists/Lista 13  Documentos de Funcionrios  Integraes";"Caminho da URL";"FileRef";"Lookup";"False";"True";"True";"";"FullUrl"
"Lista 13 — Documentos de Funcionários / Integrações";"f74b5014-8000-405c-9f0e-5eda4c17e2a4";"/sites/Equipe.Obras/Lists/Lista 13  Documentos de Funcionrios  Integraes";"Caminho";"FileDirRef";"Lookup";"False";"True";"True";"";"DirName"
"Lista 13 — Documentos de Funcionários / Integrações";"f74b5014-8000-405c-9f0e-5eda4c17e2a4";"/sites/Equipe.Obras/Lists/Lista 13  Documentos de Funcionrios  Integraes";"Modificado";"Last_x0020_Modified";"Lookup";"False";"True";"True";"";"TimeLastModified"
"Lista 13 — Documentos de Funcionários / Integrações";"f74b5014-8000-405c-9f0e-5eda4c17e2a4";"/sites/Equipe.Obras/Lists/Lista 13  Documentos de Funcionrios  Integraes";"Criado";"Created_x0020_Date";"Lookup";"False";"True";"True";"";"TimeCreated"
"Lista 13 — Documentos de Funcionários / Integrações";"f74b5014-8000-405c-9f0e-5eda4c17e2a4";"/sites/Equipe.Obras/Lists/Lista 13  Documentos de Funcionrios  Integraes";"Tipo de Item";"FSObjType";"Lookup";"False";"True";"True";"";"FSType"
"Lista 13 — Documentos de Funcionários / Integrações";"f74b5014-8000-405c-9f0e-5eda4c17e2a4";"/sites/Equipe.Obras/Lists/Lista 13  Documentos de Funcionrios  Integraes";"Tipo de Classificação";"SortBehavior";"Lookup";"False";"True";"True";"";"SortBehavior"
"Lista 13 — Documentos de Funcionários / Integrações";"f74b5014-8000-405c-9f0e-5eda4c17e2a4";"/sites/Equipe.Obras/Lists/Lista 13  Documentos de Funcionrios  Integraes";"Máscara de Permissões Efetivas";"PermMask";"Computed";"False";"True";"True";"";""
"Lista 13 — Documentos de Funcionários / Integrações";"f74b5014-8000-405c-9f0e-5eda4c17e2a4";"/sites/Equipe.Obras/Lists/Lista 13  Documentos de Funcionrios  Integraes";"Contagem de principais";"PrincipalCount";"Computed";"False";"True";"True";"";""
"Lista 13 — Documentos de Funcionários / Integrações";"f74b5014-8000-405c-9f0e-5eda4c17e2a4";"/sites/Equipe.Obras/Lists/Lista 13  Documentos de Funcionrios  Integraes";"Nome";"FileLeafRef";"File";"False";"True";"False";"";""
"Lista 13 — Documentos de Funcionários / Integrações";"f74b5014-8000-405c-9f0e-5eda4c17e2a4";"/sites/Equipe.Obras/Lists/Lista 13  Documentos de Funcionrios  Integraes";"Id Exclusiva";"UniqueId";"Lookup";"False";"True";"True";"";"UniqueId"
"Lista 13 — Documentos de Funcionários / Integrações";"f74b5014-8000-405c-9f0e-5eda4c17e2a4";"/sites/Equipe.Obras/Lists/Lista 13  Documentos de Funcionrios  Integraes";"Identificador Pai do Documento";"ParentUniqueId";"Lookup";"False";"True";"True";"";"ParentUniqueId"
"Lista 13 — Documentos de Funcionários / Integrações";"f74b5014-8000-405c-9f0e-5eda4c17e2a4";"/sites/Equipe.Obras/Lists/Lista 13  Documentos de Funcionrios  Integraes";"ID de Cliente";"SyncClientId";"Lookup";"False";"True";"True";"";"SyncClientId"
"Lista 13 — Documentos de Funcionários / Integrações";"f74b5014-8000-405c-9f0e-5eda4c17e2a4";"/sites/Equipe.Obras/Lists/Lista 13  Documentos de Funcionrios  Integraes";"ProgId";"ProgId";"Lookup";"False";"True";"True";"";"ProgId"
"Lista 13 — Documentos de Funcionários / Integrações";"f74b5014-8000-405c-9f0e-5eda4c17e2a4";"/sites/Equipe.Obras/Lists/Lista 13  Documentos de Funcionrios  Integraes";"ScopeId";"ScopeId";"Lookup";"False";"True";"True";"";"ScopeId"
"Lista 13 — Documentos de Funcionários / Integrações";"f74b5014-8000-405c-9f0e-5eda4c17e2a4";"/sites/Equipe.Obras/Lists/Lista 13  Documentos de Funcionrios  Integraes";"Tipo de Arquivo HTML";"HTML_x0020_File_x0020_Type";"Computed";"False";"True";"True";"";""
"Lista 13 — Documentos de Funcionários / Integrações";"f74b5014-8000-405c-9f0e-5eda4c17e2a4";"/sites/Equipe.Obras/Lists/Lista 13  Documentos de Funcionrios  Integraes";"Início da Tabela do Menu de Edição";"_EditMenuTableStart";"Computed";"False";"True";"True";"";""
"Lista 13 — Documentos de Funcionários / Integrações";"f74b5014-8000-405c-9f0e-5eda4c17e2a4";"/sites/Equipe.Obras/Lists/Lista 13  Documentos de Funcionrios  Integraes";"Início da Tabela do Menu de Edição";"_EditMenuTableStart2";"Computed";"False";"True";"True";"";""
"Lista 13 — Documentos de Funcionários / Integrações";"f74b5014-8000-405c-9f0e-5eda4c17e2a4";"/sites/Equipe.Obras/Lists/Lista 13  Documentos de Funcionrios  Integraes";"Fim da Tabela do Menu de Edição";"_EditMenuTableEnd";"Computed";"False";"True";"True";"";""
"Lista 13 — Documentos de Funcionários / Integrações";"f74b5014-8000-405c-9f0e-5eda4c17e2a4";"/sites/Equipe.Obras/Lists/Lista 13  Documentos de Funcionrios  Integraes";"Nome";"LinkFilenameNoMenu";"Computed";"False";"True";"True";"";""
"Lista 13 — Documentos de Funcionários / Integrações";"f74b5014-8000-405c-9f0e-5eda4c17e2a4";"/sites/Equipe.Obras/Lists/Lista 13  Documentos de Funcionrios  Integraes";"Nome";"LinkFilename";"Computed";"False";"True";"True";"";""
"Lista 13 — Documentos de Funcionários / Integrações";"f74b5014-8000-405c-9f0e-5eda4c17e2a4";"/sites/Equipe.Obras/Lists/Lista 13  Documentos de Funcionrios  Integraes";"Nome";"LinkFilename2";"Computed";"False";"True";"True";"";""
"Lista 13 — Documentos de Funcionários / Integrações";"f74b5014-8000-405c-9f0e-5eda4c17e2a4";"/sites/Equipe.Obras/Lists/Lista 13  Documentos de Funcionrios  Integraes";"Tipo";"DocIcon";"Computed";"False";"False";"True";"";""
"Lista 13 — Documentos de Funcionários / Integrações";"f74b5014-8000-405c-9f0e-5eda4c17e2a4";"/sites/Equipe.Obras/Lists/Lista 13  Documentos de Funcionrios  Integraes";"URL Relativa do Servidor";"ServerUrl";"Computed";"False";"True";"True";"";""
"Lista 13 — Documentos de Funcionários / Integrações";"f74b5014-8000-405c-9f0e-5eda4c17e2a4";"/sites/Equipe.Obras/Lists/Lista 13  Documentos de Funcionrios  Integraes";"URL Absoluta Codificada";"EncodedAbsUrl";"Computed";"False";"True";"True";"";""
"Lista 13 — Documentos de Funcionários / Integrações";"f74b5014-8000-405c-9f0e-5eda4c17e2a4";"/sites/Equipe.Obras/Lists/Lista 13  Documentos de Funcionrios  Integraes";"Nome do Arquivo";"BaseName";"Computed";"False";"True";"True";"";""
"Lista 13 — Documentos de Funcionários / Integrações";"f74b5014-8000-405c-9f0e-5eda4c17e2a4";"/sites/Equipe.Obras/Lists/Lista 13  Documentos de Funcionrios  Integraes";"Conjunto de Propriedades";"MetaInfo";"Lookup";"False";"True";"False";"";"MetaInfo"
"Lista 13 — Documentos de Funcionários / Integrações";"f74b5014-8000-405c-9f0e-5eda4c17e2a4";"/sites/Equipe.Obras/Lists/Lista 13  Documentos de Funcionrios  Integraes";"Nível";"_Level";"Integer";"False";"True";"True";"";""
"Lista 13 — Documentos de Funcionários / Integrações";"f74b5014-8000-405c-9f0e-5eda4c17e2a4";"/sites/Equipe.Obras/Lists/Lista 13  Documentos de Funcionrios  Integraes";"É a Versão Atual";"_IsCurrentVersion";"Boolean";"False";"True";"True";"";""
"Lista 13 — Documentos de Funcionários / Integrações";"f74b5014-8000-405c-9f0e-5eda4c17e2a4";"/sites/Equipe.Obras/Lists/Lista 13  Documentos de Funcionrios  Integraes";"Contagem de Itens Filhos";"ItemChildCount";"Lookup";"False";"False";"True";"";"ItemChildCount"
"Lista 13 — Documentos de Funcionários / Integrações";"f74b5014-8000-405c-9f0e-5eda4c17e2a4";"/sites/Equipe.Obras/Lists/Lista 13  Documentos de Funcionrios  Integraes";"Contagem de Elementos Filho da Pasta";"FolderChildCount";"Lookup";"False";"False";"True";"";"FolderChildCount"
"Lista 13 — Documentos de Funcionários / Integrações";"f74b5014-8000-405c-9f0e-5eda4c17e2a4";"/sites/Equipe.Obras/Lists/Lista 13  Documentos de Funcionrios  Integraes";"Restrito";"Restricted";"Lookup";"False";"True";"True";"";"Restricted"
"Lista 13 — Documentos de Funcionários / Integrações";"f74b5014-8000-405c-9f0e-5eda4c17e2a4";"/sites/Equipe.Obras/Lists/Lista 13  Documentos de Funcionrios  Integraes";"ID do Originador";"OriginatorId";"Lookup";"False";"True";"True";"";"OriginatorId"
"Lista 13 — Documentos de Funcionários / Integrações";"f74b5014-8000-405c-9f0e-5eda4c17e2a4";"/sites/Equipe.Obras/Lists/Lista 13  Documentos de Funcionrios  Integraes";"NãoExecutar";"NoExecute";"Lookup";"False";"True";"True";"";"DocFlags"
"Lista 13 — Documentos de Funcionários / Integrações";"f74b5014-8000-405c-9f0e-5eda4c17e2a4";"/sites/Equipe.Obras/Lists/Lista 13  Documentos de Funcionrios  Integraes";"Versão do Conteúdo";"ContentVersion";"Lookup";"False";"True";"True";"";"ContentVersion"
"Lista 13 — Documentos de Funcionários / Integrações";"f74b5014-8000-405c-9f0e-5eda4c17e2a4";"/sites/Equipe.Obras/Lists/Lista 13  Documentos de Funcionrios  Integraes";"Configuração do rótulo";"_ComplianceFlags";"Lookup";"False";"False";"True";"";"ComplianceFlags"
"Lista 13 — Documentos de Funcionários / Integrações";"f74b5014-8000-405c-9f0e-5eda4c17e2a4";"/sites/Equipe.Obras/Lists/Lista 13  Documentos de Funcionrios  Integraes";"Rótulo de retenção";"_ComplianceTag";"Lookup";"False";"False";"True";"";"ComplianceTag"
"Lista 13 — Documentos de Funcionários / Integrações";"f74b5014-8000-405c-9f0e-5eda4c17e2a4";"/sites/Equipe.Obras/Lists/Lista 13  Documentos de Funcionrios  Integraes";"Rótulo de retenção Aplicado";"_ComplianceTagWrittenTime";"Lookup";"False";"False";"True";"";"ComplianceTagWrittenTime"
"Lista 13 — Documentos de Funcionários / Integrações";"f74b5014-8000-405c-9f0e-5eda4c17e2a4";"/sites/Equipe.Obras/Lists/Lista 13  Documentos de Funcionrios  Integraes";"Rótulo aplicado por";"_ComplianceTagUserId";"Lookup";"False";"False";"True";"";"ComplianceTagUserId"
"Lista 13 — Documentos de Funcionários / Integrações";"f74b5014-8000-405c-9f0e-5eda4c17e2a4";"/sites/Equipe.Obras/Lists/Lista 13  Documentos de Funcionrios  Integraes";"O item é um Registro";"_IsRecord";"Computed";"False";"False";"True";"";""
"Lista 13 — Documentos de Funcionários / Integrações";"f74b5014-8000-405c-9f0e-5eda4c17e2a4";"/sites/Equipe.Obras/Lists/Lista 13  Documentos de Funcionrios  Integraes";"Política de Acesso";"AccessPolicy";"Lookup";"False";"True";"True";"";"AccessPolicy"
"Lista 13 — Documentos de Funcionários / Integrações";"f74b5014-8000-405c-9f0e-5eda4c17e2a4";"/sites/Equipe.Obras/Lists/Lista 13  Documentos de Funcionrios  Integraes";"VirusStatus";"_VirusStatus";"Lookup";"False";"True";"True";"";"VirusStatus"
"Lista 13 — Documentos de Funcionários / Integrações";"f74b5014-8000-405c-9f0e-5eda4c17e2a4";"/sites/Equipe.Obras/Lists/Lista 13  Documentos de Funcionrios  Integraes";"VirusVendorID";"_VirusVendorID";"Lookup";"False";"True";"True";"";"VirusVendorID"
"Lista 13 — Documentos de Funcionários / Integrações";"f74b5014-8000-405c-9f0e-5eda4c17e2a4";"/sites/Equipe.Obras/Lists/Lista 13  Documentos de Funcionrios  Integraes";"VirusInfo";"_VirusInfo";"Lookup";"False";"True";"True";"";"VirusInfo"
"Lista 13 — Documentos de Funcionários / Integrações";"f74b5014-8000-405c-9f0e-5eda4c17e2a4";"/sites/Equipe.Obras/Lists/Lista 13  Documentos de Funcionrios  Integraes";"RansomwareAnomalyMetaInfo";"_RansomwareAnomalyMetaInfo";"Lookup";"False";"True";"True";"";"RansomwareAnomalyMetaInfo"
"Lista 13 — Documentos de Funcionários / Integrações";"f74b5014-8000-405c-9f0e-5eda4c17e2a4";"/sites/Equipe.Obras/Lists/Lista 13  Documentos de Funcionrios  Integraes";"ID do Proprietário do Rascunho";"_DraftOwnerId";"Lookup";"False";"True";"True";"";"DraftOwnerId"
"Lista 13 — Documentos de Funcionários / Integrações";"f74b5014-8000-405c-9f0e-5eda4c17e2a4";"/sites/Equipe.Obras/Lists/Lista 13  Documentos de Funcionrios  Integraes";"Configurações do Link principal";"MainLinkSettings";"Computed";"False";"True";"True";"";""
"Lista 13 — Documentos de Funcionários / Integrações";"f74b5014-8000-405c-9f0e-5eda4c17e2a4";"/sites/Equipe.Obras/Lists/Lista 13  Documentos de Funcionrios  Integraes";"Aplicativo Criado por";"AppAuthor";"Lookup";"False";"False";"True";"AppPrincipals";"Title"
"Lista 13 — Documentos de Funcionários / Integrações";"f74b5014-8000-405c-9f0e-5eda4c17e2a4";"/sites/Equipe.Obras/Lists/Lista 13  Documentos de Funcionrios  Integraes";"Aplicativo Modificado por";"AppEditor";"Lookup";"False";"False";"True";"AppPrincipals";"Title"
"Lista 13 — Documentos de Funcionários / Integrações";"f74b5014-8000-405c-9f0e-5eda4c17e2a4";"/sites/Equipe.Obras/Lists/Lista 13  Documentos de Funcionrios  Integraes";"Tamanho Total";"SMTotalSize";"Lookup";"False";"True";"True";"";"SMTotalSize"
"Lista 13 — Documentos de Funcionários / Integrações";"f74b5014-8000-405c-9f0e-5eda4c17e2a4";"/sites/Equipe.Obras/Lists/Lista 13  Documentos de Funcionrios  Integraes";"Data da Última Modificação";"SMLastModifiedDate";"Lookup";"False";"True";"True";"";"SMLastModifiedDate"
"Lista 13 — Documentos de Funcionários / Integrações";"f74b5014-8000-405c-9f0e-5eda4c17e2a4";"/sites/Equipe.Obras/Lists/Lista 13  Documentos de Funcionrios  Integraes";"Tamanho Total do Fluxo de Arquivos";"SMTotalFileStreamSize";"Lookup";"False";"True";"True";"";"SMTotalFileStreamSize"
"Lista 13 — Documentos de Funcionários / Integrações";"f74b5014-8000-405c-9f0e-5eda4c17e2a4";"/sites/Equipe.Obras/Lists/Lista 13  Documentos de Funcionrios  Integraes";"Contagem Total de Arquivos";"SMTotalFileCount";"Lookup";"False";"True";"True";"";"SMTotalFileCount"
"Lista 13 — Documentos de Funcionários / Integrações";"f74b5014-8000-405c-9f0e-5eda4c17e2a4";"/sites/Equipe.Obras/Lists/Lista 13  Documentos de Funcionrios  Integraes";"Configurações de comentários";"_CommentFlags";"Lookup";"False";"True";"True";"";"CommentFlags"
"Lista 13 — Documentos de Funcionários / Integrações";"f74b5014-8000-405c-9f0e-5eda4c17e2a4";"/sites/Equipe.Obras/Lists/Lista 13  Documentos de Funcionrios  Integraes";"Contagem de comentário";"_CommentCount";"Lookup";"False";"True";"True";"";"CommentCount"
"Lista 14 — Pendências, Ocorrências e Não Conformidades";"e2ac50ae-4db6-4fdd-be96-ee72104d0c1a";"/sites/Equipe.Obras/Lists/Lista 14  Pendncias Ocorrncias e No Conformidades";"ID do Tipo de Conteúdo";"ContentTypeId";"ContentTypeId";"False";"True";"True";"";""
"Lista 14 — Pendências, Ocorrências e Não Conformidades";"e2ac50ae-4db6-4fdd-be96-ee72104d0c1a";"/sites/Equipe.Obras/Lists/Lista 14  Pendncias Ocorrncias e No Conformidades";"Título";"Title";"Text";"False";"False";"False";"";""
"Lista 14 — Pendências, Ocorrências e Não Conformidades";"e2ac50ae-4db6-4fdd-be96-ee72104d0c1a";"/sites/Equipe.Obras/Lists/Lista 14  Pendncias Ocorrncias e No Conformidades";"Comentários do Aprovador";"_ModerationComments";"Note";"False";"True";"True";"";""
"Lista 14 — Pendências, Ocorrências e Não Conformidades";"e2ac50ae-4db6-4fdd-be96-ee72104d0c1a";"/sites/Equipe.Obras/Lists/Lista 14  Pendncias Ocorrncias e No Conformidades";"Título da Ocorrência";"LinkTitle";"Computed";"False";"False";"True";"";""
"Lista 14 — Pendências, Ocorrências e Não Conformidades";"e2ac50ae-4db6-4fdd-be96-ee72104d0c1a";"/sites/Equipe.Obras/Lists/Lista 14  Pendncias Ocorrncias e No Conformidades";"Tipo de Arquivo";"File_x0020_Type";"Text";"False";"True";"True";"";""
"Lista 14 — Pendências, Ocorrências e Não Conformidades";"e2ac50ae-4db6-4fdd-be96-ee72104d0c1a";"/sites/Equipe.Obras/Lists/Lista 14  Pendncias Ocorrncias e No Conformidades";"Cor";"_ColorHex";"Text";"False";"True";"True";"";""
"Lista 14 — Pendências, Ocorrências e Não Conformidades";"e2ac50ae-4db6-4fdd-be96-ee72104d0c1a";"/sites/Equipe.Obras/Lists/Lista 14  Pendncias Ocorrncias e No Conformidades";"Pressione Delete para excluir o ícone.";"_ColorTag";"Text";"False";"False";"True";"";""
"Lista 14 — Pendências, Ocorrências e Não Conformidades";"e2ac50ae-4db6-4fdd-be96-ee72104d0c1a";"/sites/Equipe.Obras/Lists/Lista 14  Pendncias Ocorrncias e No Conformidades";"Emoji";"_Emoji";"Text";"False";"True";"True";"";""
"Lista 14 — Pendências, Ocorrências e Não Conformidades";"e2ac50ae-4db6-4fdd-be96-ee72104d0c1a";"/sites/Equipe.Obras/Lists/Lista 14  Pendncias Ocorrncias e No Conformidades";"ID de Ativo de Conformidade";"ComplianceAssetId";"Text";"False";"False";"True";"";""
"Lista 14 — Pendências, Ocorrências e Não Conformidades";"e2ac50ae-4db6-4fdd-be96-ee72104d0c1a";"/sites/Equipe.Obras/Lists/Lista 14  Pendncias Ocorrncias e No Conformidades";"Obra";"Obra";"Lookup";"True";"False";"False";"a9afadc1-f843-45c0-a628-4f49a8716832";"NomedaObra"
"Lista 14 — Pendências, Ocorrências e Não Conformidades";"e2ac50ae-4db6-4fdd-be96-ee72104d0c1a";"/sites/Equipe.Obras/Lists/Lista 14  Pendncias Ocorrncias e No Conformidades";"Código da Obra";"C_x00f3_digodaObra";"Lookup";"False";"False";"False";"a9afadc1-f843-45c0-a628-4f49a8716832";"Title"
"Lista 14 — Pendências, Ocorrências e Não Conformidades";"e2ac50ae-4db6-4fdd-be96-ee72104d0c1a";"/sites/Equipe.Obras/Lists/Lista 14  Pendncias Ocorrncias e No Conformidades";"Centro de Custo";"CentrodeCusto";"Text";"False";"False";"False";"";""
"Lista 14 — Pendências, Ocorrências e Não Conformidades";"e2ac50ae-4db6-4fdd-be96-ee72104d0c1a";"/sites/Equipe.Obras/Lists/Lista 14  Pendncias Ocorrncias e No Conformidades";"Cliente";"Cliente";"Text";"False";"False";"False";"";""
"Lista 14 — Pendências, Ocorrências e Não Conformidades";"e2ac50ae-4db6-4fdd-be96-ee72104d0c1a";"/sites/Equipe.Obras/Lists/Lista 14  Pendncias Ocorrncias e No Conformidades";"Local / Área da Obra";"Local_x002f__x00c1_readaObra";"Text";"False";"False";"False";"";""
"Lista 14 — Pendências, Ocorrências e Não Conformidades";"e2ac50ae-4db6-4fdd-be96-ee72104d0c1a";"/sites/Equipe.Obras/Lists/Lista 14  Pendncias Ocorrncias e No Conformidades";"Tipo de Ocorrência";"TipodeOcorr_x00ea_ncia";"Choice";"False";"False";"False";"";""
"Lista 14 — Pendências, Ocorrências e Não Conformidades";"e2ac50ae-4db6-4fdd-be96-ee72104d0c1a";"/sites/Equipe.Obras/Lists/Lista 14  Pendncias Ocorrncias e No Conformidades";"Categoria";"Categoria";"Choice";"False";"False";"False";"";""
"Lista 14 — Pendências, Ocorrências e Não Conformidades";"e2ac50ae-4db6-4fdd-be96-ee72104d0c1a";"/sites/Equipe.Obras/Lists/Lista 14  Pendncias Ocorrncias e No Conformidades";"Descrição da Ocorrência";"Descri_x00e7__x00e3_odaOcorr_x00";"Note";"False";"False";"False";"";""
"Lista 14 — Pendências, Ocorrências e Não Conformidades";"e2ac50ae-4db6-4fdd-be96-ee72104d0c1a";"/sites/Equipe.Obras/Lists/Lista 14  Pendncias Ocorrncias e No Conformidades";"Impacto no Prazo?";"ImpactonoPrazo_x003f_";"Choice";"False";"False";"False";"";""
"Lista 14 — Pendências, Ocorrências e Não Conformidades";"e2ac50ae-4db6-4fdd-be96-ee72104d0c1a";"/sites/Equipe.Obras/Lists/Lista 14  Pendncias Ocorrncias e No Conformidades";"Impacto no Custo?";"ImpactonoCusto_x003f_";"Choice";"False";"False";"False";"";""
"Lista 14 — Pendências, Ocorrências e Não Conformidades";"e2ac50ae-4db6-4fdd-be96-ee72104d0c1a";"/sites/Equipe.Obras/Lists/Lista 14  Pendncias Ocorrncias e No Conformidades";"Impacto na Qualidade?";"ImpactonaQualidade_x003f_";"Choice";"False";"False";"False";"";""
"Lista 14 — Pendências, Ocorrências e Não Conformidades";"e2ac50ae-4db6-4fdd-be96-ee72104d0c1a";"/sites/Equipe.Obras/Lists/Lista 14  Pendncias Ocorrncias e No Conformidades";"Impacto na Segurança?";"ImpactonaSeguran_x00e7_a_x003f_";"Choice";"False";"False";"False";"";""
"Lista 14 — Pendências, Ocorrências e Não Conformidades";"e2ac50ae-4db6-4fdd-be96-ee72104d0c1a";"/sites/Equipe.Obras/Lists/Lista 14  Pendncias Ocorrncias e No Conformidades";"Grau de Prioridade";"GraudePrioridade";"Choice";"False";"False";"False";"";""
"Lista 14 — Pendências, Ocorrências e Não Conformidades";"e2ac50ae-4db6-4fdd-be96-ee72104d0c1a";"/sites/Equipe.Obras/Lists/Lista 14  Pendncias Ocorrncias e No Conformidades";"Responsável pela Ação";"Respons_x00e1_velpelaA_x00e7__x0";"User";"False";"False";"False";"{ebc81507-41be-46f3-9eac-dafe1234a71d}";""
"Lista 14 — Pendências, Ocorrências e Não Conformidades";"e2ac50ae-4db6-4fdd-be96-ee72104d0c1a";"/sites/Equipe.Obras/Lists/Lista 14  Pendncias Ocorrncias e No Conformidades";"Aprovador / Validador";"Aprovador_x002f_Validador";"User";"False";"False";"False";"{ebc81507-41be-46f3-9eac-dafe1234a71d}";""
"Lista 14 — Pendências, Ocorrências e Não Conformidades";"e2ac50ae-4db6-4fdd-be96-ee72104d0c1a";"/sites/Equipe.Obras/Lists/Lista 14  Pendncias Ocorrncias e No Conformidades";"Data de Registro";"DatadeRegistro";"DateTime";"False";"False";"False";"";""
"Lista 14 — Pendências, Ocorrências e Não Conformidades";"e2ac50ae-4db6-4fdd-be96-ee72104d0c1a";"/sites/Equipe.Obras/Lists/Lista 14  Pendncias Ocorrncias e No Conformidades";"Data Limite para Resolução";"DataLimiteparaResolu_x00e7__x00e";"DateTime";"False";"False";"False";"";""
"Lista 14 — Pendências, Ocorrências e Não Conformidades";"e2ac50ae-4db6-4fdd-be96-ee72104d0c1a";"/sites/Equipe.Obras/Lists/Lista 14  Pendncias Ocorrncias e No Conformidades";"Data de Conclusão";"DatadeConclus_x00e3_o";"DateTime";"False";"False";"False";"";""
"Lista 14 — Pendências, Ocorrências e Não Conformidades";"e2ac50ae-4db6-4fdd-be96-ee72104d0c1a";"/sites/Equipe.Obras/Lists/Lista 14  Pendncias Ocorrncias e No Conformidades";"Status da Ocorrência";"StatusdaOcorr_x00ea_ncia";"Choice";"False";"False";"False";"";""
"Lista 14 — Pendências, Ocorrências e Não Conformidades";"e2ac50ae-4db6-4fdd-be96-ee72104d0c1a";"/sites/Equipe.Obras/Lists/Lista 14  Pendncias Ocorrncias e No Conformidades";"Prazo da Próxima Ação";"PrazodaPr_x00f3_ximaA_x00e7__x00";"DateTime";"False";"False";"False";"";""
"Lista 14 — Pendências, Ocorrências e Não Conformidades";"e2ac50ae-4db6-4fdd-be96-ee72104d0c1a";"/sites/Equipe.Obras/Lists/Lista 14  Pendncias Ocorrncias e No Conformidades";"Custo Estimado da Correção";"CustoEstimadodaCorre_x00e7__x00e";"Currency";"False";"False";"False";"";""
"Lista 14 — Pendências, Ocorrências e Não Conformidades";"e2ac50ae-4db6-4fdd-be96-ee72104d0c1a";"/sites/Equipe.Obras/Lists/Lista 14  Pendncias Ocorrncias e No Conformidades";"Necessita Aditivo?";"NecessitaAditivo_x003f_";"Choice";"False";"False";"False";"";""
"Lista 14 — Pendências, Ocorrências e Não Conformidades";"e2ac50ae-4db6-4fdd-be96-ee72104d0c1a";"/sites/Equipe.Obras/Lists/Lista 14  Pendncias Ocorrncias e No Conformidades";"Necessita Compra?";"NecessitaCompra_x003f_";"Choice";"False";"False";"False";"";""
"Lista 14 — Pendências, Ocorrências e Não Conformidades";"e2ac50ae-4db6-4fdd-be96-ee72104d0c1a";"/sites/Equipe.Obras/Lists/Lista 14  Pendncias Ocorrncias e No Conformidades";"Necessita Aprovação do Cliente?";"NecessitaAprova_x00e7__x00e3_odo";"Choice";"False";"False";"False";"";""
"Lista 14 — Pendências, Ocorrências e Não Conformidades";"e2ac50ae-4db6-4fdd-be96-ee72104d0c1a";"/sites/Equipe.Obras/Lists/Lista 14  Pendncias Ocorrncias e No Conformidades";"Link de Evidências / Fotos";"LinkdeEvid_x00ea_ncias_x002f_Fot";"URL";"False";"False";"False";"";""
"Lista 14 — Pendências, Ocorrências e Não Conformidades";"e2ac50ae-4db6-4fdd-be96-ee72104d0c1a";"/sites/Equipe.Obras/Lists/Lista 14  Pendncias Ocorrncias e No Conformidades";"Link de Documento Relacionado";"LinkdeDocumentoRelacionado";"URL";"False";"False";"False";"";""
"Lista 14 — Pendências, Ocorrências e Não Conformidades";"e2ac50ae-4db6-4fdd-be96-ee72104d0c1a";"/sites/Equipe.Obras/Lists/Lista 14  Pendncias Ocorrncias e No Conformidades";"Observações";"Observa_x00e7__x00f5_es";"Note";"False";"False";"False";"";""
"Lista 14 — Pendências, Ocorrências e Não Conformidades";"e2ac50ae-4db6-4fdd-be96-ee72104d0c1a";"/sites/Equipe.Obras/Lists/Lista 14  Pendncias Ocorrncias e No Conformidades";"Created Via";"_FormSourceId_0";"Text";"False";"False";"True";"";""
"Lista 14 — Pendências, Ocorrências e Não Conformidades";"e2ac50ae-4db6-4fdd-be96-ee72104d0c1a";"/sites/Equipe.Obras/Lists/Lista 14  Pendncias Ocorrncias e No Conformidades";"Obra: Título";"Obra_x003a__x0020_T_x00ed_tulo";"Lookup";"True";"False";"True";"a9afadc1-f843-45c0-a628-4f49a8716832";"Title"
"Lista 14 — Pendências, Ocorrências e Não Conformidades";"e2ac50ae-4db6-4fdd-be96-ee72104d0c1a";"/sites/Equipe.Obras/Lists/Lista 14  Pendncias Ocorrncias e No Conformidades";"Obra: Nome da Obra";"Obra_x003a__x0020_Nome_x0020_da_";"Lookup";"True";"False";"True";"a9afadc1-f843-45c0-a628-4f49a8716832";"NomedaObra"
"Lista 14 — Pendências, Ocorrências e Não Conformidades";"e2ac50ae-4db6-4fdd-be96-ee72104d0c1a";"/sites/Equipe.Obras/Lists/Lista 14  Pendncias Ocorrncias e No Conformidades";"Obra: Cliente";"Obra_x003a__x0020_Cliente";"Lookup";"True";"False";"True";"a9afadc1-f843-45c0-a628-4f49a8716832";"Cliente"
"Lista 14 — Pendências, Ocorrências e Não Conformidades";"e2ac50ae-4db6-4fdd-be96-ee72104d0c1a";"/sites/Equipe.Obras/Lists/Lista 14  Pendncias Ocorrncias e No Conformidades";"Obra: Centro de Custo";"Obra_x003a__x0020_Centro_x0020_d";"Lookup";"True";"False";"True";"a9afadc1-f843-45c0-a628-4f49a8716832";"CentrodeCusto"
"Lista 14 — Pendências, Ocorrências e Não Conformidades";"e2ac50ae-4db6-4fdd-be96-ee72104d0c1a";"/sites/Equipe.Obras/Lists/Lista 14  Pendncias Ocorrncias e No Conformidades";"ID";"ID";"Counter";"False";"False";"True";"";""
"Lista 14 — Pendências, Ocorrências e Não Conformidades";"e2ac50ae-4db6-4fdd-be96-ee72104d0c1a";"/sites/Equipe.Obras/Lists/Lista 14  Pendncias Ocorrncias e No Conformidades";"Tipo de Conteúdo";"ContentType";"Computed";"False";"False";"False";"";""
"Lista 14 — Pendências, Ocorrências e Não Conformidades";"e2ac50ae-4db6-4fdd-be96-ee72104d0c1a";"/sites/Equipe.Obras/Lists/Lista 14  Pendncias Ocorrncias e No Conformidades";"Modificado";"Modified";"DateTime";"False";"False";"True";"";""
"Lista 14 — Pendências, Ocorrências e Não Conformidades";"e2ac50ae-4db6-4fdd-be96-ee72104d0c1a";"/sites/Equipe.Obras/Lists/Lista 14  Pendncias Ocorrncias e No Conformidades";"Criado";"Created";"DateTime";"False";"False";"True";"";""
"Lista 14 — Pendências, Ocorrências e Não Conformidades";"e2ac50ae-4db6-4fdd-be96-ee72104d0c1a";"/sites/Equipe.Obras/Lists/Lista 14  Pendncias Ocorrncias e No Conformidades";"Criado por";"Author";"User";"False";"False";"True";"{ebc81507-41be-46f3-9eac-dafe1234a71d}";""
"Lista 14 — Pendências, Ocorrências e Não Conformidades";"e2ac50ae-4db6-4fdd-be96-ee72104d0c1a";"/sites/Equipe.Obras/Lists/Lista 14  Pendncias Ocorrncias e No Conformidades";"Modificado por";"Editor";"User";"False";"False";"True";"{ebc81507-41be-46f3-9eac-dafe1234a71d}";""
"Lista 14 — Pendências, Ocorrências e Não Conformidades";"e2ac50ae-4db6-4fdd-be96-ee72104d0c1a";"/sites/Equipe.Obras/Lists/Lista 14  Pendncias Ocorrncias e No Conformidades";"Tem Destinos de Cópia";"_HasCopyDestinations";"Boolean";"False";"True";"True";"";""
"Lista 14 — Pendências, Ocorrências e Não Conformidades";"e2ac50ae-4db6-4fdd-be96-ee72104d0c1a";"/sites/Equipe.Obras/Lists/Lista 14  Pendncias Ocorrncias e No Conformidades";"Origem da Cópia";"_CopySource";"Text";"False";"True";"True";"";""
"Lista 14 — Pendências, Ocorrências e Não Conformidades";"e2ac50ae-4db6-4fdd-be96-ee72104d0c1a";"/sites/Equipe.Obras/Lists/Lista 14  Pendncias Ocorrncias e No Conformidades";"owshiddenversion";"owshiddenversion";"Integer";"False";"True";"True";"";""
"Lista 14 — Pendências, Ocorrências e Não Conformidades";"e2ac50ae-4db6-4fdd-be96-ee72104d0c1a";"/sites/Equipe.Obras/Lists/Lista 14  Pendncias Ocorrncias e No Conformidades";"Versão do Fluxo de Trabalho";"WorkflowVersion";"Integer";"False";"True";"True";"";""
"Lista 14 — Pendências, Ocorrências e Não Conformidades";"e2ac50ae-4db6-4fdd-be96-ee72104d0c1a";"/sites/Equipe.Obras/Lists/Lista 14  Pendncias Ocorrncias e No Conformidades";"Versão da UI";"_UIVersion";"Integer";"False";"True";"True";"";""
"Lista 14 — Pendências, Ocorrências e Não Conformidades";"e2ac50ae-4db6-4fdd-be96-ee72104d0c1a";"/sites/Equipe.Obras/Lists/Lista 14  Pendncias Ocorrncias e No Conformidades";"Versão";"_UIVersionString";"Text";"False";"False";"True";"";""
"Lista 14 — Pendências, Ocorrências e Não Conformidades";"e2ac50ae-4db6-4fdd-be96-ee72104d0c1a";"/sites/Equipe.Obras/Lists/Lista 14  Pendncias Ocorrncias e No Conformidades";"Anexos";"Attachments";"Attachments";"False";"False";"False";"";""
"Lista 14 — Pendências, Ocorrências e Não Conformidades";"e2ac50ae-4db6-4fdd-be96-ee72104d0c1a";"/sites/Equipe.Obras/Lists/Lista 14  Pendncias Ocorrncias e No Conformidades";"Status de Aprovação";"_ModerationStatus";"ModStat";"False";"True";"True";"";""
"Lista 14 — Pendências, Ocorrências e Não Conformidades";"e2ac50ae-4db6-4fdd-be96-ee72104d0c1a";"/sites/Equipe.Obras/Lists/Lista 14  Pendncias Ocorrncias e No Conformidades";"Editar";"Edit";"Computed";"False";"False";"True";"";""
"Lista 14 — Pendências, Ocorrências e Não Conformidades";"e2ac50ae-4db6-4fdd-be96-ee72104d0c1a";"/sites/Equipe.Obras/Lists/Lista 14  Pendncias Ocorrncias e No Conformidades";"Título";"LinkTitleNoMenu";"Computed";"False";"False";"True";"";""
"Lista 14 — Pendências, Ocorrências e Não Conformidades";"e2ac50ae-4db6-4fdd-be96-ee72104d0c1a";"/sites/Equipe.Obras/Lists/Lista 14  Pendncias Ocorrncias e No Conformidades";"Título";"LinkTitle2";"Computed";"False";"True";"True";"";""
"Lista 14 — Pendências, Ocorrências e Não Conformidades";"e2ac50ae-4db6-4fdd-be96-ee72104d0c1a";"/sites/Equipe.Obras/Lists/Lista 14  Pendncias Ocorrncias e No Conformidades";"Selecionar";"SelectTitle";"Computed";"False";"True";"True";"";""
"Lista 14 — Pendências, Ocorrências e Não Conformidades";"e2ac50ae-4db6-4fdd-be96-ee72104d0c1a";"/sites/Equipe.Obras/Lists/Lista 14  Pendncias Ocorrncias e No Conformidades";"ID da Instância";"InstanceID";"Integer";"False";"True";"True";"";""
"Lista 14 — Pendências, Ocorrências e Não Conformidades";"e2ac50ae-4db6-4fdd-be96-ee72104d0c1a";"/sites/Equipe.Obras/Lists/Lista 14  Pendncias Ocorrncias e No Conformidades";"Ordem";"Order";"Number";"False";"True";"False";"";""
"Lista 14 — Pendências, Ocorrências e Não Conformidades";"e2ac50ae-4db6-4fdd-be96-ee72104d0c1a";"/sites/Equipe.Obras/Lists/Lista 14  Pendncias Ocorrncias e No Conformidades";"GUID";"GUID";"Guid";"False";"True";"True";"";""
"Lista 14 — Pendências, Ocorrências e Não Conformidades";"e2ac50ae-4db6-4fdd-be96-ee72104d0c1a";"/sites/Equipe.Obras/Lists/Lista 14  Pendncias Ocorrncias e No Conformidades";"ID da Instância do Fluxo de Trabalho";"WorkflowInstanceID";"Guid";"False";"True";"True";"";""
"Lista 14 — Pendências, Ocorrências e Não Conformidades";"e2ac50ae-4db6-4fdd-be96-ee72104d0c1a";"/sites/Equipe.Obras/Lists/Lista 14  Pendncias Ocorrncias e No Conformidades";"Caminho da URL";"FileRef";"Lookup";"False";"True";"True";"";"FullUrl"
"Lista 14 — Pendências, Ocorrências e Não Conformidades";"e2ac50ae-4db6-4fdd-be96-ee72104d0c1a";"/sites/Equipe.Obras/Lists/Lista 14  Pendncias Ocorrncias e No Conformidades";"Caminho";"FileDirRef";"Lookup";"False";"True";"True";"";"DirName"
"Lista 14 — Pendências, Ocorrências e Não Conformidades";"e2ac50ae-4db6-4fdd-be96-ee72104d0c1a";"/sites/Equipe.Obras/Lists/Lista 14  Pendncias Ocorrncias e No Conformidades";"Modificado";"Last_x0020_Modified";"Lookup";"False";"True";"True";"";"TimeLastModified"
"Lista 14 — Pendências, Ocorrências e Não Conformidades";"e2ac50ae-4db6-4fdd-be96-ee72104d0c1a";"/sites/Equipe.Obras/Lists/Lista 14  Pendncias Ocorrncias e No Conformidades";"Criado";"Created_x0020_Date";"Lookup";"False";"True";"True";"";"TimeCreated"
"Lista 14 — Pendências, Ocorrências e Não Conformidades";"e2ac50ae-4db6-4fdd-be96-ee72104d0c1a";"/sites/Equipe.Obras/Lists/Lista 14  Pendncias Ocorrncias e No Conformidades";"Tipo de Item";"FSObjType";"Lookup";"False";"True";"True";"";"FSType"
"Lista 14 — Pendências, Ocorrências e Não Conformidades";"e2ac50ae-4db6-4fdd-be96-ee72104d0c1a";"/sites/Equipe.Obras/Lists/Lista 14  Pendncias Ocorrncias e No Conformidades";"Tipo de Classificação";"SortBehavior";"Lookup";"False";"True";"True";"";"SortBehavior"
"Lista 14 — Pendências, Ocorrências e Não Conformidades";"e2ac50ae-4db6-4fdd-be96-ee72104d0c1a";"/sites/Equipe.Obras/Lists/Lista 14  Pendncias Ocorrncias e No Conformidades";"Máscara de Permissões Efetivas";"PermMask";"Computed";"False";"True";"True";"";""
"Lista 14 — Pendências, Ocorrências e Não Conformidades";"e2ac50ae-4db6-4fdd-be96-ee72104d0c1a";"/sites/Equipe.Obras/Lists/Lista 14  Pendncias Ocorrncias e No Conformidades";"Contagem de principais";"PrincipalCount";"Computed";"False";"True";"True";"";""
"Lista 14 — Pendências, Ocorrências e Não Conformidades";"e2ac50ae-4db6-4fdd-be96-ee72104d0c1a";"/sites/Equipe.Obras/Lists/Lista 14  Pendncias Ocorrncias e No Conformidades";"Nome";"FileLeafRef";"File";"False";"True";"False";"";""
"Lista 14 — Pendências, Ocorrências e Não Conformidades";"e2ac50ae-4db6-4fdd-be96-ee72104d0c1a";"/sites/Equipe.Obras/Lists/Lista 14  Pendncias Ocorrncias e No Conformidades";"Id Exclusiva";"UniqueId";"Lookup";"False";"True";"True";"";"UniqueId"
"Lista 14 — Pendências, Ocorrências e Não Conformidades";"e2ac50ae-4db6-4fdd-be96-ee72104d0c1a";"/sites/Equipe.Obras/Lists/Lista 14  Pendncias Ocorrncias e No Conformidades";"Identificador Pai do Documento";"ParentUniqueId";"Lookup";"False";"True";"True";"";"ParentUniqueId"
"Lista 14 — Pendências, Ocorrências e Não Conformidades";"e2ac50ae-4db6-4fdd-be96-ee72104d0c1a";"/sites/Equipe.Obras/Lists/Lista 14  Pendncias Ocorrncias e No Conformidades";"ID de Cliente";"SyncClientId";"Lookup";"False";"True";"True";"";"SyncClientId"
"Lista 14 — Pendências, Ocorrências e Não Conformidades";"e2ac50ae-4db6-4fdd-be96-ee72104d0c1a";"/sites/Equipe.Obras/Lists/Lista 14  Pendncias Ocorrncias e No Conformidades";"ProgId";"ProgId";"Lookup";"False";"True";"True";"";"ProgId"
"Lista 14 — Pendências, Ocorrências e Não Conformidades";"e2ac50ae-4db6-4fdd-be96-ee72104d0c1a";"/sites/Equipe.Obras/Lists/Lista 14  Pendncias Ocorrncias e No Conformidades";"ScopeId";"ScopeId";"Lookup";"False";"True";"True";"";"ScopeId"
"Lista 14 — Pendências, Ocorrências e Não Conformidades";"e2ac50ae-4db6-4fdd-be96-ee72104d0c1a";"/sites/Equipe.Obras/Lists/Lista 14  Pendncias Ocorrncias e No Conformidades";"Tipo de Arquivo HTML";"HTML_x0020_File_x0020_Type";"Computed";"False";"True";"True";"";""
"Lista 14 — Pendências, Ocorrências e Não Conformidades";"e2ac50ae-4db6-4fdd-be96-ee72104d0c1a";"/sites/Equipe.Obras/Lists/Lista 14  Pendncias Ocorrncias e No Conformidades";"Início da Tabela do Menu de Edição";"_EditMenuTableStart";"Computed";"False";"True";"True";"";""
"Lista 14 — Pendências, Ocorrências e Não Conformidades";"e2ac50ae-4db6-4fdd-be96-ee72104d0c1a";"/sites/Equipe.Obras/Lists/Lista 14  Pendncias Ocorrncias e No Conformidades";"Início da Tabela do Menu de Edição";"_EditMenuTableStart2";"Computed";"False";"True";"True";"";""
"Lista 14 — Pendências, Ocorrências e Não Conformidades";"e2ac50ae-4db6-4fdd-be96-ee72104d0c1a";"/sites/Equipe.Obras/Lists/Lista 14  Pendncias Ocorrncias e No Conformidades";"Fim da Tabela do Menu de Edição";"_EditMenuTableEnd";"Computed";"False";"True";"True";"";""
"Lista 14 — Pendências, Ocorrências e Não Conformidades";"e2ac50ae-4db6-4fdd-be96-ee72104d0c1a";"/sites/Equipe.Obras/Lists/Lista 14  Pendncias Ocorrncias e No Conformidades";"Nome";"LinkFilenameNoMenu";"Computed";"False";"True";"True";"";""
"Lista 14 — Pendências, Ocorrências e Não Conformidades";"e2ac50ae-4db6-4fdd-be96-ee72104d0c1a";"/sites/Equipe.Obras/Lists/Lista 14  Pendncias Ocorrncias e No Conformidades";"Nome";"LinkFilename";"Computed";"False";"True";"True";"";""
"Lista 14 — Pendências, Ocorrências e Não Conformidades";"e2ac50ae-4db6-4fdd-be96-ee72104d0c1a";"/sites/Equipe.Obras/Lists/Lista 14  Pendncias Ocorrncias e No Conformidades";"Nome";"LinkFilename2";"Computed";"False";"True";"True";"";""
"Lista 14 — Pendências, Ocorrências e Não Conformidades";"e2ac50ae-4db6-4fdd-be96-ee72104d0c1a";"/sites/Equipe.Obras/Lists/Lista 14  Pendncias Ocorrncias e No Conformidades";"Tipo";"DocIcon";"Computed";"False";"False";"True";"";""
"Lista 14 — Pendências, Ocorrências e Não Conformidades";"e2ac50ae-4db6-4fdd-be96-ee72104d0c1a";"/sites/Equipe.Obras/Lists/Lista 14  Pendncias Ocorrncias e No Conformidades";"URL Relativa do Servidor";"ServerUrl";"Computed";"False";"True";"True";"";""
"Lista 14 — Pendências, Ocorrências e Não Conformidades";"e2ac50ae-4db6-4fdd-be96-ee72104d0c1a";"/sites/Equipe.Obras/Lists/Lista 14  Pendncias Ocorrncias e No Conformidades";"URL Absoluta Codificada";"EncodedAbsUrl";"Computed";"False";"True";"True";"";""
"Lista 14 — Pendências, Ocorrências e Não Conformidades";"e2ac50ae-4db6-4fdd-be96-ee72104d0c1a";"/sites/Equipe.Obras/Lists/Lista 14  Pendncias Ocorrncias e No Conformidades";"Nome do Arquivo";"BaseName";"Computed";"False";"True";"True";"";""
"Lista 14 — Pendências, Ocorrências e Não Conformidades";"e2ac50ae-4db6-4fdd-be96-ee72104d0c1a";"/sites/Equipe.Obras/Lists/Lista 14  Pendncias Ocorrncias e No Conformidades";"Conjunto de Propriedades";"MetaInfo";"Lookup";"False";"True";"False";"";"MetaInfo"
"Lista 14 — Pendências, Ocorrências e Não Conformidades";"e2ac50ae-4db6-4fdd-be96-ee72104d0c1a";"/sites/Equipe.Obras/Lists/Lista 14  Pendncias Ocorrncias e No Conformidades";"Nível";"_Level";"Integer";"False";"True";"True";"";""
"Lista 14 — Pendências, Ocorrências e Não Conformidades";"e2ac50ae-4db6-4fdd-be96-ee72104d0c1a";"/sites/Equipe.Obras/Lists/Lista 14  Pendncias Ocorrncias e No Conformidades";"É a Versão Atual";"_IsCurrentVersion";"Boolean";"False";"True";"True";"";""
"Lista 14 — Pendências, Ocorrências e Não Conformidades";"e2ac50ae-4db6-4fdd-be96-ee72104d0c1a";"/sites/Equipe.Obras/Lists/Lista 14  Pendncias Ocorrncias e No Conformidades";"Contagem de Itens Filhos";"ItemChildCount";"Lookup";"False";"False";"True";"";"ItemChildCount"
"Lista 14 — Pendências, Ocorrências e Não Conformidades";"e2ac50ae-4db6-4fdd-be96-ee72104d0c1a";"/sites/Equipe.Obras/Lists/Lista 14  Pendncias Ocorrncias e No Conformidades";"Contagem de Elementos Filho da Pasta";"FolderChildCount";"Lookup";"False";"False";"True";"";"FolderChildCount"
"Lista 14 — Pendências, Ocorrências e Não Conformidades";"e2ac50ae-4db6-4fdd-be96-ee72104d0c1a";"/sites/Equipe.Obras/Lists/Lista 14  Pendncias Ocorrncias e No Conformidades";"Restrito";"Restricted";"Lookup";"False";"True";"True";"";"Restricted"
"Lista 14 — Pendências, Ocorrências e Não Conformidades";"e2ac50ae-4db6-4fdd-be96-ee72104d0c1a";"/sites/Equipe.Obras/Lists/Lista 14  Pendncias Ocorrncias e No Conformidades";"ID do Originador";"OriginatorId";"Lookup";"False";"True";"True";"";"OriginatorId"
"Lista 14 — Pendências, Ocorrências e Não Conformidades";"e2ac50ae-4db6-4fdd-be96-ee72104d0c1a";"/sites/Equipe.Obras/Lists/Lista 14  Pendncias Ocorrncias e No Conformidades";"NãoExecutar";"NoExecute";"Lookup";"False";"True";"True";"";"DocFlags"
"Lista 14 — Pendências, Ocorrências e Não Conformidades";"e2ac50ae-4db6-4fdd-be96-ee72104d0c1a";"/sites/Equipe.Obras/Lists/Lista 14  Pendncias Ocorrncias e No Conformidades";"Versão do Conteúdo";"ContentVersion";"Lookup";"False";"True";"True";"";"ContentVersion"
"Lista 14 — Pendências, Ocorrências e Não Conformidades";"e2ac50ae-4db6-4fdd-be96-ee72104d0c1a";"/sites/Equipe.Obras/Lists/Lista 14  Pendncias Ocorrncias e No Conformidades";"Configuração do rótulo";"_ComplianceFlags";"Lookup";"False";"False";"True";"";"ComplianceFlags"
"Lista 14 — Pendências, Ocorrências e Não Conformidades";"e2ac50ae-4db6-4fdd-be96-ee72104d0c1a";"/sites/Equipe.Obras/Lists/Lista 14  Pendncias Ocorrncias e No Conformidades";"Rótulo de retenção";"_ComplianceTag";"Lookup";"False";"False";"True";"";"ComplianceTag"
"Lista 14 — Pendências, Ocorrências e Não Conformidades";"e2ac50ae-4db6-4fdd-be96-ee72104d0c1a";"/sites/Equipe.Obras/Lists/Lista 14  Pendncias Ocorrncias e No Conformidades";"Rótulo de retenção Aplicado";"_ComplianceTagWrittenTime";"Lookup";"False";"False";"True";"";"ComplianceTagWrittenTime"
"Lista 14 — Pendências, Ocorrências e Não Conformidades";"e2ac50ae-4db6-4fdd-be96-ee72104d0c1a";"/sites/Equipe.Obras/Lists/Lista 14  Pendncias Ocorrncias e No Conformidades";"Rótulo aplicado por";"_ComplianceTagUserId";"Lookup";"False";"False";"True";"";"ComplianceTagUserId"
"Lista 14 — Pendências, Ocorrências e Não Conformidades";"e2ac50ae-4db6-4fdd-be96-ee72104d0c1a";"/sites/Equipe.Obras/Lists/Lista 14  Pendncias Ocorrncias e No Conformidades";"O item é um Registro";"_IsRecord";"Computed";"False";"False";"True";"";""
"Lista 14 — Pendências, Ocorrências e Não Conformidades";"e2ac50ae-4db6-4fdd-be96-ee72104d0c1a";"/sites/Equipe.Obras/Lists/Lista 14  Pendncias Ocorrncias e No Conformidades";"Política de Acesso";"AccessPolicy";"Lookup";"False";"True";"True";"";"AccessPolicy"
"Lista 14 — Pendências, Ocorrências e Não Conformidades";"e2ac50ae-4db6-4fdd-be96-ee72104d0c1a";"/sites/Equipe.Obras/Lists/Lista 14  Pendncias Ocorrncias e No Conformidades";"VirusStatus";"_VirusStatus";"Lookup";"False";"True";"True";"";"VirusStatus"
"Lista 14 — Pendências, Ocorrências e Não Conformidades";"e2ac50ae-4db6-4fdd-be96-ee72104d0c1a";"/sites/Equipe.Obras/Lists/Lista 14  Pendncias Ocorrncias e No Conformidades";"VirusVendorID";"_VirusVendorID";"Lookup";"False";"True";"True";"";"VirusVendorID"
"Lista 14 — Pendências, Ocorrências e Não Conformidades";"e2ac50ae-4db6-4fdd-be96-ee72104d0c1a";"/sites/Equipe.Obras/Lists/Lista 14  Pendncias Ocorrncias e No Conformidades";"VirusInfo";"_VirusInfo";"Lookup";"False";"True";"True";"";"VirusInfo"
"Lista 14 — Pendências, Ocorrências e Não Conformidades";"e2ac50ae-4db6-4fdd-be96-ee72104d0c1a";"/sites/Equipe.Obras/Lists/Lista 14  Pendncias Ocorrncias e No Conformidades";"RansomwareAnomalyMetaInfo";"_RansomwareAnomalyMetaInfo";"Lookup";"False";"True";"True";"";"RansomwareAnomalyMetaInfo"
"Lista 14 — Pendências, Ocorrências e Não Conformidades";"e2ac50ae-4db6-4fdd-be96-ee72104d0c1a";"/sites/Equipe.Obras/Lists/Lista 14  Pendncias Ocorrncias e No Conformidades";"ID do Proprietário do Rascunho";"_DraftOwnerId";"Lookup";"False";"True";"True";"";"DraftOwnerId"
"Lista 14 — Pendências, Ocorrências e Não Conformidades";"e2ac50ae-4db6-4fdd-be96-ee72104d0c1a";"/sites/Equipe.Obras/Lists/Lista 14  Pendncias Ocorrncias e No Conformidades";"Configurações do Link principal";"MainLinkSettings";"Computed";"False";"True";"True";"";""
"Lista 14 — Pendências, Ocorrências e Não Conformidades";"e2ac50ae-4db6-4fdd-be96-ee72104d0c1a";"/sites/Equipe.Obras/Lists/Lista 14  Pendncias Ocorrncias e No Conformidades";"Aplicativo Criado por";"AppAuthor";"Lookup";"False";"False";"True";"AppPrincipals";"Title"
"Lista 14 — Pendências, Ocorrências e Não Conformidades";"e2ac50ae-4db6-4fdd-be96-ee72104d0c1a";"/sites/Equipe.Obras/Lists/Lista 14  Pendncias Ocorrncias e No Conformidades";"Aplicativo Modificado por";"AppEditor";"Lookup";"False";"False";"True";"AppPrincipals";"Title"
"Lista 14 — Pendências, Ocorrências e Não Conformidades";"e2ac50ae-4db6-4fdd-be96-ee72104d0c1a";"/sites/Equipe.Obras/Lists/Lista 14  Pendncias Ocorrncias e No Conformidades";"Tamanho Total";"SMTotalSize";"Lookup";"False";"True";"True";"";"SMTotalSize"
"Lista 14 — Pendências, Ocorrências e Não Conformidades";"e2ac50ae-4db6-4fdd-be96-ee72104d0c1a";"/sites/Equipe.Obras/Lists/Lista 14  Pendncias Ocorrncias e No Conformidades";"Data da Última Modificação";"SMLastModifiedDate";"Lookup";"False";"True";"True";"";"SMLastModifiedDate"
"Lista 14 — Pendências, Ocorrências e Não Conformidades";"e2ac50ae-4db6-4fdd-be96-ee72104d0c1a";"/sites/Equipe.Obras/Lists/Lista 14  Pendncias Ocorrncias e No Conformidades";"Tamanho Total do Fluxo de Arquivos";"SMTotalFileStreamSize";"Lookup";"False";"True";"True";"";"SMTotalFileStreamSize"
"Lista 14 — Pendências, Ocorrências e Não Conformidades";"e2ac50ae-4db6-4fdd-be96-ee72104d0c1a";"/sites/Equipe.Obras/Lists/Lista 14  Pendncias Ocorrncias e No Conformidades";"Contagem Total de Arquivos";"SMTotalFileCount";"Lookup";"False";"True";"True";"";"SMTotalFileCount"
"Lista 14 — Pendências, Ocorrências e Não Conformidades";"e2ac50ae-4db6-4fdd-be96-ee72104d0c1a";"/sites/Equipe.Obras/Lists/Lista 14  Pendncias Ocorrncias e No Conformidades";"Configurações de comentários";"_CommentFlags";"Lookup";"False";"True";"True";"";"CommentFlags"
"Lista 14 — Pendências, Ocorrências e Não Conformidades";"e2ac50ae-4db6-4fdd-be96-ee72104d0c1a";"/sites/Equipe.Obras/Lists/Lista 14  Pendncias Ocorrncias e No Conformidades";"Contagem de comentário";"_CommentCount";"Lookup";"False";"True";"True";"";"CommentCount"
"Modelos de Formulário";"efcad999-48f5-445d-9fc5-6fe5ba271bb0";"/sites/Equipe.Obras/FormServerTemplates";"ID do Tipo de Conteúdo";"ContentTypeId";"ContentTypeId";"False";"True";"True";"";""
"Modelos de Formulário";"efcad999-48f5-445d-9fc5-6fe5ba271bb0";"/sites/Equipe.Obras/FormServerTemplates";"Comentários do Aprovador";"_ModerationComments";"Note";"False";"True";"True";"";""
"Modelos de Formulário";"efcad999-48f5-445d-9fc5-6fe5ba271bb0";"/sites/Equipe.Obras/FormServerTemplates";"Nome";"FileLeafRef";"File";"True";"False";"False";"";""
"Modelos de Formulário";"efcad999-48f5-445d-9fc5-6fe5ba271bb0";"/sites/Equipe.Obras/FormServerTemplates";"Documento Modificado por";"Modified_x0020_By";"Text";"False";"True";"True";"";""
"Modelos de Formulário";"efcad999-48f5-445d-9fc5-6fe5ba271bb0";"/sites/Equipe.Obras/FormServerTemplates";"Documento Criado por";"Created_x0020_By";"Text";"False";"True";"True";"";""
"Modelos de Formulário";"efcad999-48f5-445d-9fc5-6fe5ba271bb0";"/sites/Equipe.Obras/FormServerTemplates";"Tipo de Arquivo";"File_x0020_Type";"Text";"False";"True";"True";"";""
"Modelos de Formulário";"efcad999-48f5-445d-9fc5-6fe5ba271bb0";"/sites/Equipe.Obras/FormServerTemplates";"Tipo de Arquivo HTML";"HTML_x0020_File_x0020_Type";"Text";"False";"True";"True";"";""
"Modelos de Formulário";"efcad999-48f5-445d-9fc5-6fe5ba271bb0";"/sites/Equipe.Obras/FormServerTemplates";"URL da Fonte";"_SourceUrl";"Text";"False";"True";"False";"";""
"Modelos de Formulário";"efcad999-48f5-445d-9fc5-6fe5ba271bb0";"/sites/Equipe.Obras/FormServerTemplates";"Índice do Arquivo Compartilhado";"_SharedFileIndex";"Text";"False";"True";"False";"";""
"Modelos de Formulário";"efcad999-48f5-445d-9fc5-6fe5ba271bb0";"/sites/Equipe.Obras/FormServerTemplates";"Cor";"_ColorHex";"Text";"False";"True";"True";"";""
"Modelos de Formulário";"efcad999-48f5-445d-9fc5-6fe5ba271bb0";"/sites/Equipe.Obras/FormServerTemplates";"Pressione Delete para excluir o ícone.";"_ColorTag";"Text";"False";"False";"True";"";""
"Modelos de Formulário";"efcad999-48f5-445d-9fc5-6fe5ba271bb0";"/sites/Equipe.Obras/FormServerTemplates";"Emoji";"_Emoji";"Text";"False";"True";"True";"";""
"Modelos de Formulário";"efcad999-48f5-445d-9fc5-6fe5ba271bb0";"/sites/Equipe.Obras/FormServerTemplates";"Metadados Gerados pela Mídia";"MediaGeneratedMetadata";"Note";"False";"True";"True";"";""
"Modelos de Formulário";"efcad999-48f5-445d-9fc5-6fe5ba271bb0";"/sites/Equipe.Obras/FormServerTemplates";"Metadados do Usuário de Mídia";"MediaUserMetadata";"Note";"False";"True";"True";"";""
"Modelos de Formulário";"efcad999-48f5-445d-9fc5-6fe5ba271bb0";"/sites/Equipe.Obras/FormServerTemplates";"Metadados do arquivo de mídia";"ExtractedMetadataComputed";"Computed";"False";"True";"True";"";""
"Modelos de Formulário";"efcad999-48f5-445d-9fc5-6fe5ba271bb0";"/sites/Equipe.Obras/FormServerTemplates";"ID de Ativo de Conformidade";"ComplianceAssetId";"Text";"False";"False";"True";"";""
"Modelos de Formulário";"efcad999-48f5-445d-9fc5-6fe5ba271bb0";"/sites/Equipe.Obras/FormServerTemplates";"Título";"Title";"Text";"False";"False";"False";"";""
"Modelos de Formulário";"efcad999-48f5-445d-9fc5-6fe5ba271bb0";"/sites/Equipe.Obras/FormServerTemplates";"Link do Modelo";"TemplateUrl";"Text";"False";"True";"False";"";""
"Modelos de Formulário";"efcad999-48f5-445d-9fc5-6fe5ba271bb0";"/sites/Equipe.Obras/FormServerTemplates";"Link de Arquivo HTML";"xd_ProgID";"Text";"False";"True";"False";"";""
"Modelos de Formulário";"efcad999-48f5-445d-9fc5-6fe5ba271bb0";"/sites/Equipe.Obras/FormServerTemplates";"Está Assinado";"xd_Signature";"Boolean";"False";"True";"True";"";""
"Modelos de Formulário";"efcad999-48f5-445d-9fc5-6fe5ba271bb0";"/sites/Equipe.Obras/FormServerTemplates";"Sensibilidade Eficaz";"_EffectiveIpLabelDisplayName";"Computed";"False";"True";"True";"";""
"Modelos de Formulário";"efcad999-48f5-445d-9fc5-6fe5ba271bb0";"/sites/Equipe.Obras/FormServerTemplates";"URL do Atalho";"_ShortcutUrl";"URL";"False";"True";"False";"";""
"Modelos de Formulário";"efcad999-48f5-445d-9fc5-6fe5ba271bb0";"/sites/Equipe.Obras/FormServerTemplates";"ID do Site do Atalho";"_ShortcutSiteId";"Guid";"False";"True";"False";"";""
"Modelos de Formulário";"efcad999-48f5-445d-9fc5-6fe5ba271bb0";"/sites/Equipe.Obras/FormServerTemplates";"ID do Atalho da Web";"_ShortcutWebId";"Guid";"False";"True";"False";"";""
"Modelos de Formulário";"efcad999-48f5-445d-9fc5-6fe5ba271bb0";"/sites/Equipe.Obras/FormServerTemplates";"ID Exclusiva do Atalho";"_ShortcutUniqueId";"Guid";"False";"True";"False";"";""
"Modelos de Formulário";"efcad999-48f5-445d-9fc5-6fe5ba271bb0";"/sites/Equipe.Obras/FormServerTemplates";"Descrição";"_ExtendedDescription";"Note";"False";"False";"False";"";""
"Modelos de Formulário";"efcad999-48f5-445d-9fc5-6fe5ba271bb0";"/sites/Equipe.Obras/FormServerTemplates";"Informações sobre o Fluxo de Disparo";"TriggerFlowInfo";"Text";"False";"True";"True";"";""
"Modelos de Formulário";"efcad999-48f5-445d-9fc5-6fe5ba271bb0";"/sites/Equipe.Obras/FormServerTemplates";"Nome do Formulário";"FormName";"Text";"False";"False";"False";"";""
"Modelos de Formulário";"efcad999-48f5-445d-9fc5-6fe5ba271bb0";"/sites/Equipe.Obras/FormServerTemplates";"Categoria do Formulário";"FormCategory";"Text";"False";"False";"False";"";""
"Modelos de Formulário";"efcad999-48f5-445d-9fc5-6fe5ba271bb0";"/sites/Equipe.Obras/FormServerTemplates";"Versão do Formulário";"FormVersion";"Text";"False";"False";"False";"";""
"Modelos de Formulário";"efcad999-48f5-445d-9fc5-6fe5ba271bb0";"/sites/Equipe.Obras/FormServerTemplates";"Identificação do Formulário";"FormId";"Text";"False";"False";"False";"";""
"Modelos de Formulário";"efcad999-48f5-445d-9fc5-6fe5ba271bb0";"/sites/Equipe.Obras/FormServerTemplates";"Localidade do Formulário";"FormLocale";"Text";"False";"False";"False";"";""
"Modelos de Formulário";"efcad999-48f5-445d-9fc5-6fe5ba271bb0";"/sites/Equipe.Obras/FormServerTemplates";"Descrição do Formulário";"FormDescription";"Text";"False";"False";"False";"";""
"Modelos de Formulário";"efcad999-48f5-445d-9fc5-6fe5ba271bb0";"/sites/Equipe.Obras/FormServerTemplates";"Identificação do Tipo de Conteúdo";"CustomContentTypeId";"Text";"False";"True";"False";"";""
"Modelos de Formulário";"efcad999-48f5-445d-9fc5-6fe5ba271bb0";"/sites/Equipe.Obras/FormServerTemplates";"Mostrar no Catálogo";"ShowInCatalog";"Boolean";"False";"False";"False";"";""
"Modelos de Formulário";"efcad999-48f5-445d-9fc5-6fe5ba271bb0";"/sites/Equipe.Obras/FormServerTemplates";"Nome do Formulário";"LinkTemplateName";"Computed";"False";"False";"True";"";""
"Modelos de Formulário";"efcad999-48f5-445d-9fc5-6fe5ba271bb0";"/sites/Equipe.Obras/FormServerTemplates";"Selecionar";"SelectFilename";"Computed";"False";"True";"True";"";""
"Modelos de Formulário";"efcad999-48f5-445d-9fc5-6fe5ba271bb0";"/sites/Equipe.Obras/FormServerTemplates";"ID";"ID";"Counter";"False";"False";"True";"";""
"Modelos de Formulário";"efcad999-48f5-445d-9fc5-6fe5ba271bb0";"/sites/Equipe.Obras/FormServerTemplates";"Tipo de Conteúdo";"ContentType";"Computed";"False";"False";"False";"";""
"Modelos de Formulário";"efcad999-48f5-445d-9fc5-6fe5ba271bb0";"/sites/Equipe.Obras/FormServerTemplates";"Criado";"Created";"DateTime";"False";"False";"True";"";""
"Modelos de Formulário";"efcad999-48f5-445d-9fc5-6fe5ba271bb0";"/sites/Equipe.Obras/FormServerTemplates";"Criado por";"Author";"User";"False";"False";"True";"{ebc81507-41be-46f3-9eac-dafe1234a71d}";""
"Modelos de Formulário";"efcad999-48f5-445d-9fc5-6fe5ba271bb0";"/sites/Equipe.Obras/FormServerTemplates";"Modificado";"Modified";"DateTime";"False";"False";"True";"";""
"Modelos de Formulário";"efcad999-48f5-445d-9fc5-6fe5ba271bb0";"/sites/Equipe.Obras/FormServerTemplates";"Modificado por";"Editor";"User";"False";"False";"True";"{ebc81507-41be-46f3-9eac-dafe1234a71d}";""
"Modelos de Formulário";"efcad999-48f5-445d-9fc5-6fe5ba271bb0";"/sites/Equipe.Obras/FormServerTemplates";"Tem Destinos de Cópia";"_HasCopyDestinations";"Boolean";"False";"True";"True";"";""
"Modelos de Formulário";"efcad999-48f5-445d-9fc5-6fe5ba271bb0";"/sites/Equipe.Obras/FormServerTemplates";"Origem da Cópia";"_CopySource";"Text";"False";"False";"True";"";""
"Modelos de Formulário";"efcad999-48f5-445d-9fc5-6fe5ba271bb0";"/sites/Equipe.Obras/FormServerTemplates";"Status de Aprovação";"_ModerationStatus";"ModStat";"False";"True";"True";"";""
"Modelos de Formulário";"efcad999-48f5-445d-9fc5-6fe5ba271bb0";"/sites/Equipe.Obras/FormServerTemplates";"Caminho da URL";"FileRef";"Lookup";"False";"True";"True";"";"FullUrl"
"Modelos de Formulário";"efcad999-48f5-445d-9fc5-6fe5ba271bb0";"/sites/Equipe.Obras/FormServerTemplates";"Caminho";"FileDirRef";"Lookup";"False";"True";"True";"";"DirName"
"Modelos de Formulário";"efcad999-48f5-445d-9fc5-6fe5ba271bb0";"/sites/Equipe.Obras/FormServerTemplates";"Modificado";"Last_x0020_Modified";"Lookup";"False";"True";"True";"";"TimeLastModified"
"Modelos de Formulário";"efcad999-48f5-445d-9fc5-6fe5ba271bb0";"/sites/Equipe.Obras/FormServerTemplates";"Criado";"Created_x0020_Date";"Lookup";"False";"True";"True";"";"TimeCreated"
"Modelos de Formulário";"efcad999-48f5-445d-9fc5-6fe5ba271bb0";"/sites/Equipe.Obras/FormServerTemplates";"Tamanho do Arquivo";"File_x0020_Size";"Lookup";"False";"True";"True";"";"SizeInKB"
"Modelos de Formulário";"efcad999-48f5-445d-9fc5-6fe5ba271bb0";"/sites/Equipe.Obras/FormServerTemplates";"Tipo de Item";"FSObjType";"Lookup";"False";"True";"True";"";"FSType"
"Modelos de Formulário";"efcad999-48f5-445d-9fc5-6fe5ba271bb0";"/sites/Equipe.Obras/FormServerTemplates";"Tipo de Classificação";"SortBehavior";"Lookup";"False";"True";"True";"";"SortBehavior"
"Modelos de Formulário";"efcad999-48f5-445d-9fc5-6fe5ba271bb0";"/sites/Equipe.Obras/FormServerTemplates";"Máscara de Permissões Efetivas";"PermMask";"Computed";"False";"True";"True";"";""
"Modelos de Formulário";"efcad999-48f5-445d-9fc5-6fe5ba271bb0";"/sites/Equipe.Obras/FormServerTemplates";"Contagem de principais";"PrincipalCount";"Computed";"False";"True";"True";"";""
"Modelos de Formulário";"efcad999-48f5-445d-9fc5-6fe5ba271bb0";"/sites/Equipe.Obras/FormServerTemplates";"Identificação do usuário para quem o item está com check-out";"CheckedOutUserId";"Lookup";"False";"True";"True";"";"CheckoutUserId"
"Modelos de Formulário";"efcad999-48f5-445d-9fc5-6fe5ba271bb0";"/sites/Equipe.Obras/FormServerTemplates";"Está com Check-out para local";"IsCheckedoutToLocal";"Lookup";"False";"True";"True";"";"IsCheckoutToLocal"
"Modelos de Formulário";"efcad999-48f5-445d-9fc5-6fe5ba271bb0";"/sites/Equipe.Obras/FormServerTemplates";"Com Check-out para";"CheckoutUser";"User";"False";"False";"True";"{ebc81507-41be-46f3-9eac-dafe1234a71d}";""
"Modelos de Formulário";"efcad999-48f5-445d-9fc5-6fe5ba271bb0";"/sites/Equipe.Obras/FormServerTemplates";"Id Exclusiva";"UniqueId";"Lookup";"False";"True";"True";"";"UniqueId"
"Modelos de Formulário";"efcad999-48f5-445d-9fc5-6fe5ba271bb0";"/sites/Equipe.Obras/FormServerTemplates";"Identificador Pai do Documento";"ParentUniqueId";"Lookup";"False";"True";"True";"";"ParentUniqueId"
"Modelos de Formulário";"efcad999-48f5-445d-9fc5-6fe5ba271bb0";"/sites/Equipe.Obras/FormServerTemplates";"ID de Cliente";"SyncClientId";"Lookup";"False";"True";"True";"";"SyncClientId"
"Modelos de Formulário";"efcad999-48f5-445d-9fc5-6fe5ba271bb0";"/sites/Equipe.Obras/FormServerTemplates";"ProgId";"ProgId";"Lookup";"False";"True";"True";"";"ProgId"
"Modelos de Formulário";"efcad999-48f5-445d-9fc5-6fe5ba271bb0";"/sites/Equipe.Obras/FormServerTemplates";"ScopeId";"ScopeId";"Lookup";"False";"True";"True";"";"ScopeId"
"Modelos de Formulário";"efcad999-48f5-445d-9fc5-6fe5ba271bb0";"/sites/Equipe.Obras/FormServerTemplates";"Status de Vírus";"VirusStatus";"Lookup";"False";"True";"True";"";"Size"
"Modelos de Formulário";"efcad999-48f5-445d-9fc5-6fe5ba271bb0";"/sites/Equipe.Obras/FormServerTemplates";"Com Check-out para";"CheckedOutTitle";"Lookup";"False";"True";"True";"";"CheckedOutTitle"
"Modelos de Formulário";"efcad999-48f5-445d-9fc5-6fe5ba271bb0";"/sites/Equipe.Obras/FormServerTemplates";"Comentário sobre o Check-in";"_CheckinComment";"Lookup";"False";"False";"True";"";"CheckinComment"
"Modelos de Formulário";"efcad999-48f5-445d-9fc5-6fe5ba271bb0";"/sites/Equipe.Obras/FormServerTemplates";"Com Check-out para";"LinkCheckedOutTitle";"Computed";"False";"True";"True";"";""
"Modelos de Formulário";"efcad999-48f5-445d-9fc5-6fe5ba271bb0";"/sites/Equipe.Obras/FormServerTemplates";"Início da Tabela do Menu de Edição";"_EditMenuTableStart";"Computed";"False";"True";"True";"";""
"Modelos de Formulário";"efcad999-48f5-445d-9fc5-6fe5ba271bb0";"/sites/Equipe.Obras/FormServerTemplates";"Início da Tabela do Menu de Edição";"_EditMenuTableStart2";"Computed";"False";"True";"True";"";""
"Modelos de Formulário";"efcad999-48f5-445d-9fc5-6fe5ba271bb0";"/sites/Equipe.Obras/FormServerTemplates";"Fim da Tabela do Menu de Edição";"_EditMenuTableEnd";"Computed";"False";"True";"True";"";""
"Modelos de Formulário";"efcad999-48f5-445d-9fc5-6fe5ba271bb0";"/sites/Equipe.Obras/FormServerTemplates";"Nome";"LinkFilenameNoMenu";"Computed";"False";"False";"True";"";""
"Modelos de Formulário";"efcad999-48f5-445d-9fc5-6fe5ba271bb0";"/sites/Equipe.Obras/FormServerTemplates";"Nome";"LinkFilename";"Computed";"False";"False";"True";"";""
"Modelos de Formulário";"efcad999-48f5-445d-9fc5-6fe5ba271bb0";"/sites/Equipe.Obras/FormServerTemplates";"Nome";"LinkFilename2";"Computed";"False";"True";"True";"";""
"Modelos de Formulário";"efcad999-48f5-445d-9fc5-6fe5ba271bb0";"/sites/Equipe.Obras/FormServerTemplates";"Tipo";"DocIcon";"Computed";"False";"False";"True";"";""
"Modelos de Formulário";"efcad999-48f5-445d-9fc5-6fe5ba271bb0";"/sites/Equipe.Obras/FormServerTemplates";"URL Relativa do Servidor";"ServerUrl";"Computed";"False";"True";"True";"";""
"Modelos de Formulário";"efcad999-48f5-445d-9fc5-6fe5ba271bb0";"/sites/Equipe.Obras/FormServerTemplates";"URL Absoluta Codificada";"EncodedAbsUrl";"Computed";"False";"True";"True";"";""
"Modelos de Formulário";"efcad999-48f5-445d-9fc5-6fe5ba271bb0";"/sites/Equipe.Obras/FormServerTemplates";"Nome";"BaseName";"Computed";"False";"True";"True";"";""
"Modelos de Formulário";"efcad999-48f5-445d-9fc5-6fe5ba271bb0";"/sites/Equipe.Obras/FormServerTemplates";"Tamanho do Arquivo";"FileSizeDisplay";"Computed";"False";"False";"True";"";""
"Modelos de Formulário";"efcad999-48f5-445d-9fc5-6fe5ba271bb0";"/sites/Equipe.Obras/FormServerTemplates";"Conjunto de Propriedades";"MetaInfo";"Lookup";"False";"True";"False";"";"MetaInfo"
"Modelos de Formulário";"efcad999-48f5-445d-9fc5-6fe5ba271bb0";"/sites/Equipe.Obras/FormServerTemplates";"Nível";"_Level";"Integer";"False";"True";"True";"";""
"Modelos de Formulário";"efcad999-48f5-445d-9fc5-6fe5ba271bb0";"/sites/Equipe.Obras/FormServerTemplates";"É a Versão Atual";"_IsCurrentVersion";"Boolean";"False";"True";"True";"";""
"Modelos de Formulário";"efcad999-48f5-445d-9fc5-6fe5ba271bb0";"/sites/Equipe.Obras/FormServerTemplates";"Contagem de Itens Filhos";"ItemChildCount";"Lookup";"False";"False";"True";"";"ItemChildCount"
"Modelos de Formulário";"efcad999-48f5-445d-9fc5-6fe5ba271bb0";"/sites/Equipe.Obras/FormServerTemplates";"Contagem de Elementos Filho da Pasta";"FolderChildCount";"Lookup";"False";"False";"True";"";"FolderChildCount"
"Modelos de Formulário";"efcad999-48f5-445d-9fc5-6fe5ba271bb0";"/sites/Equipe.Obras/FormServerTemplates";"Restrito";"Restricted";"Lookup";"False";"True";"True";"";"Restricted"
"Modelos de Formulário";"efcad999-48f5-445d-9fc5-6fe5ba271bb0";"/sites/Equipe.Obras/FormServerTemplates";"ID do Originador";"OriginatorId";"Lookup";"False";"True";"True";"";"OriginatorId"
"Modelos de Formulário";"efcad999-48f5-445d-9fc5-6fe5ba271bb0";"/sites/Equipe.Obras/FormServerTemplates";"NãoExecutar";"NoExecute";"Lookup";"False";"True";"True";"";"DocFlags"
"Modelos de Formulário";"efcad999-48f5-445d-9fc5-6fe5ba271bb0";"/sites/Equipe.Obras/FormServerTemplates";"Versão do Conteúdo";"ContentVersion";"Lookup";"False";"True";"True";"";"ContentVersion"
"Modelos de Formulário";"efcad999-48f5-445d-9fc5-6fe5ba271bb0";"/sites/Equipe.Obras/FormServerTemplates";"Configuração do rótulo";"_ComplianceFlags";"Lookup";"False";"False";"True";"";"ComplianceFlags"
"Modelos de Formulário";"efcad999-48f5-445d-9fc5-6fe5ba271bb0";"/sites/Equipe.Obras/FormServerTemplates";"Rótulo de retenção";"_ComplianceTag";"Lookup";"False";"False";"True";"";"ComplianceTag"
"Modelos de Formulário";"efcad999-48f5-445d-9fc5-6fe5ba271bb0";"/sites/Equipe.Obras/FormServerTemplates";"Rótulo de retenção Aplicado";"_ComplianceTagWrittenTime";"Lookup";"False";"False";"True";"";"ComplianceTagWrittenTime"
"Modelos de Formulário";"efcad999-48f5-445d-9fc5-6fe5ba271bb0";"/sites/Equipe.Obras/FormServerTemplates";"Rótulo aplicado por";"_ComplianceTagUserId";"Lookup";"False";"False";"True";"";"ComplianceTagUserId"
"Modelos de Formulário";"efcad999-48f5-445d-9fc5-6fe5ba271bb0";"/sites/Equipe.Obras/FormServerTemplates";"O item é um Registro";"_IsRecord";"Computed";"False";"False";"True";"";""
"Modelos de Formulário";"efcad999-48f5-445d-9fc5-6fe5ba271bb0";"/sites/Equipe.Obras/FormServerTemplates";"Número de Sequência de BLOB";"BSN";"Lookup";"False";"True";"True";"";"BSN"
"Modelos de Formulário";"efcad999-48f5-445d-9fc5-6fe5ba271bb0";"/sites/Equipe.Obras/FormServerTemplates";"Listar Versão do Esquema";"_ListSchemaVersion";"Lookup";"False";"True";"True";"";"ListSchemaVersion"
"Modelos de Formulário";"efcad999-48f5-445d-9fc5-6fe5ba271bb0";"/sites/Equipe.Obras/FormServerTemplates";"Sujo";"_Dirty";"Lookup";"False";"True";"True";"";"Dirty"
"Modelos de Formulário";"efcad999-48f5-445d-9fc5-6fe5ba271bb0";"/sites/Equipe.Obras/FormServerTemplates";"É passível de análise";"_Parsable";"Lookup";"False";"True";"True";"";"DocFlags"
"Modelos de Formulário";"efcad999-48f5-445d-9fc5-6fe5ba271bb0";"/sites/Equipe.Obras/FormServerTemplates";"StubFile";"_StubFile";"Lookup";"False";"True";"True";"";"DocFlags"
"Modelos de Formulário";"efcad999-48f5-445d-9fc5-6fe5ba271bb0";"/sites/Equipe.Obras/FormServerTemplates";"HasEncryptedContent";"_HasEncryptedContent";"Lookup";"False";"True";"True";"";"DocFlags"
"Modelos de Formulário";"efcad999-48f5-445d-9fc5-6fe5ba271bb0";"/sites/Equipe.Obras/FormServerTemplates";"HasUserDefinedProtection";"_HasUserDefinedProtection";"Lookup";"False";"True";"True";"";"DocFlags"
"Modelos de Formulário";"efcad999-48f5-445d-9fc5-6fe5ba271bb0";"/sites/Equipe.Obras/FormServerTemplates";"Política de Acesso";"AccessPolicy";"Lookup";"False";"True";"True";"";"AccessPolicy"
"Modelos de Formulário";"efcad999-48f5-445d-9fc5-6fe5ba271bb0";"/sites/Equipe.Obras/FormServerTemplates";"VirusStatus";"_VirusStatus";"Lookup";"False";"True";"True";"";"VirusStatus"
"Modelos de Formulário";"efcad999-48f5-445d-9fc5-6fe5ba271bb0";"/sites/Equipe.Obras/FormServerTemplates";"VirusVendorID";"_VirusVendorID";"Lookup";"False";"True";"True";"";"VirusVendorID"
"Modelos de Formulário";"efcad999-48f5-445d-9fc5-6fe5ba271bb0";"/sites/Equipe.Obras/FormServerTemplates";"VirusInfo";"_VirusInfo";"Lookup";"False";"True";"True";"";"VirusInfo"
"Modelos de Formulário";"efcad999-48f5-445d-9fc5-6fe5ba271bb0";"/sites/Equipe.Obras/FormServerTemplates";"RansomwareAnomalyMetaInfo";"_RansomwareAnomalyMetaInfo";"Lookup";"False";"True";"True";"";"RansomwareAnomalyMetaInfo"
"Modelos de Formulário";"efcad999-48f5-445d-9fc5-6fe5ba271bb0";"/sites/Equipe.Obras/FormServerTemplates";"Configurações de comentários";"_CommentFlags";"Lookup";"False";"True";"True";"";"CommentFlags"
"Modelos de Formulário";"efcad999-48f5-445d-9fc5-6fe5ba271bb0";"/sites/Equipe.Obras/FormServerTemplates";"Contagem de comentário";"_CommentCount";"Lookup";"False";"False";"True";"";"CommentCount"
"Modelos de Formulário";"efcad999-48f5-445d-9fc5-6fe5ba271bb0";"/sites/Equipe.Obras/FormServerTemplates";"Contagem de curtidas";"_LikeCount";"Lookup";"False";"False";"True";"";"LikeCount"
"Modelos de Formulário";"efcad999-48f5-445d-9fc5-6fe5ba271bb0";"/sites/Equipe.Obras/FormServerTemplates";"ID do Modelo do Rights Management";"_RmsTemplateId";"Lookup";"False";"True";"True";"";"RmsTemplateId"
"Modelos de Formulário";"efcad999-48f5-445d-9fc5-6fe5ba271bb0";"/sites/Equipe.Obras/FormServerTemplates";"ID do rótulo de confidencialidade";"_IpLabelId";"Lookup";"False";"True";"True";"";"IpLabelId"
"Modelos de Formulário";"efcad999-48f5-445d-9fc5-6fe5ba271bb0";"/sites/Equipe.Obras/FormServerTemplates";"Confidencialidade";"_DisplayName";"Lookup";"False";"False";"True";"";"DisplayName"
"Modelos de Formulário";"efcad999-48f5-445d-9fc5-6fe5ba271bb0";"/sites/Equipe.Obras/FormServerTemplates";"Método de Atribuição de Rótulo de Confidencialidade";"_IpLabelAssignmentMethod";"Lookup";"False";"True";"True";"";"IpLabelAssignmentMethod"
"Modelos de Formulário";"efcad999-48f5-445d-9fc5-6fe5ba271bb0";"/sites/Equipe.Obras/FormServerTemplates";"Contagem de Montagem de A2OD";"A2ODMountCount";"Lookup";"False";"True";"True";"";"A2ODMountCount"
"Modelos de Formulário";"efcad999-48f5-445d-9fc5-6fe5ba271bb0";"/sites/Equipe.Obras/FormServerTemplates";"Data de Validade";"_ExpirationDate";"Lookup";"False";"True";"True";"";"ExpirationDate"
"Modelos de Formulário";"efcad999-48f5-445d-9fc5-6fe5ba271bb0";"/sites/Equipe.Obras/FormServerTemplates";"IpLabelHash";"_IpLabelHash";"Lookup";"False";"True";"True";"";"IpLabelHash"
"Modelos de Formulário";"efcad999-48f5-445d-9fc5-6fe5ba271bb0";"/sites/Equipe.Obras/FormServerTemplates";"IpLabelPromotionCtagVersion";"_IpLabelPromotionCtagVersion";"Lookup";"False";"True";"True";"";"IpLabelPromotionCtagVersion"
"Modelos de Formulário";"efcad999-48f5-445d-9fc5-6fe5ba271bb0";"/sites/Equipe.Obras/FormServerTemplates";"ID do Proprietário do Rascunho";"_DraftOwnerId";"Lookup";"False";"True";"True";"";"DraftOwnerId"
"Modelos de Formulário";"efcad999-48f5-445d-9fc5-6fe5ba271bb0";"/sites/Equipe.Obras/FormServerTemplates";"Metadados do Rótulo de Confidencialidade";"_IpLabelMetaInfo";"Lookup";"False";"True";"True";"";"IpLabelMetaInfo"
"Modelos de Formulário";"efcad999-48f5-445d-9fc5-6fe5ba271bb0";"/sites/Equipe.Obras/FormServerTemplates";"AdditionalStreamSize";"_AdditionalStreamSize";"Lookup";"False";"True";"True";"";"AdditionalStreamSize"
"Modelos de Formulário";"efcad999-48f5-445d-9fc5-6fe5ba271bb0";"/sites/Equipe.Obras/FormServerTemplates";"StreamScenarioIds";"_StreamScenarioIds";"Lookup";"False";"True";"True";"";"StreamScenarioIds"
"Modelos de Formulário";"efcad999-48f5-445d-9fc5-6fe5ba271bb0";"/sites/Equipe.Obras/FormServerTemplates";"Status de Arquivamento";"_FileArchiveStatus";"Lookup";"False";"True";"True";"";"FileArchiveStatus"
"Modelos de Formulário";"efcad999-48f5-445d-9fc5-6fe5ba271bb0";"/sites/Equipe.Obras/FormServerTemplates";"Metadados do arquivo de mídia";"_ExtractedMetadata";"Lookup";"False";"True";"True";"";"ExtractedMetadata"
"Modelos de Formulário";"efcad999-48f5-445d-9fc5-6fe5ba271bb0";"/sites/Equipe.Obras/FormServerTemplates";"Última Modificação do Estado do Arquivo";"_FileArchiveTimeLastModified";"Lookup";"False";"True";"True";"";"FileArchiveTimeLastModified"
"Modelos de Formulário";"efcad999-48f5-445d-9fc5-6fe5ba271bb0";"/sites/Equipe.Obras/FormServerTemplates";"Configurações do Link principal";"MainLinkSettings";"Computed";"False";"True";"True";"";""
"Modelos de Formulário";"efcad999-48f5-445d-9fc5-6fe5ba271bb0";"/sites/Equipe.Obras/FormServerTemplates";"Aplicativo Criado por";"AppAuthor";"Lookup";"False";"False";"True";"AppPrincipals";"Title"
"Modelos de Formulário";"efcad999-48f5-445d-9fc5-6fe5ba271bb0";"/sites/Equipe.Obras/FormServerTemplates";"Aplicativo Modificado por";"AppEditor";"Lookup";"False";"False";"True";"AppPrincipals";"Title"
"Modelos de Formulário";"efcad999-48f5-445d-9fc5-6fe5ba271bb0";"/sites/Equipe.Obras/FormServerTemplates";"Tamanho Total";"SMTotalSize";"Lookup";"False";"True";"True";"";"SMTotalSize"
"Modelos de Formulário";"efcad999-48f5-445d-9fc5-6fe5ba271bb0";"/sites/Equipe.Obras/FormServerTemplates";"Data da Última Modificação";"SMLastModifiedDate";"Lookup";"False";"True";"True";"";"SMLastModifiedDate"
"Modelos de Formulário";"efcad999-48f5-445d-9fc5-6fe5ba271bb0";"/sites/Equipe.Obras/FormServerTemplates";"Tamanho Total do Fluxo de Arquivos";"SMTotalFileStreamSize";"Lookup";"False";"True";"True";"";"SMTotalFileStreamSize"
"Modelos de Formulário";"efcad999-48f5-445d-9fc5-6fe5ba271bb0";"/sites/Equipe.Obras/FormServerTemplates";"Contagem Total de Arquivos";"SMTotalFileCount";"Lookup";"False";"True";"True";"";"SMTotalFileCount"
"Modelos de Formulário";"efcad999-48f5-445d-9fc5-6fe5ba271bb0";"/sites/Equipe.Obras/FormServerTemplates";"Selecionar";"SelectTitle";"Computed";"False";"True";"True";"";""
"Modelos de Formulário";"efcad999-48f5-445d-9fc5-6fe5ba271bb0";"/sites/Equipe.Obras/FormServerTemplates";"Editar";"Edit";"Computed";"False";"False";"True";"";""
"Modelos de Formulário";"efcad999-48f5-445d-9fc5-6fe5ba271bb0";"/sites/Equipe.Obras/FormServerTemplates";"owshiddenversion";"owshiddenversion";"Integer";"False";"True";"True";"";""
"Modelos de Formulário";"efcad999-48f5-445d-9fc5-6fe5ba271bb0";"/sites/Equipe.Obras/FormServerTemplates";"Versão da UI";"_UIVersion";"Integer";"False";"True";"True";"";""
"Modelos de Formulário";"efcad999-48f5-445d-9fc5-6fe5ba271bb0";"/sites/Equipe.Obras/FormServerTemplates";"Versão";"_UIVersionString";"Text";"False";"False";"True";"";""
"Modelos de Formulário";"efcad999-48f5-445d-9fc5-6fe5ba271bb0";"/sites/Equipe.Obras/FormServerTemplates";"ID da Instância";"InstanceID";"Integer";"False";"True";"True";"";""
"Modelos de Formulário";"efcad999-48f5-445d-9fc5-6fe5ba271bb0";"/sites/Equipe.Obras/FormServerTemplates";"Ordem";"Order";"Number";"False";"True";"False";"";""
"Modelos de Formulário";"efcad999-48f5-445d-9fc5-6fe5ba271bb0";"/sites/Equipe.Obras/FormServerTemplates";"GUID";"GUID";"Guid";"False";"True";"True";"";""
"Modelos de Formulário";"efcad999-48f5-445d-9fc5-6fe5ba271bb0";"/sites/Equipe.Obras/FormServerTemplates";"Versão do Fluxo de Trabalho";"WorkflowVersion";"Integer";"False";"True";"True";"";""
"Modelos de Formulário";"efcad999-48f5-445d-9fc5-6fe5ba271bb0";"/sites/Equipe.Obras/FormServerTemplates";"ID da Instância do Fluxo de Trabalho";"WorkflowInstanceID";"Guid";"False";"True";"True";"";""
"Modelos de Formulário";"efcad999-48f5-445d-9fc5-6fe5ba271bb0";"/sites/Equipe.Obras/FormServerTemplates";"Versão de Origem (Documento Convertido)";"ParentVersionString";"Lookup";"False";"False";"True";"";"ParentVersionString"
"Modelos de Formulário";"efcad999-48f5-445d-9fc5-6fe5ba271bb0";"/sites/Equipe.Obras/FormServerTemplates";"Nome de Origem (Documento Convertido)";"ParentLeafName";"Lookup";"False";"False";"True";"";"ParentLeafName"
"Modelos de Formulário";"efcad999-48f5-445d-9fc5-6fe5ba271bb0";"/sites/Equipe.Obras/FormServerTemplates";"Número de Simultaneidade de Documentos";"DocConcurrencyNumber";"Lookup";"False";"True";"True";"";"DocConcurrencyNumber"
"Modelos de Formulário";"efcad999-48f5-445d-9fc5-6fe5ba271bb0";"/sites/Equipe.Obras/FormServerTemplates";"Hash de Fluxo do Documento";"StreamHash";"Lookup";"False";"True";"True";"";"StreamHash"
"Modelos de Formulário";"efcad999-48f5-445d-9fc5-6fe5ba271bb0";"/sites/Equipe.Obras/FormServerTemplates";"Mesclar";"Combine";"Computed";"False";"True";"True";"";""
"Modelos de Formulário";"efcad999-48f5-445d-9fc5-6fe5ba271bb0";"/sites/Equipe.Obras/FormServerTemplates";"Vincular Novamente";"RepairDocument";"Computed";"False";"True";"True";"";""
"Modelos de Formulário";"efcad999-48f5-445d-9fc5-6fe5ba271bb0";"/sites/Equipe.Obras/FormServerTemplates";"Ações Desabilitadas pela Política";"PolicyDisabledUICapabilities";"Computed";"False";"True";"True";"";""
"Páginas do Site";"727bf176-78a3-44a3-bbe5-957608f41be0";"/sites/Equipe.Obras/SitePages";"ID do Tipo de Conteúdo";"ContentTypeId";"ContentTypeId";"False";"True";"True";"";""
"Páginas do Site";"727bf176-78a3-44a3-bbe5-957608f41be0";"/sites/Equipe.Obras/SitePages";"Comentários do Aprovador";"_ModerationComments";"Note";"False";"True";"True";"";""
"Páginas do Site";"727bf176-78a3-44a3-bbe5-957608f41be0";"/sites/Equipe.Obras/SitePages";"Nome";"FileLeafRef";"File";"True";"False";"False";"";""
"Páginas do Site";"727bf176-78a3-44a3-bbe5-957608f41be0";"/sites/Equipe.Obras/SitePages";"Documento Modificado por";"Modified_x0020_By";"Text";"False";"True";"True";"";""
"Páginas do Site";"727bf176-78a3-44a3-bbe5-957608f41be0";"/sites/Equipe.Obras/SitePages";"Documento Criado por";"Created_x0020_By";"Text";"False";"True";"True";"";""
"Páginas do Site";"727bf176-78a3-44a3-bbe5-957608f41be0";"/sites/Equipe.Obras/SitePages";"Tipo de Arquivo";"File_x0020_Type";"Text";"False";"True";"True";"";""
"Páginas do Site";"727bf176-78a3-44a3-bbe5-957608f41be0";"/sites/Equipe.Obras/SitePages";"Tipo de Arquivo HTML";"HTML_x0020_File_x0020_Type";"Text";"False";"True";"True";"";""
"Páginas do Site";"727bf176-78a3-44a3-bbe5-957608f41be0";"/sites/Equipe.Obras/SitePages";"URL da Fonte";"_SourceUrl";"Text";"False";"True";"False";"";""
"Páginas do Site";"727bf176-78a3-44a3-bbe5-957608f41be0";"/sites/Equipe.Obras/SitePages";"Índice do Arquivo Compartilhado";"_SharedFileIndex";"Text";"False";"True";"False";"";""
"Páginas do Site";"727bf176-78a3-44a3-bbe5-957608f41be0";"/sites/Equipe.Obras/SitePages";"Cor";"_ColorHex";"Text";"False";"True";"True";"";""
"Páginas do Site";"727bf176-78a3-44a3-bbe5-957608f41be0";"/sites/Equipe.Obras/SitePages";"Pressione Delete para excluir o ícone.";"_ColorTag";"Text";"False";"False";"True";"";""
"Páginas do Site";"727bf176-78a3-44a3-bbe5-957608f41be0";"/sites/Equipe.Obras/SitePages";"Emoji";"_Emoji";"Text";"False";"True";"True";"";""
"Páginas do Site";"727bf176-78a3-44a3-bbe5-957608f41be0";"/sites/Equipe.Obras/SitePages";"Metadados Gerados pela Mídia";"MediaGeneratedMetadata";"Note";"False";"True";"True";"";""
"Páginas do Site";"727bf176-78a3-44a3-bbe5-957608f41be0";"/sites/Equipe.Obras/SitePages";"Metadados do Usuário de Mídia";"MediaUserMetadata";"Note";"False";"True";"True";"";""
"Páginas do Site";"727bf176-78a3-44a3-bbe5-957608f41be0";"/sites/Equipe.Obras/SitePages";"Metadados do arquivo de mídia";"ExtractedMetadataComputed";"Computed";"False";"True";"True";"";""
"Páginas do Site";"727bf176-78a3-44a3-bbe5-957608f41be0";"/sites/Equipe.Obras/SitePages";"ID de Ativo de Conformidade";"ComplianceAssetId";"Text";"False";"False";"True";"";""
"Páginas do Site";"727bf176-78a3-44a3-bbe5-957608f41be0";"/sites/Equipe.Obras/SitePages";"Conteúdo Wiki";"WikiField";"Note";"False";"False";"False";"";""
"Páginas do Site";"727bf176-78a3-44a3-bbe5-957608f41be0";"/sites/Equipe.Obras/SitePages";"Título";"Title";"Text";"False";"False";"False";"";""
"Páginas do Site";"727bf176-78a3-44a3-bbe5-957608f41be0";"/sites/Equipe.Obras/SitePages";"ID da Página de Aplicativo do Cliente";"ClientSideApplicationId";"Guid";"False";"True";"False";"";""
"Páginas do Site";"727bf176-78a3-44a3-bbe5-957608f41be0";"/sites/Equipe.Obras/SitePages";"Tipo de Layout de Página";"PageLayoutType";"Text";"False";"True";"False";"";""
"Páginas do Site";"727bf176-78a3-44a3-bbe5-957608f41be0";"/sites/Equipe.Obras/SitePages";"Conteúdo de Tela de Criação";"CanvasContent1";"HTML";"False";"False";"False";"";""
"Páginas do Site";"727bf176-78a3-44a3-bbe5-957608f41be0";"/sites/Equipe.Obras/SitePages";"URL da Imagem da Faixa";"BannerImageUrl";"URL";"False";"False";"False";"";""
"Páginas do Site";"727bf176-78a3-44a3-bbe5-957608f41be0";"/sites/Equipe.Obras/SitePages";"Deslocamento da Imagem da Faixa";"BannerImageOffset";"Text";"False";"True";"False";"";""
"Páginas do Site";"727bf176-78a3-44a3-bbe5-957608f41be0";"/sites/Equipe.Obras/SitePages";"Descrição";"Description";"Note";"False";"False";"True";"";""
"Páginas do Site";"727bf176-78a3-44a3-bbe5-957608f41be0";"/sites/Equipe.Obras/SitePages";"Estado Promovido";"PromotedState";"Number";"False";"False";"True";"";""
"Páginas do Site";"727bf176-78a3-44a3-bbe5-957608f41be0";"/sites/Equipe.Obras/SitePages";"Primeira Data de Publicação";"FirstPublishedDate";"DateTime";"False";"False";"True";"";""
"Páginas do Site";"727bf176-78a3-44a3-bbe5-957608f41be0";"/sites/Equipe.Obras/SitePages";"Conteúdo de Layout da Página";"LayoutWebpartsContent";"HTML";"False";"False";"False";"";""
"Páginas do Site";"727bf176-78a3-44a3-bbe5-957608f41be0";"/sites/Equipe.Obras/SitePages";"Subtítulo do Autor";"_AuthorByline";"UserMulti";"False";"False";"False";"{ebc81507-41be-46f3-9eac-dafe1234a71d}";""
"Páginas do Site";"727bf176-78a3-44a3-bbe5-957608f41be0";"/sites/Equipe.Obras/SitePages";"Cabeçalho do tópico";"_TopicHeader";"Text";"False";"False";"False";"";""
"Páginas do Site";"727bf176-78a3-44a3-bbe5-957608f41be0";"/sites/Equipe.Obras/SitePages";"Sinalizadores de Página de Site";"_SPSitePageFlags";"MultiChoice";"False";"False";"True";"";""
"Páginas do Site";"727bf176-78a3-44a3-bbe5-957608f41be0";"/sites/Equipe.Obras/SitePages";"ID da Pasta de Ativos";"_SPAssetFolderId";"Number";"False";"True";"True";"";""
"Páginas do Site";"727bf176-78a3-44a3-bbe5-957608f41be0";"/sites/Equipe.Obras/SitePages";"Chamada para ação";"_SPCallToAction";"Note";"False";"False";"False";"";""
"Páginas do Site";"727bf176-78a3-44a3-bbe5-957608f41be0";"/sites/Equipe.Obras/SitePages";"Colaboradores";"_SPCollaborators";"Note";"False";"True";"True";"";""
"Páginas do Site";"727bf176-78a3-44a3-bbe5-957608f41be0";"/sites/Equipe.Obras/SitePages";"Criando Metadados";"_SPAuthoringMetadata";"Note";"False";"True";"True";"";""
"Páginas do Site";"727bf176-78a3-44a3-bbe5-957608f41be0";"/sites/Equipe.Obras/SitePages";"Título";"LinkTitle";"Computed";"False";"False";"True";"";""
"Páginas do Site";"727bf176-78a3-44a3-bbe5-957608f41be0";"/sites/Equipe.Obras/SitePages";"URL de Origem Original";"_OriginalSourceUrl";"Text";"False";"False";"True";"";""
"Páginas do Site";"727bf176-78a3-44a3-bbe5-957608f41be0";"/sites/Equipe.Obras/SitePages";"ID do Site de Origem Original";"_OriginalSourceSiteId";"Guid";"False";"False";"True";"";""
"Páginas do Site";"727bf176-78a3-44a3-bbe5-957608f41be0";"/sites/Equipe.Obras/SitePages";"ID da Web de Origem Original";"_OriginalSourceWebId";"Guid";"False";"False";"True";"";""
"Páginas do Site";"727bf176-78a3-44a3-bbe5-957608f41be0";"/sites/Equipe.Obras/SitePages";"ID da Lista de Origem Original";"_OriginalSourceListId";"Guid";"False";"False";"True";"";""
"Páginas do Site";"727bf176-78a3-44a3-bbe5-957608f41be0";"/sites/Equipe.Obras/SitePages";"ID do Item de Origem Original";"_OriginalSourceItemId";"Guid";"False";"False";"True";"";""
"Páginas do Site";"727bf176-78a3-44a3-bbe5-957608f41be0";"/sites/Equipe.Obras/SitePages";"Selecionar";"SelectFilename";"Computed";"False";"True";"True";"";""
"Páginas do Site";"727bf176-78a3-44a3-bbe5-957608f41be0";"/sites/Equipe.Obras/SitePages";"Destaques Ocultos de Viva Topics";"_SPHiddenHighlightsMetadata";"Note";"False";"True";"False";"";""
"Páginas do Site";"727bf176-78a3-44a3-bbe5-957608f41be0";"/sites/Equipe.Obras/SitePages";"Ocultar Editor de Lista de Destaques";"_SPHideListEditorMetadata";"User";"False";"True";"False";"{ebc81507-41be-46f3-9eac-dafe1234a71d}";""
"Páginas do Site";"727bf176-78a3-44a3-bbe5-957608f41be0";"/sites/Equipe.Obras/SitePages";"ID";"ID";"Counter";"False";"False";"True";"";""
"Páginas do Site";"727bf176-78a3-44a3-bbe5-957608f41be0";"/sites/Equipe.Obras/SitePages";"Tipo de Conteúdo";"ContentType";"Computed";"False";"False";"False";"";""
"Páginas do Site";"727bf176-78a3-44a3-bbe5-957608f41be0";"/sites/Equipe.Obras/SitePages";"Criado";"Created";"DateTime";"False";"False";"True";"";""
"Páginas do Site";"727bf176-78a3-44a3-bbe5-957608f41be0";"/sites/Equipe.Obras/SitePages";"Criado por";"Author";"User";"False";"False";"True";"{ebc81507-41be-46f3-9eac-dafe1234a71d}";""
"Páginas do Site";"727bf176-78a3-44a3-bbe5-957608f41be0";"/sites/Equipe.Obras/SitePages";"Modificado";"Modified";"DateTime";"False";"False";"True";"";""
"Páginas do Site";"727bf176-78a3-44a3-bbe5-957608f41be0";"/sites/Equipe.Obras/SitePages";"Modificado por";"Editor";"User";"False";"False";"True";"{ebc81507-41be-46f3-9eac-dafe1234a71d}";""
"Páginas do Site";"727bf176-78a3-44a3-bbe5-957608f41be0";"/sites/Equipe.Obras/SitePages";"Tem Destinos de Cópia";"_HasCopyDestinations";"Boolean";"False";"True";"True";"";""
"Páginas do Site";"727bf176-78a3-44a3-bbe5-957608f41be0";"/sites/Equipe.Obras/SitePages";"Origem da Cópia";"_CopySource";"Text";"False";"False";"True";"";""
"Páginas do Site";"727bf176-78a3-44a3-bbe5-957608f41be0";"/sites/Equipe.Obras/SitePages";"Status de Aprovação";"_ModerationStatus";"ModStat";"False";"True";"True";"";""
"Páginas do Site";"727bf176-78a3-44a3-bbe5-957608f41be0";"/sites/Equipe.Obras/SitePages";"Caminho da URL";"FileRef";"Lookup";"False";"True";"True";"";"FullUrl"
"Páginas do Site";"727bf176-78a3-44a3-bbe5-957608f41be0";"/sites/Equipe.Obras/SitePages";"Caminho";"FileDirRef";"Lookup";"False";"True";"True";"";"DirName"
"Páginas do Site";"727bf176-78a3-44a3-bbe5-957608f41be0";"/sites/Equipe.Obras/SitePages";"Modificado";"Last_x0020_Modified";"Lookup";"False";"True";"True";"";"TimeLastModified"
"Páginas do Site";"727bf176-78a3-44a3-bbe5-957608f41be0";"/sites/Equipe.Obras/SitePages";"Criado";"Created_x0020_Date";"Lookup";"False";"True";"True";"";"TimeCreated"
"Páginas do Site";"727bf176-78a3-44a3-bbe5-957608f41be0";"/sites/Equipe.Obras/SitePages";"Tamanho do Arquivo";"File_x0020_Size";"Lookup";"False";"True";"True";"";"SizeInKB"
"Páginas do Site";"727bf176-78a3-44a3-bbe5-957608f41be0";"/sites/Equipe.Obras/SitePages";"Tipo de Item";"FSObjType";"Lookup";"False";"True";"True";"";"FSType"
"Páginas do Site";"727bf176-78a3-44a3-bbe5-957608f41be0";"/sites/Equipe.Obras/SitePages";"Tipo de Classificação";"SortBehavior";"Lookup";"False";"True";"True";"";"SortBehavior"
"Páginas do Site";"727bf176-78a3-44a3-bbe5-957608f41be0";"/sites/Equipe.Obras/SitePages";"Máscara de Permissões Efetivas";"PermMask";"Computed";"False";"True";"True";"";""
"Páginas do Site";"727bf176-78a3-44a3-bbe5-957608f41be0";"/sites/Equipe.Obras/SitePages";"Contagem de principais";"PrincipalCount";"Computed";"False";"True";"True";"";""
"Páginas do Site";"727bf176-78a3-44a3-bbe5-957608f41be0";"/sites/Equipe.Obras/SitePages";"Identificação do usuário para quem o item está com check-out";"CheckedOutUserId";"Lookup";"False";"True";"True";"";"CheckoutUserId"
"Páginas do Site";"727bf176-78a3-44a3-bbe5-957608f41be0";"/sites/Equipe.Obras/SitePages";"Está com Check-out para local";"IsCheckedoutToLocal";"Lookup";"False";"True";"True";"";"IsCheckoutToLocal"
"Páginas do Site";"727bf176-78a3-44a3-bbe5-957608f41be0";"/sites/Equipe.Obras/SitePages";"Com Check-out para";"CheckoutUser";"User";"False";"False";"True";"{ebc81507-41be-46f3-9eac-dafe1234a71d}";""
"Páginas do Site";"727bf176-78a3-44a3-bbe5-957608f41be0";"/sites/Equipe.Obras/SitePages";"Id Exclusiva";"UniqueId";"Lookup";"False";"True";"True";"";"UniqueId"
"Páginas do Site";"727bf176-78a3-44a3-bbe5-957608f41be0";"/sites/Equipe.Obras/SitePages";"Identificador Pai do Documento";"ParentUniqueId";"Lookup";"False";"True";"True";"";"ParentUniqueId"
"Páginas do Site";"727bf176-78a3-44a3-bbe5-957608f41be0";"/sites/Equipe.Obras/SitePages";"ID de Cliente";"SyncClientId";"Lookup";"False";"True";"True";"";"SyncClientId"
"Páginas do Site";"727bf176-78a3-44a3-bbe5-957608f41be0";"/sites/Equipe.Obras/SitePages";"ProgId";"ProgId";"Lookup";"False";"True";"True";"";"ProgId"
"Páginas do Site";"727bf176-78a3-44a3-bbe5-957608f41be0";"/sites/Equipe.Obras/SitePages";"ScopeId";"ScopeId";"Lookup";"False";"True";"True";"";"ScopeId"
"Páginas do Site";"727bf176-78a3-44a3-bbe5-957608f41be0";"/sites/Equipe.Obras/SitePages";"Status de Vírus";"VirusStatus";"Lookup";"False";"True";"True";"";"Size"
"Páginas do Site";"727bf176-78a3-44a3-bbe5-957608f41be0";"/sites/Equipe.Obras/SitePages";"Com Check-out para";"CheckedOutTitle";"Lookup";"False";"True";"True";"";"CheckedOutTitle"
"Páginas do Site";"727bf176-78a3-44a3-bbe5-957608f41be0";"/sites/Equipe.Obras/SitePages";"Comentário sobre o Check-in";"_CheckinComment";"Lookup";"False";"False";"True";"";"CheckinComment"
"Páginas do Site";"727bf176-78a3-44a3-bbe5-957608f41be0";"/sites/Equipe.Obras/SitePages";"Com Check-out para";"LinkCheckedOutTitle";"Computed";"False";"True";"True";"";""
"Páginas do Site";"727bf176-78a3-44a3-bbe5-957608f41be0";"/sites/Equipe.Obras/SitePages";"Início da Tabela do Menu de Edição";"_EditMenuTableStart";"Computed";"False";"True";"True";"";""
"Páginas do Site";"727bf176-78a3-44a3-bbe5-957608f41be0";"/sites/Equipe.Obras/SitePages";"Início da Tabela do Menu de Edição";"_EditMenuTableStart2";"Computed";"False";"True";"True";"";""
"Páginas do Site";"727bf176-78a3-44a3-bbe5-957608f41be0";"/sites/Equipe.Obras/SitePages";"Fim da Tabela do Menu de Edição";"_EditMenuTableEnd";"Computed";"False";"True";"True";"";""
"Páginas do Site";"727bf176-78a3-44a3-bbe5-957608f41be0";"/sites/Equipe.Obras/SitePages";"Nome";"LinkFilenameNoMenu";"Computed";"False";"False";"True";"";""
"Páginas do Site";"727bf176-78a3-44a3-bbe5-957608f41be0";"/sites/Equipe.Obras/SitePages";"Nome";"LinkFilename";"Computed";"False";"False";"True";"";""
"Páginas do Site";"727bf176-78a3-44a3-bbe5-957608f41be0";"/sites/Equipe.Obras/SitePages";"Nome";"LinkFilename2";"Computed";"False";"True";"True";"";""
"Páginas do Site";"727bf176-78a3-44a3-bbe5-957608f41be0";"/sites/Equipe.Obras/SitePages";"Tipo";"DocIcon";"Computed";"False";"False";"True";"";""
"Páginas do Site";"727bf176-78a3-44a3-bbe5-957608f41be0";"/sites/Equipe.Obras/SitePages";"URL Relativa do Servidor";"ServerUrl";"Computed";"False";"True";"True";"";""
"Páginas do Site";"727bf176-78a3-44a3-bbe5-957608f41be0";"/sites/Equipe.Obras/SitePages";"URL Absoluta Codificada";"EncodedAbsUrl";"Computed";"False";"True";"True";"";""
"Páginas do Site";"727bf176-78a3-44a3-bbe5-957608f41be0";"/sites/Equipe.Obras/SitePages";"Nome";"BaseName";"Computed";"False";"True";"True";"";""
"Páginas do Site";"727bf176-78a3-44a3-bbe5-957608f41be0";"/sites/Equipe.Obras/SitePages";"Tamanho do Arquivo";"FileSizeDisplay";"Computed";"False";"False";"True";"";""
"Páginas do Site";"727bf176-78a3-44a3-bbe5-957608f41be0";"/sites/Equipe.Obras/SitePages";"Conjunto de Propriedades";"MetaInfo";"Lookup";"False";"True";"False";"";"MetaInfo"
"Páginas do Site";"727bf176-78a3-44a3-bbe5-957608f41be0";"/sites/Equipe.Obras/SitePages";"Nível";"_Level";"Integer";"False";"True";"True";"";""
"Páginas do Site";"727bf176-78a3-44a3-bbe5-957608f41be0";"/sites/Equipe.Obras/SitePages";"É a Versão Atual";"_IsCurrentVersion";"Boolean";"False";"True";"True";"";""
"Páginas do Site";"727bf176-78a3-44a3-bbe5-957608f41be0";"/sites/Equipe.Obras/SitePages";"Contagem de Itens Filhos";"ItemChildCount";"Lookup";"False";"False";"True";"";"ItemChildCount"
"Páginas do Site";"727bf176-78a3-44a3-bbe5-957608f41be0";"/sites/Equipe.Obras/SitePages";"Contagem de Elementos Filho da Pasta";"FolderChildCount";"Lookup";"False";"False";"True";"";"FolderChildCount"
"Páginas do Site";"727bf176-78a3-44a3-bbe5-957608f41be0";"/sites/Equipe.Obras/SitePages";"Restrito";"Restricted";"Lookup";"False";"True";"True";"";"Restricted"
"Páginas do Site";"727bf176-78a3-44a3-bbe5-957608f41be0";"/sites/Equipe.Obras/SitePages";"ID do Originador";"OriginatorId";"Lookup";"False";"True";"True";"";"OriginatorId"
"Páginas do Site";"727bf176-78a3-44a3-bbe5-957608f41be0";"/sites/Equipe.Obras/SitePages";"NãoExecutar";"NoExecute";"Lookup";"False";"True";"True";"";"DocFlags"
"Páginas do Site";"727bf176-78a3-44a3-bbe5-957608f41be0";"/sites/Equipe.Obras/SitePages";"Versão do Conteúdo";"ContentVersion";"Lookup";"False";"True";"True";"";"ContentVersion"
"Páginas do Site";"727bf176-78a3-44a3-bbe5-957608f41be0";"/sites/Equipe.Obras/SitePages";"Configuração do rótulo";"_ComplianceFlags";"Lookup";"False";"False";"True";"";"ComplianceFlags"
"Páginas do Site";"727bf176-78a3-44a3-bbe5-957608f41be0";"/sites/Equipe.Obras/SitePages";"Rótulo de retenção";"_ComplianceTag";"Lookup";"False";"False";"True";"";"ComplianceTag"
"Páginas do Site";"727bf176-78a3-44a3-bbe5-957608f41be0";"/sites/Equipe.Obras/SitePages";"Rótulo de retenção Aplicado";"_ComplianceTagWrittenTime";"Lookup";"False";"False";"True";"";"ComplianceTagWrittenTime"
"Páginas do Site";"727bf176-78a3-44a3-bbe5-957608f41be0";"/sites/Equipe.Obras/SitePages";"Rótulo aplicado por";"_ComplianceTagUserId";"Lookup";"False";"False";"True";"";"ComplianceTagUserId"
"Páginas do Site";"727bf176-78a3-44a3-bbe5-957608f41be0";"/sites/Equipe.Obras/SitePages";"O item é um Registro";"_IsRecord";"Computed";"False";"False";"True";"";""
"Páginas do Site";"727bf176-78a3-44a3-bbe5-957608f41be0";"/sites/Equipe.Obras/SitePages";"Número de Sequência de BLOB";"BSN";"Lookup";"False";"True";"True";"";"BSN"
"Páginas do Site";"727bf176-78a3-44a3-bbe5-957608f41be0";"/sites/Equipe.Obras/SitePages";"Listar Versão do Esquema";"_ListSchemaVersion";"Lookup";"False";"True";"True";"";"ListSchemaVersion"
"Páginas do Site";"727bf176-78a3-44a3-bbe5-957608f41be0";"/sites/Equipe.Obras/SitePages";"Sujo";"_Dirty";"Lookup";"False";"True";"True";"";"Dirty"
"Páginas do Site";"727bf176-78a3-44a3-bbe5-957608f41be0";"/sites/Equipe.Obras/SitePages";"É passível de análise";"_Parsable";"Lookup";"False";"True";"True";"";"DocFlags"
"Páginas do Site";"727bf176-78a3-44a3-bbe5-957608f41be0";"/sites/Equipe.Obras/SitePages";"StubFile";"_StubFile";"Lookup";"False";"True";"True";"";"DocFlags"
"Páginas do Site";"727bf176-78a3-44a3-bbe5-957608f41be0";"/sites/Equipe.Obras/SitePages";"HasEncryptedContent";"_HasEncryptedContent";"Lookup";"False";"True";"True";"";"DocFlags"
"Páginas do Site";"727bf176-78a3-44a3-bbe5-957608f41be0";"/sites/Equipe.Obras/SitePages";"HasUserDefinedProtection";"_HasUserDefinedProtection";"Lookup";"False";"True";"True";"";"DocFlags"
"Páginas do Site";"727bf176-78a3-44a3-bbe5-957608f41be0";"/sites/Equipe.Obras/SitePages";"Política de Acesso";"AccessPolicy";"Lookup";"False";"True";"True";"";"AccessPolicy"
"Páginas do Site";"727bf176-78a3-44a3-bbe5-957608f41be0";"/sites/Equipe.Obras/SitePages";"VirusStatus";"_VirusStatus";"Lookup";"False";"True";"True";"";"VirusStatus"
"Páginas do Site";"727bf176-78a3-44a3-bbe5-957608f41be0";"/sites/Equipe.Obras/SitePages";"VirusVendorID";"_VirusVendorID";"Lookup";"False";"True";"True";"";"VirusVendorID"
"Páginas do Site";"727bf176-78a3-44a3-bbe5-957608f41be0";"/sites/Equipe.Obras/SitePages";"VirusInfo";"_VirusInfo";"Lookup";"False";"True";"True";"";"VirusInfo"
"Páginas do Site";"727bf176-78a3-44a3-bbe5-957608f41be0";"/sites/Equipe.Obras/SitePages";"RansomwareAnomalyMetaInfo";"_RansomwareAnomalyMetaInfo";"Lookup";"False";"True";"True";"";"RansomwareAnomalyMetaInfo"
"Páginas do Site";"727bf176-78a3-44a3-bbe5-957608f41be0";"/sites/Equipe.Obras/SitePages";"Configurações de comentários";"_CommentFlags";"Lookup";"False";"True";"True";"";"CommentFlags"
"Páginas do Site";"727bf176-78a3-44a3-bbe5-957608f41be0";"/sites/Equipe.Obras/SitePages";"Contagem de comentário";"_CommentCount";"Lookup";"False";"False";"True";"";"CommentCount"
"Páginas do Site";"727bf176-78a3-44a3-bbe5-957608f41be0";"/sites/Equipe.Obras/SitePages";"Contagem de curtidas";"_LikeCount";"Lookup";"False";"False";"True";"";"LikeCount"
"Páginas do Site";"727bf176-78a3-44a3-bbe5-957608f41be0";"/sites/Equipe.Obras/SitePages";"ID do Modelo do Rights Management";"_RmsTemplateId";"Lookup";"False";"True";"True";"";"RmsTemplateId"
"Páginas do Site";"727bf176-78a3-44a3-bbe5-957608f41be0";"/sites/Equipe.Obras/SitePages";"ID do rótulo de confidencialidade";"_IpLabelId";"Lookup";"False";"True";"True";"";"IpLabelId"
"Páginas do Site";"727bf176-78a3-44a3-bbe5-957608f41be0";"/sites/Equipe.Obras/SitePages";"Confidencialidade";"_DisplayName";"Lookup";"False";"False";"True";"";"DisplayName"
"Páginas do Site";"727bf176-78a3-44a3-bbe5-957608f41be0";"/sites/Equipe.Obras/SitePages";"Método de Atribuição de Rótulo de Confidencialidade";"_IpLabelAssignmentMethod";"Lookup";"False";"True";"True";"";"IpLabelAssignmentMethod"
"Páginas do Site";"727bf176-78a3-44a3-bbe5-957608f41be0";"/sites/Equipe.Obras/SitePages";"Contagem de Montagem de A2OD";"A2ODMountCount";"Lookup";"False";"True";"True";"";"A2ODMountCount"
"Páginas do Site";"727bf176-78a3-44a3-bbe5-957608f41be0";"/sites/Equipe.Obras/SitePages";"Data de Validade";"_ExpirationDate";"Lookup";"False";"True";"True";"";"ExpirationDate"
"Páginas do Site";"727bf176-78a3-44a3-bbe5-957608f41be0";"/sites/Equipe.Obras/SitePages";"IpLabelHash";"_IpLabelHash";"Lookup";"False";"True";"True";"";"IpLabelHash"
"Páginas do Site";"727bf176-78a3-44a3-bbe5-957608f41be0";"/sites/Equipe.Obras/SitePages";"IpLabelPromotionCtagVersion";"_IpLabelPromotionCtagVersion";"Lookup";"False";"True";"True";"";"IpLabelPromotionCtagVersion"
"Páginas do Site";"727bf176-78a3-44a3-bbe5-957608f41be0";"/sites/Equipe.Obras/SitePages";"ID do Proprietário do Rascunho";"_DraftOwnerId";"Lookup";"False";"True";"True";"";"DraftOwnerId"
"Páginas do Site";"727bf176-78a3-44a3-bbe5-957608f41be0";"/sites/Equipe.Obras/SitePages";"Metadados do Rótulo de Confidencialidade";"_IpLabelMetaInfo";"Lookup";"False";"True";"True";"";"IpLabelMetaInfo"
"Páginas do Site";"727bf176-78a3-44a3-bbe5-957608f41be0";"/sites/Equipe.Obras/SitePages";"AdditionalStreamSize";"_AdditionalStreamSize";"Lookup";"False";"True";"True";"";"AdditionalStreamSize"
"Páginas do Site";"727bf176-78a3-44a3-bbe5-957608f41be0";"/sites/Equipe.Obras/SitePages";"StreamScenarioIds";"_StreamScenarioIds";"Lookup";"False";"True";"True";"";"StreamScenarioIds"
"Páginas do Site";"727bf176-78a3-44a3-bbe5-957608f41be0";"/sites/Equipe.Obras/SitePages";"Status de Arquivamento";"_FileArchiveStatus";"Lookup";"False";"True";"True";"";"FileArchiveStatus"
"Páginas do Site";"727bf176-78a3-44a3-bbe5-957608f41be0";"/sites/Equipe.Obras/SitePages";"Metadados do arquivo de mídia";"_ExtractedMetadata";"Lookup";"False";"True";"True";"";"ExtractedMetadata"
"Páginas do Site";"727bf176-78a3-44a3-bbe5-957608f41be0";"/sites/Equipe.Obras/SitePages";"Última Modificação do Estado do Arquivo";"_FileArchiveTimeLastModified";"Lookup";"False";"True";"True";"";"FileArchiveTimeLastModified"
"Páginas do Site";"727bf176-78a3-44a3-bbe5-957608f41be0";"/sites/Equipe.Obras/SitePages";"Configurações do Link principal";"MainLinkSettings";"Computed";"False";"True";"True";"";""
"Páginas do Site";"727bf176-78a3-44a3-bbe5-957608f41be0";"/sites/Equipe.Obras/SitePages";"Aplicativo Criado por";"AppAuthor";"Lookup";"False";"False";"True";"AppPrincipals";"Title"
"Páginas do Site";"727bf176-78a3-44a3-bbe5-957608f41be0";"/sites/Equipe.Obras/SitePages";"Aplicativo Modificado por";"AppEditor";"Lookup";"False";"False";"True";"AppPrincipals";"Title"
"Páginas do Site";"727bf176-78a3-44a3-bbe5-957608f41be0";"/sites/Equipe.Obras/SitePages";"Tamanho Total";"SMTotalSize";"Lookup";"False";"True";"True";"";"SMTotalSize"
"Páginas do Site";"727bf176-78a3-44a3-bbe5-957608f41be0";"/sites/Equipe.Obras/SitePages";"Data da Última Modificação";"SMLastModifiedDate";"Lookup";"False";"True";"True";"";"SMLastModifiedDate"
"Páginas do Site";"727bf176-78a3-44a3-bbe5-957608f41be0";"/sites/Equipe.Obras/SitePages";"Tamanho Total do Fluxo de Arquivos";"SMTotalFileStreamSize";"Lookup";"False";"True";"True";"";"SMTotalFileStreamSize"
"Páginas do Site";"727bf176-78a3-44a3-bbe5-957608f41be0";"/sites/Equipe.Obras/SitePages";"Contagem Total de Arquivos";"SMTotalFileCount";"Lookup";"False";"True";"True";"";"SMTotalFileCount"
"Páginas do Site";"727bf176-78a3-44a3-bbe5-957608f41be0";"/sites/Equipe.Obras/SitePages";"Selecionar";"SelectTitle";"Computed";"False";"True";"True";"";""
"Páginas do Site";"727bf176-78a3-44a3-bbe5-957608f41be0";"/sites/Equipe.Obras/SitePages";"Editar";"Edit";"Computed";"False";"False";"True";"";""
"Páginas do Site";"727bf176-78a3-44a3-bbe5-957608f41be0";"/sites/Equipe.Obras/SitePages";"owshiddenversion";"owshiddenversion";"Integer";"False";"True";"True";"";""
"Páginas do Site";"727bf176-78a3-44a3-bbe5-957608f41be0";"/sites/Equipe.Obras/SitePages";"Versão da UI";"_UIVersion";"Integer";"False";"True";"True";"";""
"Páginas do Site";"727bf176-78a3-44a3-bbe5-957608f41be0";"/sites/Equipe.Obras/SitePages";"Versão";"_UIVersionString";"Text";"False";"False";"True";"";""
"Páginas do Site";"727bf176-78a3-44a3-bbe5-957608f41be0";"/sites/Equipe.Obras/SitePages";"ID da Instância";"InstanceID";"Integer";"False";"True";"True";"";""
"Páginas do Site";"727bf176-78a3-44a3-bbe5-957608f41be0";"/sites/Equipe.Obras/SitePages";"Ordem";"Order";"Number";"False";"True";"False";"";""
"Páginas do Site";"727bf176-78a3-44a3-bbe5-957608f41be0";"/sites/Equipe.Obras/SitePages";"GUID";"GUID";"Guid";"False";"True";"True";"";""
"Páginas do Site";"727bf176-78a3-44a3-bbe5-957608f41be0";"/sites/Equipe.Obras/SitePages";"Versão do Fluxo de Trabalho";"WorkflowVersion";"Integer";"False";"True";"True";"";""
"Páginas do Site";"727bf176-78a3-44a3-bbe5-957608f41be0";"/sites/Equipe.Obras/SitePages";"ID da Instância do Fluxo de Trabalho";"WorkflowInstanceID";"Guid";"False";"True";"True";"";""
"Páginas do Site";"727bf176-78a3-44a3-bbe5-957608f41be0";"/sites/Equipe.Obras/SitePages";"Versão de Origem (Documento Convertido)";"ParentVersionString";"Lookup";"False";"False";"True";"";"ParentVersionString"
"Páginas do Site";"727bf176-78a3-44a3-bbe5-957608f41be0";"/sites/Equipe.Obras/SitePages";"Nome de Origem (Documento Convertido)";"ParentLeafName";"Lookup";"False";"False";"True";"";"ParentLeafName"
"Páginas do Site";"727bf176-78a3-44a3-bbe5-957608f41be0";"/sites/Equipe.Obras/SitePages";"Número de Simultaneidade de Documentos";"DocConcurrencyNumber";"Lookup";"False";"True";"True";"";"DocConcurrencyNumber"
"Páginas do Site";"727bf176-78a3-44a3-bbe5-957608f41be0";"/sites/Equipe.Obras/SitePages";"Hash de Fluxo do Documento";"StreamHash";"Lookup";"False";"True";"True";"";"StreamHash"
